composer,filename,tempo,num_notes,num_chords,avg_pitch,pitch_range,avg_duration,avg_velocity,note_density,pitch_class_0,pitch_class_1,pitch_class_2,pitch_class_3,pitch_class_4,pitch_class_5,pitch_class_6,pitch_class_7,pitch_class_8,pitch_class_9,pitch_class_10,pitch_class_11,pitch_entropy,pitch_class_variance,range_normalized,notes_per_chord,chord_density,velocity_variation,tempo_note_ratio,chromatic_ratio,relative_path,total_duration,num_midi_tracks,num_note_tracks,num_unique_programs,drum_track_count,has_drums,pitch_std,pitch_median,velocity_std,velocity_range,duration_std,duration_median,onset_interval_mean,onset_interval_std,max_polyphony,avg_polyphony,gm_piano_track_count,gm_chromatic_percussion_track_count,gm_organ_track_count,gm_guitar_track_count,gm_bass_track_count,gm_strings_track_count,gm_ensemble_track_count,gm_brass_track_count,gm_reed_track_count,gm_pipe_track_count,gm_synth_lead_track_count,gm_synth_pad_track_count,gm_synth_effects_track_count,gm_ethnic_track_count,gm_percussive_track_count,gm_sound_effects_track_count
Beethoven,Beethoven_WoO80_thema_8bars_11_1.mid,166.47398843930617,64,41,60.625,44.0,0.6376627604166666,79.609375,4.282726892513593,0.21875,0.0,0.078125,0.078125,0.0625,0.140625,0.0625,0.1875,0.09375,0.03125,0.015625,0.03125,2.1706239702831747,0.004204644097222223,0.7257731839047723,1.5238095238095237,0.6307692307692307,0.4753536697960175,2.5611382836816334,0.24999975000025002,new_midi_files\BigSynthPiano\midi\Beethoven_WoO80_thema_8bars_11_1.mid,14.94375,1,1,1,0,0,13.151164397117086,62.5,12.636278609993331,49.0,0.5948509022020783,0.19583333333333308,0.22028769841269843,0.35432734728196186,8,2.730935452390909,1,0,0,0,0,0,0,0,0,0,0,0,0,0,0,0
Beethoven,Beethoven_WoO80_thema_8bars_18_1.mid,142.75092936803,64,46,60.625,44.0,0.8242838541666665,69.875,3.212213101897841,0.21875,0.0,0.078125,0.078125,0.0625,0.140625,0.0625,0.1875,0.09375,0.03125,0.015625,0.03125,2.1706239702831747,0.004204644097222223,0.7257731839047723,1.3617021276595744,0.7076923076923077,0.48608381390778055,2.1961681441235386,0.24999975000025002,new_midi_files\BigSynthPiano\midi\Beethoven_WoO80_thema_8bars_18_1.mid,19.92395833333333,1,1,1,0,0,13.151164397117086,62.5,18.102572331025225,72.0,0.7931675840916104,0.26093749999999893,0.29563492063492064,0.496080101809679,8,2.647775396037016,1,0,0,0,0,0,0,0,0,0,0,0,0,0,0,0
Beethoven,Beethoven_WoO80_thema_8bars_1_1.mid,153.35463258785964,64,44,60.625,44.0,0.7445800781249998,71.390625,3.6028851228522845,0.21875,0.0,0.078125,0.078125,0.0625,0.140625,0.0625,0.1875,0.09375,0.03125,0.015625,0.03125,2.1706239702831747,0.004204644097222223,0.7257731839047723,1.4222222222222223,0.676923076923077,0.46251041386376274,2.359302039813225,0.24999975000025002,new_midi_files\BigSynthPiano\midi\Beethoven_WoO80_thema_8bars_1_1.mid,17.763541666666665,1,1,1,0,0,13.151164397117086,62.5,16.614768644473354,60.0,0.7473432304842569,0.14895833333333242,0.2656084656084656,0.43689475693150837,8,2.6826364862487533,1,0,0,0,0,0,0,0,0,0,0,0,0,0,0,0
Beethoven,Beethoven_WoO80_thema_8bars_22_1.mid,172.51965555971563,64,42,60.625,44.0,0.5995117187499999,80.171875,4.113275758184375,0.21875,0.0,0.078125,0.078125,0.0625,0.140625,0.0625,0.1875,0.09375,0.03125,0.015625,0.03125,2.1706239702831747,0.004204644097222223,0.7257731839047723,1.4883720930232558,0.6461538461538462,0.46203339178718794,2.6541485470725483,0.24999975000025002,new_midi_files\BigSynthPiano\midi\Beethoven_WoO80_thema_8bars_22_1.mid,15.559375,1,1,1,0,0,13.151164397117086,62.5,13.807328995297208,57.0,0.6075607610944758,0.09947916666666723,0.2300595238095238,0.37804816681272385,8,2.4659570194818223,1,0,0,0,0,0,0,0,0,0,0,0,0,0,0,0
Beethoven,Beethoven_WoO80_thema_8bars_24_1.mid,145.94594594594588,64,35,60.625,44.0,0.6110514322916666,82.265625,4.24485283957441,0.21875,0.0,0.078125,0.078125,0.0625,0.140625,0.0625,0.1875,0.09375,0.03125,0.015625,0.03125,2.1706239702831747,0.004204644097222223,0.7257731839047723,1.7777777777777777,0.5384615384615384,0.5598359619275338,2.245322245322244,0.24999975000025002,new_midi_files\BigSynthPiano\midi\Beethoven_WoO80_thema_8bars_24_1.mid,15.077083333333333,1,1,1,0,0,13.151164397117086,62.5,15.623742136868971,66.0,0.6204003001527233,0.07708333333333339,0.22271825396825398,0.3753151167725488,8,2.5938234074892916,1,0,0,0,0,0,0,0,0,0,0,0,0,0,0,0
Beethoven,Beethoven_WoO80_thema_8bars_26_1.mid,136.2104640851312,64,42,60.609375,44.0,0.709423828125,77.53125,3.6139050644079758,0.21875,0.0,0.078125,0.078125,0.0625,0.15625,0.046875,0.1875,0.09375,0.03125,0.015625,0.03125,2.154975702231001,0.004448784722222223,0.7259602870684563,1.4883720930232558,0.6461538461538462,0.5650534783695237,2.095545601309711,0.2343747656252344,new_midi_files\BigSynthPiano\midi\Beethoven_WoO80_thema_8bars_26_1.mid,17.709375,1,1,1,0,0,13.131090476779718,62.5,16.507544439967443,74.0,0.6594194665411723,0.18906249999999947,0.26317791005291,0.4380453406554243,8,2.5637903652726317,1,0,0,0,0,0,0,0,0,0,0,0,0,0,0,0
Beethoven,Beethoven_WoO80_thema_8bars_2_1.mid,203.98406374501943,64,39,60.625,44.0,0.5767740885416667,77.59375,3.6601930179911832,0.21875,0.0,0.078125,0.078125,0.0625,0.140625,0.0625,0.1875,0.09375,0.03125,0.015625,0.03125,2.1706239702831747,0.004204644097222223,0.7257731839047723,1.6,0.6,0.3785355240908835,3.1382163653079913,0.24999975000025002,new_midi_files\BigSynthPiano\midi\Beethoven_WoO80_thema_8bars_2_1.mid,17.485416666666666,1,1,1,0,0,13.151164397117086,62.5,14.317514132610452,62.0,0.5336667506293145,0.15937499999999982,0.2533068783068783,0.43195419509369065,8,2.1111044918384367,1,0,0,0,0,0,0,0,0,0,0,0,0,0,0,0
Beethoven,Beethoven_WoO80_thema_8bars_3_1.mid,169.8113207547169,65,40,60.90769230769231,44.0,0.7441666666666668,76.73846153846154,3.8461538461538463,0.2153846153846154,0.0,0.07692307692307693,0.07692307692307693,0.06153846153846154,0.13846153846153847,0.06153846153846154,0.2,0.09230769230769231,0.03076923076923077,0.015384615384615385,0.03076923076923077,2.1624788839324998,0.0043573307034845505,0.7224046357776456,1.5853658536585367,0.6060606060606061,0.4492586392950915,2.5728987993138923,0.2461536000002462,new_midi_files\BigSynthPiano\midi\Beethoven_WoO80_thema_8bars_3_1.mid,16.9,1,1,1,0,0,13.244125637629892,65.0,16.98893479078202,86.0,0.7581906476780728,0.125,0.24697265625,0.4141532967940433,8,2.862179487179487,1,0,0,0,0,0,0,0,0,0,0,0,0,0,0,0
Beethoven,Beethoven_WoO80_thema_8bars_7_1.mid,148.8372093023258,64,39,60.625,44.0,0.7444173177083333,80.3125,3.7472554281532084,0.21875,0.0,0.078125,0.078125,0.0625,0.140625,0.0625,0.1875,0.09375,0.03125,0.015625,0.03125,2.1706239702831747,0.004204644097222223,0.7257731839047723,1.6,0.6,0.5359983703243824,2.289803220035781,0.24999975000025002,new_midi_files\BigSynthPiano\midi\Beethoven_WoO80_thema_8bars_7_1.mid,17.079166666666666,1,1,1,0,0,13.151164397117086,62.5,14.213632320768678,77.0,0.7510135694760246,0.13124999999999964,0.25353835978835976,0.42146756893959997,8,2.7895218345938027,1,0,0,0,0,0,0,0,0,0,0,0,0,0,0,0
Beethoven,Beethoven_WoO80_thema_8bars_Score2_1.mid,128.00000000000003,64,40,60.625,44.0,0.7253124999999999,90.65625,4.588224751321803,0.21875,0.0,0.078125,0.078125,0.0625,0.140625,0.0625,0.1875,0.09375,0.03125,0.015625,0.03125,2.1706239702831747,0.004204644097222223,0.7257731839047723,1.5609756097560976,0.6153846153846154,0.7027616279069766,1.9692307692307696,0.24999975000025002,new_midi_files\BigSynthPiano\midi\Beethoven_WoO80_thema_8bars_Score2_1.mid,13.94875,2,2,1,0,0,13.151164397117086,62.5,18.670848559653095,63.0,0.6956610081650759,0.14875000000000083,0.21904761904761905,0.3577962277464216,8,3.3278967649430955,2,0,0,0,0,0,0,0,0,0,0,0,0,0,0,0
Beethoven,Beethoven_WoO80_var10_8bars_11_8.mid,202.34192037470672,257,108,56.505836575875485,61.0,0.09656290531776915,74.07782101167315,15.977205025255795,0.17509727626459143,0.007782101167315175,0.14396887159533073,0.0622568093385214,0.04669260700389105,0.10116731517509728,0.05058365758754864,0.14785992217898833,0.038910505836575876,0.0933852140077821,0.023346303501945526,0.10894941634241245,2.2801853435452575,0.002622947441377697,1.0795344802754194,2.3577981651376145,0.4186046511627907,0.3643017675606035,0.7842710092042896,0.18287919455271207,new_midi_files\BigSynthPiano\midi\Beethoven_WoO80_var10_8bars_11_8.mid,16.085416666666667,1,1,1,0,0,14.367635653134801,55.0,11.074990857303854,67.0,0.07668498115152249,0.08125000000000071,0.06158854166666667,0.03440876853041268,7,1.5428053360963598,1,0,0,0,0,0,0,0,0,0,0,0,0,0,0,0
Beethoven,Beethoven_WoO80_var10_8bars_18_8.mid,195.79728059332513,257,116,56.463035019455255,61.0,0.1306055447470817,79.5136186770428,15.549253166950274,0.17120622568093385,0.007782101167315175,0.14785992217898833,0.06614785992217899,0.042801556420233464,0.10116731517509728,0.04669260700389105,0.1556420233463035,0.038910505836575876,0.08949416342412451,0.019455252918287938,0.11284046692607004,2.2666405129400546,0.0027819203251458094,1.0803528166459462,2.1965811965811968,0.4496124031007752,0.4040381982785371,0.7589041883462214,0.17898814786010114,new_midi_files\BigSynthPiano\midi\Beethoven_WoO80_var10_8bars_18_8.mid,16.528125,1,1,1,0,0,14.275485617706382,55.0,11.356994850811688,86.0,0.12155228675013315,0.09687499999999982,0.06244710286458334,0.035335692935329385,6,2.030818680279828,1,0,0,0,0,0,0,0,0,0,0,0,0,0,0,0
Beethoven,Beethoven_WoO80_var10_8bars_1_8.mid,212.43414120126445,259,110,56.97683397683398,61.0,0.09236647361647364,74.04633204633204,17.377690802348337,0.17374517374517376,0.011583011583011582,0.14285714285714285,0.05791505791505792,0.04633204633204633,0.10038610038610038,0.05791505791505792,0.14671814671814673,0.04633204633204633,0.0888030888030888,0.019305019305019305,0.10810810810810811,2.292415148505079,0.0024956354589559227,1.070610538911152,2.3333333333333335,0.4230769230769231,0.34692824507634756,0.8170543892356326,0.19305000000019304,new_midi_files\BigSynthPiano\midi\Beethoven_WoO80_var10_8bars_1_8.mid,14.904166666666667,1,1,1,0,0,14.564178433787495,57.0,13.835972924871461,94.0,0.09741816304719553,0.06770833333333393,0.0573078165374677,0.03489350948144779,6,1.6051160190103435,1,0,0,0,0,0,0,0,0,0,0,0,0,0,0,0
Beethoven,Beethoven_WoO80_var10_8bars_24_8.mid,183.05084745762716,255,118,56.384313725490195,61.0,0.09954248366013063,82.45490196078431,14.94140625,0.17254901960784313,0.00784313725490196,0.1450980392156863,0.06666666666666667,0.043137254901960784,0.10588235294117647,0.043137254901960784,0.15294117647058825,0.043137254901960784,0.09019607843137255,0.0196078431372549,0.10980392156862745,2.270198625136185,0.0027300397283096245,1.0818611576106139,2.142857142857143,0.4609375,0.4480006644890205,0.7150423728813561,0.1803919764707686,new_midi_files\BigSynthPiano\midi\Beethoven_WoO80_var10_8bars_24_8.mid,17.066666666666666,1,1,1,0,0,14.25239398602736,55.0,8.593027582267148,47.0,0.09016797010545477,0.07916666666666661,0.06657234251968502,0.037686301161923494,6,1.487304687499999,1,0,0,0,0,0,0,0,0,0,0,0,0,0,0,0
Beethoven,Beethoven_WoO80_var10_8bars_26_8.mid,187.01298701298708,255,123,56.36078431372549,61.0,0.10893382352941172,80.09803921568627,13.738144677030135,0.17647058823529413,0.00784313725490196,0.1450980392156863,0.06274509803921569,0.047058823529411764,0.10196078431372549,0.047058823529411764,0.15294117647058825,0.0392156862745098,0.09019607843137255,0.0196078431372549,0.10980392156862745,2.269225127163382,0.0027659233628091764,1.0823128113004616,2.056451612903226,0.48046875,0.4260239704087753,0.7305194805194808,0.17647041176488235,new_midi_files\BigSynthPiano\midi\Beethoven_WoO80_var10_8bars_26_8.mid,18.561458333333334,1,1,1,0,0,14.259885850976898,55.0,10.755855499581328,51.0,0.10339691611199023,0.08854166666666607,0.07180118110236221,0.03977049899697657,6,1.496548627869128,1,0,0,0,0,0,0,0,0,0,0,0,0,0,0,0
Beethoven,Beethoven_WoO80_var10_8bars_7_8.mid,193.6134453781511,259,118,56.432432432432435,61.0,0.099300193050193,82.27799227799228,14.777130631166052,0.1776061776061776,0.007722007722007722,0.14671814671814673,0.06177606177606178,0.05019305019305019,0.10038610038610038,0.04633204633204633,0.15057915057915058,0.03861003861003861,0.0888030888030888,0.023166023166023165,0.10810810810810811,2.2748179103577195,0.0027192457211762232,1.080938678163443,2.176470588235294,0.45384615384615384,0.4227765050771229,0.7446670976082735,0.17760600000017762,new_midi_files\BigSynthPiano\midi\Beethoven_WoO80_var10_8bars_7_8.mid,17.527083333333334,1,1,1,0,0,14.332721367740328,55.0,9.67263076574529,78.0,0.10241192355897734,0.078125,0.06654554263565893,0.037291294023898684,5,1.46737192440271,1,0,0,0,0,0,0,0,0,0,0,0,0,0,0,0
Beethoven,Beethoven_WoO80_var12_8bars_11_9.mid,108.64995957962816,66,68,53.78787878787879,40.0,0.9208806818181816,53.56060606060606,3.378299120234604,0.13636363636363635,0.030303030303030304,0.12121212121212122,0.030303030303030304,0.10606060606060606,0.09090909090909091,0.07575757575757576,0.21212121212121213,0.0,0.13636363636363635,0.015151515151515152,0.045454545454545456,2.1954135233936363,0.003577441077441077,0.743661958005158,0.9565217391304348,1.0149253731343284,0.4884689995869098,1.6216411877556443,0.1515150000001515,new_midi_files\BigSynthPiano\midi\Beethoven_WoO80_var12_8bars_11_9.mid,19.536458333333332,1,1,1,0,0,11.048810646969219,56.0,13.4075157438121,66.0,0.6294042378283565,0.8312499999999989,0.2845032051282051,0.3438889340296668,6,3.111010397227405,1,0,0,0,0,0,0,0,0,0,0,0,0,0,0,0
Beethoven,Beethoven_WoO80_var12_8bars_14_9.mid,79.61299239806495,66,76,53.92424242424242,42.0,1.2297190656565653,68.12121212121212,2.548775091516151,0.13636363636363635,0.030303030303030304,0.10606060606060606,0.030303030303030304,0.10606060606060606,0.09090909090909091,0.07575757575757576,0.21212121212121213,0.0,0.13636363636363635,0.015151515151515152,0.06060606060606061,2.2070017159921176,0.0034243954698500154,0.7788704547891403,0.8571428571428571,1.1343283582089552,0.8450401119565352,1.1882536178815664,0.1515150000001515,new_midi_files\BigSynthPiano\midi\Beethoven_WoO80_var12_8bars_14_9.mid,25.894791666666666,1,1,1,0,0,11.203774534504804,56.0,14.397511518477822,58.0,0.8676543369435863,1.0473958333333337,0.3907051282051282,0.47433778863813036,6,3.1342773241079676,1,0,0,0,0,0,0,0,0,0,0,0,0,0,0,0
Beethoven,Beethoven_WoO80_var12_8bars_18_9.mid,78.55973813420626,68,81,53.80882352941177,42.0,1.3549479166666665,51.13235294117647,2.4378220927627154,0.14705882352941177,0.029411764705882353,0.10294117647058823,0.029411764705882353,0.11764705882352941,0.08823529411764706,0.07352941176470588,0.20588235294117646,0.0,0.1323529411764706,0.014705882352941176,0.058823529411764705,2.2030357824607427,0.003436178392925798,0.780541116950862,0.8292682926829268,1.173913043478261,0.6426913177482217,1.13854692948125,0.1470586764707353,new_midi_files\BigSynthPiano\midi\Beethoven_WoO80_var12_8bars_18_9.mid,27.89375,1,1,1,0,0,11.062997882370254,55.0,13.586221839622395,60.0,0.9139344582928778,1.2578125000000013,0.41330845771144276,0.5351049295290857,6,3.3031219657928164,1,0,0,0,0,0,0,0,0,0,0,0,0,0,0,0
Beethoven,Beethoven_WoO80_var12_8bars_19_9.mid,95.4274353876739,66,80,53.92424242424242,42.0,0.8807133838383838,48.21212121212121,2.8060230292294066,0.13636363636363635,0.030303030303030304,0.10606060606060606,0.030303030303030304,0.10606060606060606,0.09090909090909091,0.07575757575757576,0.21212121212121213,0.0,0.13636363636363635,0.015151515151515152,0.06060606060606061,2.2070017159921176,0.0034243954698500154,0.7788704547891403,0.8148148148148148,1.1940298507462686,0.49998344369826575,1.4242900804130432,0.1515150000001515,new_midi_files\BigSynthPiano\midi\Beethoven_WoO80_var12_8bars_19_9.mid,23.520833333333332,1,1,1,0,0,11.203774534504804,56.0,11.914487172823186,51.0,0.7515260989163571,0.5916666666666663,0.35870192307692306,0.4550466888222064,6,2.471302037201062,1,0,0,0,0,0,0,0,0,0,0,0,0,0,0,0
Beethoven,Beethoven_WoO80_var12_8bars_1_9.mid,95.8402662229618,67,85,54.014925373134325,42.0,1.1603389303482585,44.149253731343286,2.777681810329936,0.14925373134328357,0.029850746268656716,0.1044776119402985,0.029850746268656716,0.1044776119402985,0.08955223880597014,0.07462686567164178,0.208955223880597,0.0,0.13432835820895522,0.014925373134328358,0.05970149253731343,2.2031115827734515,0.003469901735105566,0.7775628482739125,0.7790697674418605,1.25,0.45589769063310415,1.4094156797494382,0.1492535820897015,new_midi_files\BigSynthPiano\midi\Beethoven_WoO80_var12_8bars_1_9.mid,24.120833333333334,1,1,1,0,0,11.144227522981712,57.0,12.189123768715012,67.0,0.8435856880699649,1.0385416666666671,0.3626578282828283,0.45604500211708676,6,3.223052340646053,1,0,0,0,0,0,0,0,0,0,0,0,0,0,0,0
Beethoven,Beethoven_WoO80_var12_8bars_24_9.mid,103.04114490160998,66,88,53.81818181818182,42.0,1.0537563131313128,55.45454545454545,3.405536146197259,0.13636363636363635,0.030303030303030304,0.09090909090909091,0.030303030303030304,0.10606060606060606,0.09090909090909091,0.07575757575757576,0.22727272727272727,0.0,0.13636363636363635,0.015151515151515152,0.06060606060606061,2.1948329860857485,0.003730486685032139,0.7804053909046296,0.7415730337078652,1.3134328358208955,0.5330059132566055,1.5379275358449251,0.1515150000001515,new_midi_files\BigSynthPiano\midi\Beethoven_WoO80_var12_8bars_24_9.mid,19.380208333333332,1,1,1,0,0,11.159870058585714,55.0,14.562490024116045,63.0,0.6807916582142197,0.8635416666666664,0.29426282051282054,0.3521880118189258,7,3.588605213652241,1,0,0,0,0,0,0,0,0,0,0,0,0,0,0,0
Beethoven,Beethoven_WoO80_var12_8bars_26_9.mid,91.1032028469751,66,65,53.92424242424242,42.0,0.9937342171717173,55.22727272727273,2.744163887565507,0.13636363636363635,0.030303030303030304,0.10606060606060606,0.030303030303030304,0.10606060606060606,0.09090909090909091,0.07575757575757576,0.21212121212121213,0.0,0.13636363636363635,0.015151515151515152,0.06060606060606061,2.2070017159921176,0.0034243954698500154,0.7788704547891403,1.0,0.9701492537313433,0.599623802649188,1.359749296223509,0.1515150000001515,new_midi_files\BigSynthPiano\midi\Beethoven_WoO80_var12_8bars_26_9.mid,24.051041666666666,1,1,1,0,0,11.203774534504804,56.0,14.027889379403137,55.0,0.76391286031368,0.9406250000000007,0.3604807692307692,0.4368659506892596,6,2.7269695526008046,1,0,0,0,0,0,0,0,0,0,0,0,0,0,0,0
Beethoven,Beethoven_WoO80_var12_8bars_2_9.mid,97.75137887144678,64,84,53.421875,40.0,1.2036295572916669,54.1875,3.0185712881988795,0.140625,0.03125,0.109375,0.03125,0.109375,0.09375,0.078125,0.21875,0.0,0.125,0.015625,0.046875,2.1984726103173933,0.0035942925347222225,0.7487569324596538,0.7529411764705882,1.2923076923076924,0.5487265152068466,1.5038673672530274,0.15624984375015627,new_midi_files\BigSynthPiano\midi\Beethoven_WoO80_var12_8bars_2_9.mid,21.202083333333334,1,1,1,0,0,11.003983209927894,55.0,16.262375095600273,64.0,0.691457227801996,1.098437500000001,0.32913359788359786,0.4095190497169316,7,3.633241623268152,1,0,0,0,0,0,0,0,0,0,0,0,0,0,0,0
Beethoven,Beethoven_WoO80_var12_8bars_4_9.mid,98.66392600205532,66,80,53.92424242424242,42.0,1.0148042929292926,51.15151515151515,2.8700851603551367,0.13636363636363635,0.030303030303030304,0.10606060606060606,0.030303030303030304,0.10606060606060606,0.09090909090909091,0.07575757575757576,0.21212121212121213,0.0,0.13636363636363635,0.015151515151515152,0.06060606060606061,2.2070017159921176,0.0034243954698500154,0.7788704547891403,0.8148148148148148,1.1940298507462686,0.5132400177618959,1.4725959104784376,0.1515150000001515,new_midi_files\BigSynthPiano\midi\Beethoven_WoO80_var12_8bars_4_9.mid,22.995833333333334,1,1,1,0,0,11.203774534504804,56.0,14.27568649757493,64.0,0.6580890666088873,0.9848958333333337,0.3391826923076923,0.4101922745090365,6,2.912574741801049,1,0,0,0,0,0,0,0,0,0,0,0,0,0,0,0
Beethoven,Beethoven_WoO80_var12_8bars_Score2_9.mid,82.10525631579002,66,40,53.92424242424242,42.0,1.3851691130997472,66.51515151515152,2.9809777764266685,0.13636363636363635,0.030303030303030304,0.10606060606060606,0.030303030303030304,0.10606060606060606,0.09090909090909091,0.07575757575757576,0.21212121212121213,0.0,0.13636363636363635,0.015151515151515152,0.06060606060606061,2.2070017159921176,0.0034243954698500154,0.7788704547891403,1.6097560975609757,0.5970149253731343,0.8003723767170865,1.225451586802836,0.1515150000001515,new_midi_files\BigSynthPiano\midi\Beethoven_WoO80_var12_8bars_Score2_9.mid,22.140386460416668,2,2,1,0,0,11.203774534504804,56.0,26.48855809260912,63.0,0.8384331229151656,0.9211539229166665,0.3372781346153846,0.4247020906259017,6,4.129158342742985,2,0,0,0,0,0,0,0,0,0,0,0,0,0,0,0
Beethoven,Beethoven_WoO80_var15_8bars_11_10.mid,251.11716621253413,170,145,62.15882352941176,58.0,0.21310049019607838,63.77058823529412,8.783638320775026,0.10588235294117647,0.023529411764705882,0.10588235294117647,0.029411764705882353,0.11764705882352941,0.11176470588235295,0.041176470588235294,0.18823529411764706,0.0,0.15294117647058825,0.03529411764705882,0.08823529411764706,2.229260341006203,0.0030324875048058438,0.9330935782506002,1.1643835616438356,0.847953216374269,0.2529402864283175,1.4685214398393809,0.12941163529424704,new_midi_files\BigSynthPiano\midi\Beethoven_WoO80_var15_8bars_11_10.mid,19.354166666666668,1,1,1,0,0,15.254837567281804,63.5,14.154203894577517,67.0,0.17049601864303363,0.14635416666666634,0.11068170611439843,0.11536981462151975,5,1.8717976318622176,1,0,0,0,0,0,0,0,0,0,0,0,0,0,0,0
Beethoven,Beethoven_WoO80_var15_8bars_18_10.mid,220.7954000958313,170,141,62.17058823529412,58.0,0.24186887254901973,59.59411764705882,7.60165820485351,0.10588235294117647,0.023529411764705882,0.10588235294117647,0.029411764705882353,0.11764705882352941,0.11176470588235295,0.041176470588235294,0.18235294117647058,0.0,0.1588235294117647,0.03529411764705882,0.08823529411764706,2.2302771654590035,0.0030036524413687045,0.9329170064721458,1.1971830985915493,0.8245614035087719,0.26868960141332937,1.2912011701510602,0.12941163529424704,new_midi_files\BigSynthPiano\midi\Beethoven_WoO80_var15_8bars_18_10.mid,22.363541666666666,1,1,1,0,0,15.24082229933351,63.5,16.857010082672897,96.0,0.20290445848757824,0.16614583333333233,0.12554857001972386,0.13249464953598664,5,1.8386044995109243,1,0,0,0,0,0,0,0,0,0,0,0,0,0,0,0
Beethoven,Beethoven_WoO80_var15_8bars_22_10.mid,239.8236590742101,168,154,61.88690476190476,58.0,0.23484002976190488,59.20238095238095,9.470902577955252,0.10714285714285714,0.023809523809523808,0.10714285714285714,0.02976190476190476,0.11904761904761904,0.1130952380952381,0.041666666666666664,0.17857142857142858,0.0,0.15476190476190477,0.03571428571428571,0.08928571428571429,2.2356077360376387,0.0029053287981859414,0.9371934060355399,1.0838709677419356,0.9112426035502958,0.2458329101881874,1.4190749057645569,0.13095225000013094,new_midi_files\BigSynthPiano\midi\Beethoven_WoO80_var15_8bars_22_10.mid,17.738541666666666,1,1,1,0,0,15.125044508095904,62.5,15.68421997537103,72.0,0.16290358817785236,0.21093750000000044,0.10291292415169662,0.0993441134966873,6,2.224147043279115,1,0,0,0,0,0,0,0,0,0,0,0,0,0,0,0
Beethoven,Beethoven_WoO80_var15_8bars_24_10.mid,246.1538461538458,169,155,61.976331360946745,58.0,0.2694711538461538,61.85207100591716,8.788732394366196,0.10650887573964497,0.023668639053254437,0.10650887573964497,0.029585798816568046,0.11834319526627218,0.11834319526627218,0.04142011834319527,0.17751479289940827,0.0,0.15384615384615385,0.03550295857988166,0.08875739644970414,2.235140408689006,0.0029028998362179976,0.9358411153182025,1.0833333333333333,0.9117647058823529,0.2502573679044271,1.4479638009049753,0.1301773846155148,new_midi_files\BigSynthPiano\midi\Beethoven_WoO80_var15_8bars_24_10.mid,19.229166666666668,1,1,1,0,0,15.124709459861684,63.0,16.431551006889144,88.0,0.20765817620781657,0.26354166666666656,0.11274181547619046,0.12373569928483713,5,2.3683098591549276,1,0,0,0,0,0,0,0,0,0,0,0,0,0,0,0
Beethoven,Beethoven_WoO80_var15_8bars_26_10.mid,234.037613187834,168,140,61.88690476190476,58.0,0.2274305555555556,64.5,8.303130148270181,0.10714285714285714,0.023809523809523808,0.10714285714285714,0.02976190476190476,0.11904761904761904,0.1130952380952381,0.041666666666666664,0.17857142857142858,0.0,0.15476190476190477,0.03571428571428571,0.08928571428571429,2.2356077360376387,0.0029053287981859414,0.9371934060355399,1.1914893617021276,0.8284023668639053,0.27442416184023194,1.384837947857006,0.13095225000013094,new_midi_files\BigSynthPiano\midi\Beethoven_WoO80_var15_8bars_26_10.mid,20.233333333333334,1,1,1,0,0,15.125044508095904,62.5,13.516744465749916,61.0,0.17166886036909976,0.15260416666666732,0.11773952095808383,0.1312118477893775,5,1.8883855024711693,1,0,0,0,0,0,0,0,0,0,0,0,0,0,0,0
Beethoven,Beethoven_WoO80_var15_8bars_3_10.mid,256.12306213195524,170,130,62.247058823529414,58.0,0.21868872549019605,61.3,9.316131978536363,0.10588235294117647,0.023529411764705882,0.11176470588235295,0.029411764705882353,0.11764705882352941,0.11176470588235295,0.041176470588235294,0.18823529411764706,0.0,0.15294117647058825,0.03529411764705882,0.08235294117647059,2.2278268200645113,0.0030555555555555557,0.9317709168020171,1.297709923664122,0.7602339181286549,0.2384072416209049,1.4977956849821943,0.12941163529424704,new_midi_files\BigSynthPiano\midi\Beethoven_WoO80_var15_8bars_3_10.mid,18.247916666666665,1,1,1,0,0,15.279671910823943,64.0,16.31450094782156,79.0,0.14004335530077278,0.22239583333333268,0.10396942800788954,0.10924563063898556,5,2.0373330288845763,1,0,0,0,0,0,0,0,0,0,0,0,0,0,0,0
Beethoven,Beethoven_WoO80_var15_8bars_4_10.mid,259.02192242833047,168,130,61.88690476190476,58.0,0.19343998015873012,61.916666666666664,9.775730391562615,0.10714285714285714,0.023809523809523808,0.10714285714285714,0.02976190476190476,0.11904761904761904,0.1130952380952381,0.041666666666666664,0.17857142857142858,0.0,0.15476190476190477,0.03571428571428571,0.08928571428571429,2.2356077360376387,0.0029053287981859414,0.9371934060355399,1.282442748091603,0.7692307692307693,0.23812094798942454,1.532674097209056,0.13095225000013094,new_midi_files\BigSynthPiano\midi\Beethoven_WoO80_var15_8bars_4_10.mid,17.185416666666665,1,1,1,0,0,15.125044508095904,62.5,15.383361708687652,78.0,0.12989896578992943,0.18072916666666683,0.10132235528942116,0.10819808877200048,5,1.8910170929809669,1,0,0,0,0,0,0,0,0,0,0,0,0,0,0,0
Beethoven,Beethoven_WoO80_var15_8bars_Score2_10.mid,255.00012750006377,170,86,62.129411764705885,58.0,0.2918164630882353,80.0,10.035598385279009,0.1,0.023529411764705882,0.10588235294117647,0.029411764705882353,0.11764705882352941,0.11176470588235295,0.041176470588235294,0.2,0.0,0.1411764705882353,0.03529411764705882,0.09411764705882353,2.2267068549283495,0.003113225682429835,0.9335353002555387,1.9540229885057472,0.5029239766081871,0.3124998443603513,1.4912288157898466,0.12941163529424704,new_midi_files\BigSynthPiano\midi\Beethoven_WoO80_var15_8bars_Score2_10.mid,16.9396974125,2,2,1,0,0,15.288433332805107,63.5,0.0,0.0,0.11127789713332609,0.2338234124999996,0.09885132544378697,0.11613586537748329,5,2.9285528257661233,2,0,0,0,0,0,0,0,0,0,0,0,0,0,0,0
Beethoven,Beethoven_WoO80_var17_8bars_11_11.mid,188.7905604719761,173,146,67.35260115606937,55.0,0.22616811175337187,53.994219653179194,10.131153541145611,0.17341040462427745,0.04046242774566474,0.1676300578034682,0.09826589595375723,0.017341040462427744,0.09826589595375723,0.005780346820809248,0.1907514450867052,0.028901734104046242,0.06358381502890173,0.028901734104046242,0.08670520231213873,2.1971604267224256,0.003811567004874499,0.8165979968012828,1.1768707482993197,0.8390804597701149,0.2844937046337023,1.085003221103311,0.2023119364163873,new_midi_files\BigSynthPiano\midi\Beethoven_WoO80_var17_8bars_11_11.mid,17.076041666666665,1,1,1,0,0,12.433288184695876,67.0,11.988191256122459,54.0,0.2290003454031558,0.15625,0.09723837209302326,0.08124662514138929,7,2.291343866284391,1,0,0,0,0,0,0,0,0,0,0,0,0,0,0,0
Beethoven,Beethoven_WoO80_var17_8bars_14_11.mid,232.31661204940738,170,182,67.31764705882352,55.0,0.4030392156862743,49.94117647058823,5.99977941987427,0.17647058823529413,0.029411764705882353,0.16470588235294117,0.1,0.01764705882352941,0.1,0.0058823529411764705,0.19411764705882353,0.029411764705882353,0.06470588235294118,0.029411764705882353,0.08823529411764706,2.185876920843988,0.003960976547481738,0.8170220081358144,0.9289617486338798,1.064327485380117,0.21404895275957733,1.3585766786515052,0.19411745294137064,new_midi_files\BigSynthPiano\midi\Beethoven_WoO80_var17_8bars_14_11.mid,28.334374999999998,1,1,1,0,0,12.520770287059614,67.0,14.877027645235234,73.0,0.4168694424403897,0.25,0.15775394477317553,0.1420422844278105,6,2.4181463916767747,1,0,0,0,0,0,0,0,0,0,0,0,0,0,0,0
Beethoven,Beethoven_WoO80_var17_8bars_19_11.mid,200.8810572687224,173,153,67.38728323699422,55.0,0.21555274566473992,55.63583815028902,9.38729369206421,0.1791907514450867,0.028901734104046242,0.1676300578034682,0.09826589595375723,0.017341040462427744,0.09826589595375723,0.005780346820809248,0.19653179190751446,0.023121387283236993,0.06936416184971098,0.028901734104046242,0.08670520231213873,2.1723336729937124,0.004140122363668089,0.8161777199177608,1.1233766233766234,0.8793103448275862,0.27558721409028764,1.154488834877715,0.18497091329498264,new_midi_files\BigSynthPiano\midi\Beethoven_WoO80_var17_8bars_19_11.mid,18.429166666666667,1,1,1,0,0,12.47217759681452,67.0,15.227382128719167,62.0,0.2135436076505797,0.1552083333333334,0.10345203488372094,0.08642961802898205,6,2.023456929685734,1,0,0,0,0,0,0,0,0,0,0,0,0,0,0,0
Beethoven,Beethoven_WoO80_var17_8bars_1_11.mid,194.4303797468355,168,176,67.5297619047619,55.0,0.29717881944444435,46.779761904761905,7.814710727783701,0.16666666666666666,0.041666666666666664,0.17261904761904762,0.09523809523809523,0.017857142857142856,0.10714285714285714,0.005952380952380952,0.17857142857142858,0.02976190476190476,0.06547619047619048,0.02976190476190476,0.08928571428571429,2.2109489420500608,0.0035667044595616023,0.8144556952993781,0.9491525423728814,1.0414201183431953,0.23936791181269443,1.1504756198037605,0.2023807500002024,new_midi_files\BigSynthPiano\midi\Beethoven_WoO80_var17_8bars_1_11.mid,21.497916666666665,1,1,1,0,0,12.703545434640573,67.0,15.028316762206453,83.0,0.3505763718517067,0.19010416666666785,0.12003493013972057,0.10718093561369511,6,2.3223665083825957,1,0,0,0,0,0,0,0,0,0,0,0,0,0,0,0
Beethoven,Beethoven_WoO80_var17_8bars_22_11.mid,187.70552510739168,171,189,67.3157894736842,55.0,0.3576449805068226,57.45029239766082,7.958500993843022,0.18128654970760233,0.029239766081871343,0.1695906432748538,0.09941520467836257,0.017543859649122806,0.09941520467836257,0.005847953216374269,0.1871345029239766,0.029239766081871343,0.06432748538011696,0.029239766081871343,0.08771929824561403,2.183926762400753,0.00398484433956887,0.8170445539297526,0.9,1.0988372093023255,0.3044441457925837,1.0913111924848353,0.19298226315808772,new_midi_files\BigSynthPiano\midi\Beethoven_WoO80_var17_8bars_22_11.mid,21.48645833333333,1,1,1,0,0,12.507061717197367,67.0,17.564971702472384,87.0,0.3389808342021232,0.234375,0.11966299019607844,0.0939250274474791,7,2.846317932806516,1,0,0,0,0,0,0,0,0,0,0,0,0,0,0,0
Beethoven,Beethoven_WoO80_var17_8bars_24_11.mid,209.57178841309832,174,145,67.47126436781609,55.0,0.22074353448275857,55.747126436781606,10.732459521973787,0.1724137931034483,0.040229885057471264,0.16666666666666666,0.09770114942528736,0.022988505747126436,0.09770114942528736,0.005747126436781609,0.1896551724137931,0.028735632183908046,0.06321839080459771,0.028735632183908046,0.08620689655172414,2.206986146311643,0.003707557140969745,0.815161827782099,1.1917808219178083,0.8285714285714286,0.26474166770819874,1.197553076646276,0.2011492241381322,new_midi_files\BigSynthPiano\midi\Beethoven_WoO80_var17_8bars_24_11.mid,16.2125,1,1,1,0,0,12.473271727849767,67.0,16.77725498542842,77.0,0.2311872631756279,0.13437500000000036,0.08928829479768785,0.07689510886925072,6,2.36912104857363,1,0,0,0,0,0,0,0,0,0,0,0,0,0,0,0
Beethoven,Beethoven_WoO80_var17_8bars_26_11.mid,196.15665288251037,171,174,67.3157894736842,55.0,0.33947977582845995,52.099415204678365,7.901044424122829,0.18128654970760233,0.029239766081871343,0.1695906432748538,0.09941520467836257,0.017543859649122806,0.09941520467836257,0.005847953216374269,0.1871345029239766,0.029239766081871343,0.06432748538011696,0.029239766081871343,0.08771929824561403,2.183926762400753,0.00398484433956887,0.8170445539297526,0.9771428571428571,1.0116279069767442,0.26425390390313364,1.140445656293665,0.19298226315808772,new_midi_files\BigSynthPiano\midi\Beethoven_WoO80_var17_8bars_26_11.mid,21.64270833333333,1,1,1,0,0,12.507061717197367,67.0,15.252515839168838,79.0,0.35047775090797484,0.23020833333333357,0.12478553921568626,0.10829779400670649,7,2.6822447899119197,1,0,0,0,0,0,0,0,0,0,0,0,0,0,0,0
Beethoven,Beethoven_WoO80_var17_8bars_3_11.mid,181.73719376391986,169,157,67.2189349112426,55.0,0.27599235700197244,51.18934911242604,9.584120982986768,0.1834319526627219,0.029585798816568046,0.17159763313609466,0.10059171597633136,0.023668639053254437,0.10059171597633136,0.005917159763313609,0.17751479289940827,0.029585798816568046,0.05917159763313609,0.029585798816568046,0.08875739644970414,2.196148964290512,0.0038424094238841623,0.8182218188134255,1.0696202531645569,0.9235294117647059,0.2801255073368266,1.0690423162583522,0.1952660769232722,new_midi_files\BigSynthPiano\midi\Beethoven_WoO80_var17_8bars_3_11.mid,17.633333333333333,1,1,1,0,0,12.634811357403938,67.0,14.47665756897098,75.0,0.28551103702167696,0.16458333333333286,0.10013640873015874,0.07691452782950937,6,2.6451441398865807,1,0,0,0,0,0,0,0,0,0,0,0,0,0,0,0
Beethoven,Beethoven_WoO80_var17_8bars_4_11.mid,232.6489397509262,172,151,67.29651162790698,55.0,0.2773982558139535,54.31976744186046,8.66271444310372,0.18023255813953487,0.029069767441860465,0.1686046511627907,0.09883720930232558,0.01744186046511628,0.09883720930232558,0.005813953488372093,0.19767441860465115,0.029069767441860465,0.06395348837209303,0.023255813953488372,0.0872093023255814,2.1692172173822972,0.004204600084129559,0.8172786055661408,1.131578947368421,0.8728323699421965,0.23248454497489385,1.3447915592539086,0.1860463255815814,new_midi_files\BigSynthPiano\midi\Beethoven_WoO80_var17_8bars_4_11.mid,19.855208333333334,1,1,1,0,0,12.485777468545995,67.0,14.475603532161806,64.0,0.2801489613985758,0.19947916666666643,0.11371832358674464,0.10121563298863313,7,2.4030218771313163,1,0,0,0,0,0,0,0,0,0,0,0,0,0,0,0
Beethoven,Beethoven_WoO80_var17_8bars_7_11.mid,200.64692709629205,173,178,67.3699421965318,55.0,0.31386681117533716,49.589595375722546,7.9624125035957425,0.1791907514450867,0.028901734104046242,0.1676300578034682,0.09826589595375723,0.017341040462427744,0.10404624277456648,0.005780346820809248,0.1907514450867052,0.028901734104046242,0.06358381502890173,0.028901734104046242,0.08670520231213873,2.181521321515125,0.004012041461087536,0.8163878042698335,0.9664804469273743,1.0229885057471264,0.24592289151047725,1.1531432591740922,0.19075125433545084,new_midi_files\BigSynthPiano\midi\Beethoven_WoO80_var17_8bars_7_11.mid,21.727083333333333,1,1,1,0,0,12.456241024445797,67.0,14.307090540031968,75.0,0.29590082179048266,0.23124999999999996,0.1181080426356589,0.10597225922936247,6,2.4991370217662285,1,0,0,0,0,0,0,0,0,0,0,0,0,0,0,0
Beethoven,Beethoven_WoO80_var17_8bars_Score2_11.mid,199.99999999999997,172,108,67.31395348837209,55.0,0.23277616279069765,67.61046511627907,11.945481378591891,0.18023255813953487,0.029069767441860465,0.1686046511627907,0.09883720930232558,0.01744186046511628,0.09883720930232558,0.005813953488372093,0.19186046511627908,0.029069767441860465,0.06395348837209303,0.029069767441860465,0.0872093023255814,2.1809003347698774,0.004041223484165615,0.8170668387860169,1.5779816513761469,0.6242774566473989,0.3363704732153188,1.1560693641618496,0.19186027325600583,new_midi_files\BigSynthPiano\midi\Beethoven_WoO80_var17_8bars_Score2_11.mid,14.39875,2,2,1,0,0,12.470674090718049,67.0,21.890703820050085,63.0,0.20248698109553315,0.14874999999999972,0.08333333333333333,0.07453559924999298,5,2.780623317996352,2,0,0,0,0,0,0,0,0,0,0,0,0,0,0,0
Beethoven,Beethoven_WoO80_var18_8bars_11_12.mid,196.252129471891,178,99,68.48314606741573,63.0,0.2610135767790262,82.7247191011236,11.195702024503703,0.17415730337078653,0.0,0.12921348314606743,0.07865168539325842,0.05056179775280899,0.11235955056179775,0.028089887640449437,0.15730337078651685,0.0449438202247191,0.09550561797752809,0.056179775280898875,0.07303370786516854,2.273212160337009,0.002518796728808091,0.9199343590034196,1.78,0.553072625698324,0.41938568330088477,1.09638061157481,0.20786496067436516,new_midi_files\BigSynthPiano\midi\Beethoven_WoO80_var18_8bars_11_12.mid,15.898958333333333,1,1,1,0,0,16.088667488730504,72.0,9.338668924458474,46.0,0.46543656711246256,0.08229166666666643,0.08463983050847457,0.1124262363049717,9,2.922230229967895,1,0,0,0,0,0,0,0,0,0,0,0,0,0,0,0
Beethoven,Beethoven_WoO80_var18_8bars_14_12.mid,191.808191808192,180,105,68.25555555555556,63.0,0.26099537037037035,79.22777777777777,8.710555499546325,0.16666666666666666,0.0,0.1388888888888889,0.07222222222222222,0.06111111111111111,0.11666666666666667,0.03333333333333333,0.15555555555555556,0.03888888888888889,0.1,0.05,0.06666666666666667,2.273744490269404,0.0025051440329218106,0.9230017771332965,1.6981132075471699,0.580110497237569,0.4109149981376028,1.0597137668960883,0.19444425000019444,new_midi_files\BigSynthPiano\midi\Beethoven_WoO80_var18_8bars_14_12.mid,20.664583333333333,1,1,1,0,0,16.551643833174,72.0,14.877585883751271,100.0,0.5348146364746548,0.06197916666666664,0.10647113594040969,0.15265117480551596,8,2.2734146587357573,1,0,0,0,0,0,0,0,0,0,0,0,0,0,0,0
Beethoven,Beethoven_WoO80_var18_8bars_19_12.mid,201.14285714285717,178,92,68.71910112359551,63.0,0.22706577715355808,82.25280898876404,10.533193614004809,0.16853932584269662,0.0,0.1404494382022472,0.07865168539325842,0.05056179775280899,0.11797752808988764,0.028089887640449437,0.15168539325842698,0.03932584269662921,0.10112359550561797,0.0449438202247191,0.07865168539325842,2.2636386352889857,0.0026029611861577524,0.9167756570318781,1.913978494623656,0.5139664804469274,0.40690435542144754,1.1237031125299284,0.19101104494401125,new_midi_files\BigSynthPiano\midi\Beethoven_WoO80_var18_8bars_19_12.mid,16.898958333333333,1,1,1,0,0,16.224886394605786,72.0,12.627245288274727,103.0,0.44929936769443196,0.055729166666667496,0.08667019774011299,0.11442428928488356,7,2.3917277938728967,1,0,0,0,0,0,0,0,0,0,0,0,0,0,0,0
Beethoven,Beethoven_WoO80_var18_8bars_1_12.mid,210.53914102954639,181,101,68.85635359116021,65.0,0.2871777163904236,79.83977900552486,9.485751719620046,0.16574585635359115,0.0,0.13259668508287292,0.08287292817679558,0.055248618784530384,0.13259668508287292,0.016574585635359115,0.15469613259668508,0.03314917127071823,0.10497237569060773,0.049723756906077346,0.0718232044198895,2.244679722491599,0.002764762641216351,0.9439942091901669,1.7745098039215685,0.554945054945055,0.3774231975082728,1.1568084671953098,0.1823202596686906,new_midi_files\BigSynthPiano\midi\Beethoven_WoO80_var18_8bars_1_12.mid,19.08125,1,1,1,0,0,16.221918395413642,72.0,12.025376848521276,97.0,0.567461190196685,0.0625,0.1038888888888889,0.15152905081449153,7,2.7240965170870215,1,0,0,0,0,0,0,0,0,0,0,0,0,0,0,0
Beethoven,Beethoven_WoO80_var18_8bars_22_12.mid,236.42893791688064,181,100,68.49171270718232,63.0,0.24557435543278078,81.93922651933701,10.85186110417187,0.16574585635359115,0.0,0.13259668508287292,0.0718232044198895,0.06077348066298342,0.11602209944751381,0.03314917127071823,0.16022099447513813,0.04419889502762431,0.09392265193370165,0.049723756906077346,0.0718232044198895,2.279784145349529,0.002434084904476529,0.9198192976940154,1.7920792079207921,0.5494505494505495,0.3451105296525497,1.2990600984443992,0.19889482872948067,new_midi_files\BigSynthPiano\midi\Beethoven_WoO80_var18_8bars_22_12.mid,16.679166666666667,1,1,1,0,0,16.277503298762365,72.0,13.666172192137529,71.0,0.4579647944128704,0.07395833333333357,0.08839699074074073,0.1232440204981661,8,2.664938795903073,1,0,0,0,0,0,0,0,0,0,0,0,0,0,0,0
Beethoven,Beethoven_WoO80_var18_8bars_24_12.mid,201.86915887850475,175,99,68.44,63.0,0.271970238095238,83.37714285714286,10.295379335702906,0.17142857142857143,0.0,0.13714285714285715,0.07428571428571429,0.05714285714285714,0.10857142857142857,0.02857142857142857,0.16,0.04,0.10285714285714286,0.045714285714285714,0.07428571428571429,2.264211120855086,0.002636507936507937,0.9205143056616847,1.75,0.5625,0.41098973997854527,1.1469838572642315,0.18857124000018857,new_midi_files\BigSynthPiano\midi\Beethoven_WoO80_var18_8bars_24_12.mid,16.997916666666665,1,1,1,0,0,16.22645459031111,72.0,10.01972585066323,51.0,0.5379488743605074,0.05208333333333215,0.09363026819923373,0.13453073978649455,8,2.8000367692119132,1,0,0,0,0,0,0,0,0,0,0,0,0,0,0,0
Beethoven,Beethoven_WoO80_var18_8bars_2_12.mid,211.47826086956536,177,96,68.32768361581921,63.0,0.27015065913370995,80.06214689265536,10.672696438665913,0.1694915254237288,0.0,0.13559322033898305,0.07909604519774012,0.05084745762711865,0.11864406779661017,0.02824858757062147,0.15819209039548024,0.04519774011299435,0.096045197740113,0.03954802259887006,0.07909604519774012,2.2626850021468927,0.002634007894708843,0.9220274381347068,1.824742268041237,0.5393258426966292,0.37680159167814037,1.1880801172447493,0.1920902033900226,new_midi_files\BigSynthPiano\midi\Beethoven_WoO80_var18_8bars_2_12.mid,16.584375,1,1,1,0,0,16.25137879422729,72.0,12.63219731282622,92.0,0.5051755392590452,0.0770833333333325,0.08897372159090909,0.12998514777552916,8,2.8832359776395946,1,0,0,0,0,0,0,0,0,0,0,0,0,0,0,0
Beethoven,Beethoven_WoO80_var18_8bars_4_12.mid,223.49206349206403,176,108,68.60795454545455,63.0,0.28033854166666666,80.0284090909091,9.514049214482798,0.17045454545454544,0.0,0.13636363636363635,0.07954545454545454,0.05113636363636364,0.11931818181818182,0.028409090909090908,0.1534090909090909,0.03977272727272727,0.10227272727272728,0.045454545454545456,0.07386363636363637,2.2635025734067384,0.002616721189164371,0.9182608561810426,1.614678899082569,0.6101694915254238,0.35648658507581565,1.2626670253788927,0.1931816250001932,new_midi_files\BigSynthPiano\midi\Beethoven_WoO80_var18_8bars_4_12.mid,18.498958333333334,1,1,1,0,0,16.263447034761093,72.0,10.33662342511541,69.0,0.5468766755137573,0.07500000000000062,0.10254166666666667,0.14275594704483127,7,2.667154682133004,1,0,0,0,0,0,0,0,0,0,0,0,0,0,0,0
Beethoven,Beethoven_WoO80_var18_8bars_7_12.mid,226.42878742062325,183,98,68.0327868852459,63.0,0.23578096539162105,81.51366120218579,10.95330132801297,0.16393442622950818,0.0,0.1366120218579235,0.07650273224043716,0.060109289617486336,0.11475409836065574,0.0273224043715847,0.16393442622950818,0.04371584699453552,0.09836065573770492,0.04371584699453552,0.07103825136612021,2.266908840974289,0.0025835597758467953,0.926024082774104,1.8484848484848484,0.532608695652174,0.3584139990661276,1.2305912359816482,0.19125663934445356,new_midi_files\BigSynthPiano\midi\Beethoven_WoO80_var18_8bars_7_12.mid,16.707291666666666,1,1,1,0,0,16.414008957213294,72.0,14.449784131916525,95.0,0.4525359987597743,0.05937499999999929,0.08837568681318682,0.11513189688223799,8,2.5825799613442224,1,0,0,0,0,0,0,0,0,0,0,0,0,0,0,0
Beethoven,Beethoven_WoO80_var23_8bars_11_13.mid,200.81348053457316,218,107,55.41743119266055,39.0,0.15441035932721697,38.37155963302752,11.841792564929554,0.11467889908256881,0.027522935779816515,0.09174311926605505,0.045871559633027525,0.03669724770642202,0.05504587155963303,0.027522935779816515,0.38990825688073394,0.06422018348623854,0.027522935779816515,0.027522935779816515,0.09174311926605505,2.0480003995463822,0.009359598425123213,0.7037496768961651,2.0185185185185186,0.4885844748858447,0.19013377863256264,0.9169565321213387,0.19266035779835783,new_midi_files\BigSynthPiano\midi\Beethoven_WoO80_var23_8bars_11_13.mid,18.409375,1,1,1,0,0,12.570719904039546,60.0,12.331228290220178,69.0,0.049771067227221875,0.15156249999999805,0.08069316436251919,0.08110592430185541,4,1.828495445029139,1,0,0,0,0,0,0,0,0,0,0,0,0,0,0,0
Beethoven,Beethoven_WoO80_var23_8bars_14_13.mid,216.3786626596542,226,136,55.376106194690266,39.0,0.25843012536873156,32.991150442477874,7.883720930232558,0.11504424778761062,0.02654867256637168,0.084070796460177,0.04424778761061947,0.035398230088495575,0.05309734513274336,0.02654867256637168,0.415929203539823,0.061946902654867256,0.02654867256637168,0.02654867256637168,0.084070796460177,1.9997465304183921,0.010810143489875655,0.7042748574377853,1.6496350364963503,0.5991189427312775,0.15176811761939815,0.9532099676636748,0.18584052212407967,new_midi_files\BigSynthPiano\midi\Beethoven_WoO80_var23_8bars_14_13.mid,28.666666666666668,1,1,1,0,0,12.340133634309497,60.0,9.26693195615582,49.0,0.11840987248956736,0.22916666666666785,0.1182824074074074,0.13475199524648268,5,2.0373909883720933,1,0,0,0,0,0,0,0,0,0,0,0,0,0,0,0
Beethoven,Beethoven_WoO80_var23_8bars_18_13.mid,196.5870307167235,223,137,55.408071748878925,39.0,0.22838191330343793,46.502242152466366,10.592251744099746,0.11210762331838565,0.026905829596412557,0.08968609865470852,0.04484304932735426,0.03587443946188341,0.053811659192825115,0.026905829596412557,0.40358744394618834,0.06278026905829596,0.026905829596412557,0.026905829596412557,0.08968609865470852,2.022806972711602,0.010102952446705591,0.7038685531755676,1.6159420289855073,0.6116071428571429,0.23535068057749037,0.8776206728425155,0.18834061883426909,new_midi_files\BigSynthPiano\midi\Beethoven_WoO80_var23_8bars_18_13.mid,21.053125,1,1,1,0,0,12.429147262101834,60.0,13.507637580260218,83.0,0.09841470226634765,0.21041666666666714,0.09190127627627626,0.09919125471600247,5,2.419078719509175,1,0,0,0,0,0,0,0,0,0,0,0,0,0,0,0
Beethoven,Beethoven_WoO80_var23_8bars_1_13.mid,213.66306027820738,220,106,55.25909090909091,39.0,0.12964962121212117,35.236363636363635,11.589749218021183,0.10454545454545454,0.02727272727272727,0.09090909090909091,0.045454545454545456,0.03636363636363636,0.05454545454545454,0.02727272727272727,0.40454545454545454,0.06363636363636363,0.02727272727272727,0.02727272727272727,0.09090909090909091,2.026065782542425,0.010097566574839303,0.7057662124480903,2.05607476635514,0.4796380090497738,0.16414730876703537,0.9668011777294452,0.19090890000019092,new_midi_files\BigSynthPiano\midi\Beethoven_WoO80_var23_8bars_1_13.mid,18.982291666666665,1,1,1,0,0,12.456147043670997,60.0,9.128802841682695,56.0,0.05138176683035572,0.12343750000000009,0.07881468797564689,0.0847953407381537,4,1.5026065960599237,1,0,0,0,0,0,0,0,0,0,0,0,0,0,0,0
Beethoven,Beethoven_WoO80_var23_8bars_22_13.mid,202.9757243539546,221,112,55.411764705882355,39.0,0.16503582202111602,38.59276018099548,11.639236339697169,0.11312217194570136,0.027149321266968326,0.09049773755656108,0.04524886877828054,0.03619909502262444,0.05429864253393665,0.027149321266968326,0.39819004524886875,0.06334841628959276,0.027149321266968326,0.027149321266968326,0.09049773755656108,2.0328408939933422,0.009805485600667926,0.703821643349291,1.9557522123893805,0.5045045045045045,0.1892027117600833,0.9143050646574532,0.19004505882371947,new_midi_files\BigSynthPiano\midi\Beethoven_WoO80_var23_8bars_22_13.mid,18.9875,1,1,1,0,0,12.485200181921222,60.0,8.312708587194008,53.0,0.06377333405677833,0.16041666666666643,0.08346117424242425,0.08085805590661599,5,1.920890937019966,1,0,0,0,0,0,0,0,0,0,0,0,0,0,0,0
Beethoven,Beethoven_WoO80_var23_8bars_26_13.mid,200.18957345971558,226,150,55.424778761061944,39.0,0.24115966076696158,39.97345132743363,9.200627623934524,0.11504424778761062,0.02654867256637168,0.08849557522123894,0.04424778761061947,0.035398230088495575,0.05309734513274336,0.02654867256637168,0.40707964601769914,0.061946902654867256,0.02654867256637168,0.02654867256637168,0.08849557522123894,2.013571976041053,0.010330466146309206,0.7036563820033258,1.4966887417218544,0.6607929515418502,0.1986855016392664,0.8818923940956633,0.18584052212407967,new_midi_files\BigSynthPiano\midi\Beethoven_WoO80_var23_8bars_26_13.mid,24.563541666666666,1,1,1,0,0,12.350203545121051,60.0,10.920436453554709,70.0,0.13806809871696135,0.21822916666666625,0.1024675925925926,0.11422507930146786,6,2.218820236631185,1,0,0,0,0,0,0,0,0,0,0,0,0,0,0,0
Beethoven,Beethoven_WoO80_var23_8bars_2_13.mid,226.90565294465247,220,110,55.41818181818182,39.0,0.11435606060606056,43.527272727272724,13.380638621388748,0.11818181818181818,0.02727272727272727,0.09090909090909091,0.045454545454545456,0.03636363636363636,0.05454545454545454,0.02727272727272727,0.39545454545454545,0.06363636363636363,0.02727272727272727,0.02727272727272727,0.08636363636363636,2.036660293577461,0.009677456382001837,0.7037401447815919,1.981981981981982,0.497737556561086,0.1909881223430796,1.0267224115142646,0.19090890000019098,new_midi_files\BigSynthPiano\midi\Beethoven_WoO80_var23_8bars_2_13.mid,16.441666666666666,1,1,1,0,0,12.514995963520807,60.0,13.922322880186528,83.0,0.052504336682468636,0.10104166666666714,0.06504471080669712,0.06560767195494843,5,1.530157121135326,1,0,0,0,0,0,0,0,0,0,0,0,0,0,0,0
Beethoven,Beethoven_WoO80_var23_8bars_4_13.mid,208.9227421109905,227,130,55.40088105726872,39.0,0.21152257709251104,40.55066079295154,10.071171087900915,0.11013215859030837,0.02643171806167401,0.0881057268722467,0.04405286343612335,0.03524229074889868,0.05286343612334802,0.02643171806167401,0.41409691629955947,0.06167400881057269,0.02643171806167401,0.02643171806167401,0.0881057268722467,2.0029227517134136,0.010697724690088216,0.7039599109574667,1.7328244274809161,0.5701754385964912,0.19316945074732098,0.9163278162762741,0.18502184140987668,new_midi_files\BigSynthPiano\midi\Beethoven_WoO80_var23_8bars_4_13.mid,22.539583333333333,1,1,1,0,0,12.319269641909852,60.0,7.527385362817363,51.0,0.11233627887898544,0.1875,0.09731286873156342,0.11286534438989984,5,2.1302800628523895,1,0,0,0,0,0,0,0,0,0,0,0,0,0,0,0
Beethoven,Beethoven_WoO80_var23_8bars_7_13.mid,203.48862883638762,226,116,55.424778761061944,39.0,0.17974280973451326,40.756637168141594,11.833751499945457,0.11504424778761062,0.02654867256637168,0.08849557522123894,0.04424778761061947,0.035398230088495575,0.05309734513274336,0.02654867256637168,0.40707964601769914,0.061946902654867256,0.02654867256637168,0.02654867256637168,0.08849557522123894,2.013571976041053,0.010330466146309206,0.7036563820033258,1.9316239316239316,0.5110132158590308,0.19931004183489923,0.8964256776933375,0.18584052212407967,new_midi_files\BigSynthPiano\midi\Beethoven_WoO80_var23_8bars_7_13.mid,19.097916666666666,1,1,1,0,0,12.350203545121053,60.0,8.81411153450473,56.0,0.07282046510349655,0.1739583333333341,0.08217592592592593,0.09032408593883408,5,2.1270317443002074,1,0,0,0,0,0,0,0,0,0,0,0,0,0,0,0
Beethoven,Beethoven_WoO80_var23_8bars_Score2_13.mid,219.99981666681956,228,108,55.421052631578945,39.0,0.15962931962719296,45.0921052631579,17.416652152789876,0.11403508771929824,0.02631578947368421,0.08771929824561403,0.043859649122807015,0.03508771929824561,0.05263157894736842,0.02631578947368421,0.41228070175438597,0.06140350877192982,0.02631578947368421,0.02631578947368421,0.08771929824561403,2.003736840807485,0.010625064122294041,0.7037036910062963,2.091743119266055,0.47161572052401746,0.20403684466009755,0.9606978893747579,0.18421034210544737,new_midi_files\BigSynthPiano\midi\Beethoven_WoO80_var23_8bars_Score2_13.mid,13.090919999999999,2,2,1,0,0,12.295980470628278,60.0,14.398627156396529,71.0,0.05084566511027625,0.13522738541666657,0.057068529735682806,0.06727006492899872,4,2.780208333333332,2,0,0,0,0,0,0,0,0,0,0,0,0,0,0,0
Beethoven,Beethoven_WoO80_var23_8bars_Score_13.mid,219.99981666681956,228,108,55.421052631578945,39.0,0.15962931962719296,46.12280701754386,17.427241622525784,0.11403508771929824,0.02631578947368421,0.08771929824561403,0.043859649122807015,0.03508771929824561,0.05263157894736842,0.02631578947368421,0.41228070175438597,0.06140350877192982,0.02631578947368421,0.02631578947368421,0.08771929824561403,2.003736840807485,0.010625064122294041,0.7037036910062963,2.091743119266055,0.47161572052401746,0.2087006573723943,0.9606978893747579,0.18421034210544737,new_midi_files\BigSynthPiano\midi\Beethoven_WoO80_var23_8bars_Score_13.mid,13.082965447916665,2,2,1,0,0,12.295980470628278,60.0,16.65287518027369,71.0,0.05084566511027625,0.13522738541666657,0.057068529735682806,0.06727006492899872,4,2.781898723182488,2,0,0,0,0,0,0,0,0,0,0,0,0,0,0,0
Beethoven,Beethoven_WoO80_var25_8bars_11_14.mid,219.0552441953563,131,107,68.41221374045801,63.0,0.10773695928753184,64.05343511450381,9.582444376714417,0.17557251908396945,0.022900763358778626,0.09923664122137404,0.09923664122137404,0.05343511450381679,0.13740458015267176,0.030534351145038167,0.17557251908396945,0.07633587786259542,0.03816793893129771,0.04580152671755725,0.04580152671755725,2.29516183831751,0.002723795557109467,0.920888181138546,1.212962962962963,0.8106060606060606,0.2910788849805357,1.6595094257223961,0.27480888549645804,new_midi_files\BigSynthPiano\midi\Beethoven_WoO80_var25_8bars_11_14.mid,13.670833333333333,1,1,1,0,0,14.001564922900327,71.0,10.97624984769718,49.0,0.04901624980571395,0.1010416666666667,0.1041346153846154,0.050714535558812814,5,1.0323834196891195,1,0,0,0,0,0,0,0,0,0,0,0,0,0,0,0
Beethoven,Beethoven_WoO80_var25_8bars_14_14.mid,174.73456121343455,132,115,68.54545454545455,63.0,0.110440340909091,54.81818181818182,6.794638069705094,0.18181818181818182,0.022727272727272728,0.09848484848484848,0.09090909090909091,0.05303030303030303,0.14393939393939395,0.030303030303030304,0.17424242424242425,0.07575757575757576,0.03787878787878788,0.045454545454545456,0.045454545454545456,2.2878491908026,0.0028600397918579746,0.9190981298274808,1.1379310344827587,0.8646616541353384,0.3119373983106465,1.3137936933340943,0.26515125000026524,new_midi_files\BigSynthPiano\midi\Beethoven_WoO80_var25_8bars_14_14.mid,19.427083333333332,1,1,1,0,0,13.96335226983729,72.0,12.949680107092727,72.0,0.09686265007534445,0.06562500000000027,0.14091921119592876,0.08801734204659274,5,0.7504021447721184,1,0,0,0,0,0,0,0,0,0,0,0,0,0,0,0
Beethoven,Beethoven_WoO80_var25_8bars_19_14.mid,195.71865443425068,143,73,72.1958041958042,58.0,0.04967220279720284,60.61538461538461,10.841889117043122,0.18181818181818182,0.03496503496503497,0.1048951048951049,0.11888111888111888,0.027972027972027972,0.11888111888111888,0.04195804195804196,0.15384615384615385,0.03496503496503497,0.06993006993006994,0.04895104895104895,0.06293706293706294,2.316160662281938,0.0024080911318673562,0.8033707753891882,1.9324324324324325,0.5069444444444444,0.30813236695681095,1.3591573224600741,0.27972000000027974,new_midi_files\BigSynthPiano\midi\Beethoven_WoO80_var25_8bars_19_14.mid,13.189583333333333,1,1,1,0,0,10.898937358388675,72.0,13.059799566310765,60.0,0.047569148038705295,0.039583333333333304,0.08774941314553991,0.08692619127459189,6,0.5385405149265524,1,0,0,0,0,0,0,0,0,0,0,0,0,0,0,0
Beethoven,Beethoven_WoO80_var25_8bars_1_14.mid,215.0591163658991,132,108,68.50757575757575,63.0,0.1277935606060606,49.484848484848484,8.905755850727388,0.17424242424242425,0.022727272727272728,0.09848484848484848,0.09848484848484848,0.05303030303030303,0.13636363636363635,0.030303030303030304,0.17424242424242425,0.07575757575757576,0.045454545454545456,0.045454545454545456,0.045454545454545456,2.301832106113852,0.0026304713804713806,0.9196063119110879,1.2110091743119267,0.8120300751879699,0.22903383720705964,1.6169858373375872,0.2727270000002728,new_midi_files\BigSynthPiano\midi\Beethoven_WoO80_var25_8bars_1_14.mid,14.821875,1,1,1,0,0,13.991066528606643,71.5,11.278489078158211,51.0,0.0865716214796358,0.10625000000000018,0.11028944020356234,0.05957464467000792,5,1.138098250052709,1,0,0,0,0,0,0,0,0,0,0,0,0,0,0,0
Beethoven,Beethoven_WoO80_var25_8bars_22_14.mid,218.73417721518976,131,101,68.6793893129771,63.0,0.08910623409669212,52.31297709923664,9.415992812219228,0.16793893129770993,0.022900763358778626,0.09923664122137404,0.09923664122137404,0.05343511450381679,0.13740458015267176,0.030534351145038167,0.17557251908396945,0.07633587786259542,0.03816793893129771,0.04580152671755725,0.05343511450381679,2.304647477739986,0.0025684044571347175,0.9173057552331829,1.2843137254901962,0.7651515151515151,0.2380739207811335,1.657077100115074,0.27480888549645804,new_midi_files\BigSynthPiano\midi\Beethoven_WoO80_var25_8bars_22_14.mid,13.9125,1,1,1,0,0,13.943324307955846,72.0,12.060967242785159,63.0,0.0381230619071547,0.08124999999999982,0.10323717948717949,0.05937700263067919,5,0.8390236597783769,1,0,0,0,0,0,0,0,0,0,0,0,0,0,0,0
Beethoven,Beethoven_WoO80_var25_8bars_24_14.mid,222.7722772277227,132,103,68.43939393939394,63.0,0.09411300505050504,59.90909090909091,9.50281214848144,0.18181818181818182,0.022727272727272728,0.09848484848484848,0.09848484848484848,0.05303030303030303,0.13636363636363635,0.030303030303030304,0.17424242424242425,0.07575757575757576,0.03787878787878788,0.045454545454545456,0.045454545454545456,2.2908203052908434,0.0028026476890113255,0.9205224572161873,1.2692307692307692,0.7744360902255639,0.26772347160825555,1.6749795280279902,0.2727270000002728,new_midi_files\BigSynthPiano\midi\Beethoven_WoO80_var25_8bars_24_14.mid,13.890625,1,1,1,0,0,13.95189656693701,71.5,12.259476572848467,71.0,0.0548208878397369,0.08177083333333357,0.10178117048346057,0.05714574705501365,5,0.8943382077240344,1,0,0,0,0,0,0,0,0,0,0,0,0,0,0,0
Beethoven,Beethoven_WoO80_var25_8bars_26_14.mid,216.7635990420802,132,113,68.43181818181819,63.0,0.1370580808080808,62.61363636363637,9.709600796873804,0.17424242424242425,0.022727272727272728,0.09848484848484848,0.09848484848484848,0.05303030303030303,0.13636363636363635,0.030303030303030304,0.17424242424242425,0.07575757575757576,0.03787878787878788,0.045454545454545456,0.05303030303030303,2.3005635684259405,0.002640036730945822,0.9206243638301321,1.1578947368421053,0.849624060150376,0.28753031562238757,1.6298014965569938,0.2727270000002728,new_midi_files\BigSynthPiano\midi\Beethoven_WoO80_var25_8bars_26_14.mid,13.594791666666666,1,1,1,0,0,13.94371433375941,71.5,11.760003947170492,64.0,0.07523518134164564,0.11458333333333348,0.10288645038167937,0.05642049086057414,6,1.3307792506321365,1,0,0,0,0,0,0,0,0,0,0,0,0,0,0,0
Beethoven,Beethoven_WoO80_var25_8bars_2_14.mid,241.66666666666694,131,80,68.36641221374046,63.0,0.08485209923664123,58.93893129770992,10.089049338146811,0.183206106870229,0.022900763358778626,0.09923664122137404,0.09923664122137404,0.05343511450381679,0.13740458015267176,0.022900763358778626,0.17557251908396945,0.07633587786259542,0.03816793893129771,0.04580152671755725,0.04580152671755725,2.2806001254677826,0.002918034432077903,0.9215051227426115,1.617283950617284,0.6060606060606061,0.2428802113916615,1.8308080808080829,0.26717530534377865,new_midi_files\BigSynthPiano\midi\Beethoven_WoO80_var25_8bars_2_14.mid,12.984375,1,1,1,0,0,13.979923503853348,71.0,15.577805568782512,69.0,0.06587515927706708,0.06562499999999982,0.08962339743589744,0.0509482733753734,5,0.8560770156438029,1,0,0,0,0,0,0,0,0,0,0,0,0,0,0,0
Beethoven,Beethoven_WoO80_var25_8bars_3_14.mid,214.9983033593486,133,98,68.53383458646617,63.0,0.08479793233082714,61.91729323308271,8.995350147949837,0.18045112781954886,0.022556390977443608,0.09774436090225563,0.09774436090225563,0.05263157894736842,0.13533834586466165,0.03007518796992481,0.17293233082706766,0.07518796992481203,0.045112781954887216,0.045112781954887216,0.045112781954887216,2.2975300249313353,0.002708447183120709,0.9192539635479126,1.3434343434343434,0.7313432835820896,0.2866563869720455,1.6044649504429,0.27067642105290224,new_midi_files\BigSynthPiano\midi\Beethoven_WoO80_var25_8bars_3_14.mid,14.785416666666666,1,1,1,0,0,13.941633906133038,72.0,10.374234359126195,55.0,0.06280510293673201,0.07291666666666607,0.10533459595959596,0.05933844323385608,5,0.7627870931379461,1,0,0,0,0,0,0,0,0,0,0,0,0,0,0,0
Beethoven,Beethoven_WoO80_var25_8bars_4_14.mid,211.76470588235324,132,107,68.43939393939394,63.0,0.14365530303030297,58.68939393939394,8.649238959797966,0.18181818181818182,0.022727272727272728,0.09848484848484848,0.09848484848484848,0.05303030303030303,0.13636363636363635,0.030303030303030304,0.17424242424242425,0.07575757575757576,0.03787878787878788,0.045454545454545456,0.045454545454545456,2.2908203052908434,0.0028026476890113255,0.9205224572161873,1.2222222222222223,0.8045112781954887,0.2758417741138224,1.5922158337019041,0.2727270000002728,new_midi_files\BigSynthPiano\midi\Beethoven_WoO80_var25_8bars_4_14.mid,15.261458333333334,1,1,1,0,0,13.95189656693701,71.5,10.621684920095372,50.0,0.07294241682604866,0.1255208333333333,0.11202290076335879,0.059919460234057406,5,1.2425090437512791,1,0,0,0,0,0,0,0,0,0,0,0,0,0,0,0
Beethoven,Beethoven_WoO80_var25_8bars_7_14.mid,228.20919175911246,132,93,68.57575757575758,63.0,0.08338068181818183,61.64393939393939,9.691037014377486,0.17424242424242425,0.022727272727272728,0.09848484848484848,0.09848484848484848,0.05303030303030303,0.13636363636363635,0.03787878787878788,0.17424242424242425,0.07575757575757576,0.03787878787878788,0.045454545454545456,0.045454545454545456,2.303357523806933,0.0026209060299969395,0.9186919883708194,1.4042553191489362,0.6992481203007519,0.2689418296048272,1.715858584654981,0.2803027500002804,new_midi_files\BigSynthPiano\midi\Beethoven_WoO80_var25_8bars_7_14.mid,13.620833333333334,1,1,1,0,0,14.073465906019639,71.5,7.963108666387175,53.0,0.046867960967764126,0.07343750000000027,0.10081106870229008,0.0527756609682016,4,0.8080452737840319,1,0,0,0,0,0,0,0,0,0,0,0,0,0,0,0
Beethoven,Beethoven_WoO80_var25_8bars_Score2_14.mid,219.99981666681967,131,100,68.41221374045801,63.0,0.15198659438613227,64.96946564885496,10.013020405924902,0.17557251908396945,0.022900763358778626,0.09923664122137404,0.09923664122137404,0.05343511450381679,0.13740458015267176,0.030534351145038167,0.17557251908396945,0.07633587786259542,0.03816793893129771,0.04580152671755725,0.04580152671755725,2.29516183831751,0.002723795557109467,0.920888181138546,1.297029702970297,0.7575757575757576,0.2939797264483854,1.6666652777789368,0.27480888549645804,new_midi_files\BigSynthPiano\midi\Beethoven_WoO80_var25_8bars_Score2_14.mid,13.082965447916665,2,2,1,0,0,14.001564922900329,71.0,21.677349113763082,77.0,0.058801880123888865,0.13522738541666657,0.0996504326923077,0.05293778833447471,5,1.521844871015375,2,0,0,0,0,0,0,0,0,0,0,0,0,0,0,0
Beethoven,Beethoven_WoO80_var27_8bars_11_15.mid,235.90443686006824,236,107,63.190677966101696,56.0,0.09785928672316396,79.66101694915254,16.481885639458753,0.1483050847457627,0.05084745762711865,0.11440677966101695,0.07627118644067797,0.03389830508474576,0.13135593220338984,0.046610169491525424,0.1271186440677966,0.09745762711864407,0.05084745762711865,0.038135593220338986,0.0847457627118644,2.377403127722232,0.0014672906891378594,0.8862066513012292,2.185185185185185,0.45147679324894513,0.33625802034347596,0.9953773707175876,0.3093217245765805,new_midi_files\BigSynthPiano\midi\Beethoven_WoO80_var27_8bars_11_15.mid,14.31875,1,1,1,0,0,12.624367661882944,65.0,16.184435051890606,93.0,0.1307581661522925,0.0640625000000008,0.05483156028368794,0.06227702006313218,7,1.6129055725301926,1,0,0,0,0,0,0,0,0,0,0,0,0,0,0,0
Beethoven,Beethoven_WoO80_var27_8bars_14_15.mid,207.51415337107568,230,101,62.84782608695652,56.0,0.05593750000000007,81.4695652173913,15.401785714285714,0.1608695652173913,0.021739130434782608,0.10869565217391304,0.09130434782608696,0.030434782608695653,0.13043478260869565,0.0391304347826087,0.13043478260869565,0.09565217391304348,0.05652173913043478,0.04782608695652174,0.08695652173913043,2.3460574668242806,0.001820520898970804,0.8910411480498468,2.2549019607843137,0.43722943722943725,0.3907147975341825,0.8983296682730549,0.29565187826116524,new_midi_files\BigSynthPiano\midi\Beethoven_WoO80_var27_8bars_14_15.mid,14.933333333333334,1,1,1,0,0,12.512545689104522,65.0,12.564492231218713,93.0,0.03417792514003771,0.04947916666666741,0.06272288937409025,0.06979456950731684,6,0.8615373883928582,1,0,0,0,0,0,0,0,0,0,0,0,0,0,0,0
Beethoven,Beethoven_WoO80_var27_8bars_1_15.mid,219.26514399205544,213,109,62.68075117370892,56.0,0.11708724569640061,79.87793427230046,14.219749652294855,0.1643192488262911,0.023474178403755867,0.11737089201877934,0.0892018779342723,0.028169014084507043,0.11737089201877934,0.028169014084507043,0.1267605633802817,0.10328638497652583,0.056338028169014086,0.056338028169014086,0.0892018779342723,2.3404177664989363,0.0018629644323951008,0.8934162092504193,1.9363636363636363,0.5093457943925234,0.3626444603290547,1.02460347659839,0.3004691830988919,new_midi_files\BigSynthPiano\midi\Beethoven_WoO80_var27_8bars_1_15.mid,14.979166666666666,1,1,1,0,0,12.337258177643902,63.0,14.12566443509009,90.0,0.11426900791328928,0.06354166666666572,0.06471599842767296,0.06613254464801022,7,1.6649513212795544,1,0,0,0,0,0,0,0,0,0,0,0,0,0,0,0
Beethoven,Beethoven_WoO80_var27_8bars_22_15.mid,223.97072278133587,226,102,63.190265486725664,56.0,0.06367072271386434,84.52654867256638,14.005551610612613,0.1592920353982301,0.02654867256637168,0.10176991150442478,0.084070796460177,0.04424778761061947,0.14601769911504425,0.035398230088495575,0.11504424778761062,0.10176991150442478,0.05752212389380531,0.048672566371681415,0.07964601769911504,2.3610711164895593,0.0016930108509323801,0.886212436084027,2.1941747572815533,0.44933920704845814,0.37572243902475877,0.986655166437603,0.2964598805312699,new_midi_files\BigSynthPiano\midi\Beethoven_WoO80_var27_8bars_22_15.mid,16.136458333333334,1,1,1,0,0,12.563259149619189,65.0,11.60339069836737,88.0,0.032784249949601114,0.05520833333333375,0.058888888888888886,0.06527844266800863,7,0.8917435930540318,1,0,0,0,0,0,0,0,0,0,0,0,0,0,0,0
Beethoven,Beethoven_WoO80_var27_8bars_24_15.mid,240.35767511177352,234,101,63.02136752136752,56.0,0.07954504985754982,81.45299145299145,16.23121387283237,0.1581196581196581,0.02564102564102564,0.10683760683760683,0.0811965811965812,0.03418803418803419,0.13675213675213677,0.03418803418803419,0.1111111111111111,0.09829059829059829,0.07264957264957266,0.05128205128205128,0.08974358974358974,2.362625711632237,0.0016116955219519322,0.888587495224149,2.2941176470588234,0.4297872340425532,0.3374783562000683,1.0227986174969086,0.29059800000029057,new_midi_files\BigSynthPiano\midi\Beethoven_WoO80_var27_8bars_24_15.mid,14.416666666666666,1,1,1,0,0,12.599839430938827,65.0,13.159764972374395,92.0,0.09569199162380601,0.03802083333333339,0.05412643061516451,0.060826143560500395,7,1.2911127167630045,1,0,0,0,0,0,0,0,0,0,0,0,0,0,0,0
Beethoven,Beethoven_WoO80_var27_8bars_26_15.mid,213.4998049161139,221,99,63.04977375565611,56.0,0.06548359728506786,79.6606334841629,14.14871623874625,0.1493212669683258,0.02262443438914027,0.11764705882352941,0.08144796380090498,0.04072398190045249,0.13574660633484162,0.04072398190045249,0.11764705882352941,0.1085972850678733,0.05429864253393665,0.04524886877828054,0.08597285067873303,2.3595745652875038,0.0016429445661545739,0.8881871539910032,2.21,0.44594594594594594,0.371378582443543,0.961710832955468,0.2986422352944163,new_midi_files\BigSynthPiano\midi\Beethoven_WoO80_var27_8bars_26_15.mid,15.619791666666666,1,1,1,0,0,12.683843089317383,65.0,11.651723409960745,84.0,0.0634984170091102,0.04999999999999982,0.06495738636363636,0.07164821461752201,7,0.9265088362787595,1,0,0,0,0,0,0,0,0,0,0,0,0,0,0,0
Beethoven,Beethoven_WoO80_var27_8bars_2_15.mid,236.49635036496335,230,89,63.356521739130436,56.0,0.07977807971014489,82.63478260869566,16.082744555320854,0.15217391304347827,0.02608695652173913,0.11304347826086956,0.08260869565217391,0.0391304347826087,0.1391304347826087,0.034782608695652174,0.11739130434782609,0.1,0.05652173913043478,0.0391304347826087,0.1,2.353312420035002,0.0017260029405587064,0.8838868924448268,2.5555555555555554,0.3852813852813853,0.34794127354677173,1.0237937245236508,0.28260841304376094,new_midi_files\BigSynthPiano\midi\Beethoven_WoO80_var27_8bars_2_15.mid,14.301041666666666,1,1,1,0,0,12.572704253641197,65.0,11.544869317642217,73.0,0.07547235015659914,0.04270833333333357,0.05416666666666667,0.062430668726376155,7,1.2830504770922861,1,0,0,0,0,0,0,0,0,0,0,0,0,0,0,0
Beethoven,Beethoven_WoO80_var27_8bars_3_15.mid,221.1458948611931,244,111,63.49180327868852,57.0,0.09410860655737707,77.89754098360656,16.41025641025641,0.1680327868852459,0.02459016393442623,0.11475409836065574,0.0778688524590164,0.036885245901639344,0.12704918032786885,0.036885245901639344,0.12704918032786885,0.09836065573770492,0.06147540983606557,0.05327868852459016,0.07377049180327869,2.353826397140365,0.0017897667890949267,0.8977536651786797,2.1785714285714284,0.4530612244897959,0.3506593764979564,0.9026363055558903,0.2909833155740615,new_midi_files\BigSynthPiano\midi\Beethoven_WoO80_var27_8bars_3_15.mid,14.86875,1,1,1,0,0,12.47308308583803,65.0,16.11923280073794,100.0,0.0928182361182093,0.05937499999999998,0.05547839506172839,0.06266498666288721,8,1.5443463640184958,1,0,0,0,0,0,0,0,0,0,0,0,0,0,0,0
Beethoven,Beethoven_WoO80_var27_8bars_4_15.mid,227.18446601941753,210,105,62.82857142857143,56.0,0.10142361111111113,79.22857142857143,14.753018660812295,0.14761904761904762,0.014285714285714285,0.10476190476190476,0.08571428571428572,0.047619047619047616,0.1523809523809524,0.047619047619047616,0.12380952380952381,0.10476190476190476,0.05238095238095238,0.03333333333333333,0.08571428571428572,2.3400948092916893,0.001853741496598639,0.891314219556163,1.9811320754716981,0.4976303317535545,0.34721281781657043,1.0767036304237798,0.28571400000028574,new_midi_files\BigSynthPiano\midi\Beethoven_WoO80_var27_8bars_4_15.mid,14.234375,1,1,1,0,0,12.78984503637248,63.0,12.941448467438804,99.0,0.10283772232338158,0.0630208333333333,0.06446870015948963,0.06723177079060184,5,1.4963044273691912,1,0,0,0,0,0,0,0,0,0,0,0,0,0,0,0
Beethoven,Beethoven_WoO80_var27_8bars_7_15.mid,220.85889570552146,230,101,62.93478260869565,56.0,0.046798007246376866,86.25652173913043,14.988799131084109,0.1608695652173913,0.021739130434782608,0.10869565217391304,0.08695652173913043,0.034782608695652174,0.13478260869565217,0.043478260869565216,0.12173913043478261,0.1,0.05217391304347826,0.05217391304347826,0.08260869565217391,2.354805944650494,0.0017291535391724428,0.8898100031325528,2.2549019607843137,0.43722943722943725,0.3887900075623776,0.9560991156083181,0.30434752173943475,new_midi_files\BigSynthPiano\midi\Beethoven_WoO80_var27_8bars_7_15.mid,15.344791666666666,1,1,1,0,0,12.480597417962922,65.0,11.024452114433645,82.0,0.01224793857553955,0.046875,0.05915211062590975,0.07001310202925416,7,0.7014459303509614,1,0,0,0,0,0,0,0,0,0,0,0,0,0,0,0
Beethoven,Beethoven_WoO80_var28_8bars_11_16.mid,208.58768753233306,117,123,58.2991452991453,56.0,0.2354166666666667,52.572649572649574,7.5600726930066635,0.1794871794871795,0.008547008547008548,0.11965811965811966,0.08547008547008547,0.05128205128205128,0.1282051282051282,0.02564102564102564,0.1282051282051282,0.09401709401709402,0.05982905982905983,0.042735042735042736,0.07692307692307693,2.3090461193339404,0.0022417634597121775,0.9605629508303966,0.9435483870967742,1.0423728813559323,0.2508384447179856,1.7676922672231616,0.2564100000002565,new_midi_files\BigSynthPiano\midi\Beethoven_WoO80_var28_8bars_11_16.mid,15.476041666666667,1,1,1,0,0,11.99092602603294,58.0,11.458819795224239,61.0,0.27811107808450175,0.10104166666666625,0.12272808908045976,0.055137567002322044,4,1.7797671131453188,1,0,0,0,0,0,0,0,0,0,0,0,0,0,0,0
Beethoven,Beethoven_WoO80_var28_8bars_14_16.mid,199.3079584775087,117,149,58.205128205128204,56.0,0.32062856125356126,52.666666666666664,5.578069129916567,0.17094017094017094,0.008547008547008548,0.11965811965811966,0.08547008547008547,0.05982905982905983,0.1282051282051282,0.02564102564102564,0.1282051282051282,0.10256410256410256,0.05982905982905983,0.042735042735042736,0.06837606837606838,2.3162851668460926,0.002107835975357343,0.9621145209152131,0.78,1.2627118644067796,0.26292847806434144,1.6890504955721075,0.264957000000265,new_midi_files\BigSynthPiano\midi\Beethoven_WoO80_var28_8bars_14_16.mid,20.975,1,1,1,0,0,12.030970335171874,58.0,15.764289407163917,71.0,0.36772414020053873,0.1416666666666675,0.1524335488505747,0.10142678487326934,4,1.7884882796980535,1,0,0,0,0,0,0,0,0,0,0,0,0,0,0,0
Beethoven,Beethoven_WoO80_var28_8bars_18_16.mid,209.41828254847647,117,143,58.1965811965812,56.0,0.33734864672364673,51.77777777777778,6.308694675353853,0.1794871794871795,0.008547008547008548,0.13675213675213677,0.08547008547008547,0.05128205128205128,0.1282051282051282,0.02564102564102564,0.1282051282051282,0.07692307692307693,0.05982905982905983,0.042735042735042736,0.07692307692307693,2.302099195091329,0.0023635157182165726,0.9622558213270772,0.8125,1.2118644067796611,0.24607071757583202,1.7747312080379363,0.2393160000002393,new_midi_files\BigSynthPiano\midi\Beethoven_WoO80_var28_8bars_18_16.mid,18.545833333333334,1,1,1,0,0,12.035729796343327,58.0,15.193403376888257,82.0,0.41501143055826034,0.15729166666666927,0.14446839080459772,0.07282840689233577,5,2.128229611323298,1,0,0,0,0,0,0,0,0,0,0,0,0,0,0,0
Beethoven,Beethoven_WoO80_var28_8bars_1_16.mid,206.63677130044837,118,144,58.16101694915254,56.0,0.2706479519774012,44.17796610169491,6.7188612099644125,0.17796610169491525,0.00847457627118644,0.11016949152542373,0.0847457627118644,0.06779661016949153,0.1271186440677966,0.025423728813559324,0.1271186440677966,0.09322033898305085,0.059322033898305086,0.0423728813559322,0.07627118644067797,2.319002684116753,0.0020927096300552206,0.9628442206592427,0.8137931034482758,1.2100840336134453,0.2127656186570626,1.736443456306289,0.25423703389855934,new_midi_files\BigSynthPiano\midi\Beethoven_WoO80_var28_8bars_1_16.mid,17.5625,1,1,1,0,0,11.96249105270944,58.0,11.22544880831067,55.0,0.37420802255460567,0.09999999999999964,0.13564814814814813,0.07712568510911724,4,1.8184460260972721,1,0,0,0,0,0,0,0,0,0,0,0,0,0,0,0
Beethoven,Beethoven_WoO80_var28_8bars_24_16.mid,213.20172732880937,117,118,58.2991452991453,56.0,0.2920673076923078,45.88034188034188,7.074829931972788,0.1794871794871795,0.008547008547008548,0.11965811965811966,0.08547008547008547,0.05128205128205128,0.1282051282051282,0.02564102564102564,0.1282051282051282,0.09401709401709402,0.05982905982905983,0.042735042735042736,0.07692307692307693,2.3090461193339404,0.0022417634597121775,0.9605629508303966,0.9831932773109243,1.0,0.2141922124181262,1.8067942993966897,0.2564100000002565,new_midi_files\BigSynthPiano\midi\Beethoven_WoO80_var28_8bars_24_16.mid,16.5375,1,1,1,0,0,11.990926026032941,58.0,13.968317259520024,65.0,0.3763112867791771,0.09895833333333215,0.12780172413793103,0.06563517837977571,5,2.0663265306122454,1,0,0,0,0,0,0,0,0,0,0,0,0,0,0,0
Beethoven,Beethoven_WoO80_var28_8bars_2_16.mid,210.98901098901092,117,139,58.2991452991453,56.0,0.3343215811965813,53.0940170940171,6.414253897550111,0.1794871794871795,0.008547008547008548,0.11965811965811966,0.08547008547008547,0.05128205128205128,0.1282051282051282,0.02564102564102564,0.1282051282051282,0.09401709401709402,0.05982905982905983,0.042735042735042736,0.07692307692307693,2.3090461193339404,0.0022417634597121775,0.9605629508303966,0.8357142857142857,1.1779661016949152,0.2504564592584914,1.7880424660085672,0.2564100000002565,new_midi_files\BigSynthPiano\midi\Beethoven_WoO80_var28_8bars_2_16.mid,18.240625,1,1,1,0,0,11.990926026032941,58.0,15.416709164727513,71.0,0.34172773036104853,0.15624999999999822,0.12439834770114941,0.06199420439344496,5,2.144423505225287,1,0,0,0,0,0,0,0,0,0,0,0,0,0,0,0
Beethoven,Beethoven_WoO80_var28_8bars_4_16.mid,206.67954733646155,117,144,58.2991452991453,56.0,0.32929131054131056,49.53846153846154,6.414253897550111,0.1794871794871795,0.008547008547008548,0.11965811965811966,0.08547008547008547,0.05128205128205128,0.1282051282051282,0.02564102564102564,0.1282051282051282,0.09401709401709402,0.05982905982905983,0.042735042735042736,0.07692307692307693,2.3090461193339404,0.0022417634597121775,0.9605629508303966,0.8068965517241379,1.2203389830508475,0.23853317369863244,1.7515215875971317,0.2564100000002565,new_midi_files\BigSynthPiano\midi\Beethoven_WoO80_var28_8bars_4_16.mid,18.240625,1,1,1,0,0,11.990926026032941,58.0,11.596889106539539,50.0,0.31943062964812774,0.2124999999999999,0.14601293103448276,0.07904230106223913,6,2.112158072068986,1,0,0,0,0,0,0,0,0,0,0,0,0,0,0,0
Beethoven,Beethoven_WoO80_var28_8bars_7_16.mid,197.26027397260304,119,156,58.36134453781513,56.0,0.36617647058823544,44.26890756302521,6.048284625158831,0.17647058823529413,0.008403361344537815,0.11764705882352941,0.08403361344537816,0.05042016806722689,0.12605042016806722,0.025210084033613446,0.13445378151260504,0.09243697478991597,0.06722689075630252,0.04201680672268908,0.07563025210084033,2.3104614574703533,0.0022062746667294375,0.9595392204197023,0.7579617834394905,1.3,0.2232868273406229,1.6438356164383587,0.2521005882355462,new_midi_files\BigSynthPiano\midi\Beethoven_WoO80_var28_8bars_7_16.mid,19.675,1,1,1,0,0,12.101622290328033,58.0,10.929643200363575,51.0,0.39416760363093734,0.19895833333333357,0.14720162429378528,0.08564563186527246,5,2.214739517153748,1,0,0,0,0,0,0,0,0,0,0,0,0,0,0,0
Beethoven,Beethoven_WoO80_var28_8bars_Score2_16.mid,219.99981666681956,117,99,58.2991452991453,56.0,0.2213579933226496,50.0,8.95693033493445,0.1794871794871795,0.008547008547008548,0.11965811965811966,0.08547008547008547,0.05128205128205128,0.1282051282051282,0.02564102564102564,0.1282051282051282,0.09401709401709402,0.05982905982905983,0.042735042735042736,0.07692307692307693,2.3090461193339404,0.0022417634597121775,0.9605629508303966,1.17,0.8389830508474576,0.22624453157524674,1.8644052259899961,0.2564100000002565,new_midi_files\BigSynthPiano\midi\Beethoven_WoO80_var28_8bars_Score2_16.mid,13.062510885416666,2,2,1,0,0,11.990926026032941,58.0,0.0,0.0,0.1661511697599916,0.13522738541666668,0.10815056034482758,0.05523832247925157,2,1.9826881252718587,2,0,0,0,0,0,0,0,0,0,0,0,0,0,0,0
Beethoven,Beethoven_WoO80_var30_8bars_11_17.mid,86.90867134108454,95,54,54.44210526315789,32.0,0.4012719298245613,41.694736842105264,5.064978340553148,0.21052631578947367,0.010526315789473684,0.12631578947368421,0.06315789473684211,0.031578947368421054,0.10526315789473684,0.031578947368421054,0.14736842105263157,0.10526315789473684,0.031578947368421054,0.031578947368421054,0.10526315789473684,2.2413317855147605,0.0033325638658048633,0.5877803449653649,1.7272727272727273,0.5625,0.4742960643817515,0.905298659802964,0.24210502105287368,new_midi_files\BigSynthPiano\midi\Beethoven_WoO80_var30_8bars_11_17.mid,18.75625,1,1,1,0,0,8.029833569060719,55.0,12.345954960152591,69.0,0.15859563762433307,0.36666666666666714,0.18949468085106383,0.3084327765310765,5,2.032433633233366,1,0,0,0,0,0,0,0,0,0,0,0,0,0,0,0
Beethoven,Beethoven_WoO80_var30_8bars_18_17.mid,73.76340643508884,96,46,54.364583333333336,32.0,0.5332139756944446,45.697916666666664,4.1020162905594875,0.20833333333333334,0.010416666666666666,0.125,0.0625,0.03125,0.10416666666666667,0.03125,0.14583333333333334,0.10416666666666667,0.03125,0.03125,0.11458333333333333,2.240985877402091,0.0033094618055555555,0.588618498465726,2.0425531914893615,0.4742268041237113,0.6112337418218438,0.7604474890215345,0.23958309375023962,new_midi_files\BigSynthPiano\midi\Beethoven_WoO80_var30_8bars_18_17.mid,23.403125,1,1,1,0,0,8.023558790195422,54.0,14.334631572746781,75.0,0.1942616329944419,0.4973958333333339,0.22081140350877193,0.3703447642428927,6,2.187252414652602,1,0,0,0,0,0,0,0,0,0,0,0,0,0,0,0
Beethoven,Beethoven_WoO80_var30_8bars_22_17.mid,63.88957357653438,96,55,54.364583333333336,32.0,0.6721028645833335,39.958333333333336,3.8167812474115794,0.20833333333333334,0.010416666666666666,0.125,0.0625,0.03125,0.10416666666666667,0.03125,0.14583333333333334,0.10416666666666667,0.03125,0.03125,0.11458333333333333,2.240985877402091,0.0033094618055555555,0.588618498465726,1.7142857142857142,0.5670103092783505,0.6157897352523706,0.6586553976962307,0.23958309375023962,new_midi_files\BigSynthPiano\midi\Beethoven_WoO80_var30_8bars_22_17.mid,25.152083333333334,1,1,1,0,0,8.023558790195422,54.0,10.676996950870077,60.0,0.14882314693520668,0.6541666666666672,0.24962719298245614,0.420821823160659,7,2.5652696098732712,1,0,0,0,0,0,0,0,0,0,0,0,0,0,0,0
Beethoven,Beethoven_WoO80_var30_8bars_24_17.mid,86.40000000000003,96,62,54.364583333333336,32.0,0.55263671875,45.479166666666664,4.702280728608603,0.20833333333333334,0.010416666666666666,0.125,0.0625,0.03125,0.10416666666666667,0.03125,0.14583333333333334,0.10416666666666667,0.03125,0.03125,0.11458333333333333,2.240985877402091,0.0033094618055555555,0.588618498465726,1.5238095238095237,0.6391752577319587,0.5203565980167808,0.8907216494845365,0.23958309375023962,new_midi_files\BigSynthPiano\midi\Beethoven_WoO80_var30_8bars_24_17.mid,20.415625,1,1,1,0,0,8.023558790195422,54.0,14.063827097873782,75.0,0.2015423651032011,0.4833333333333334,0.18682017543859647,0.30752322781471825,8,2.5986529924996167,1,0,0,0,0,0,0,0,0,0,0,0,0,0,0,0
Beethoven,Beethoven_WoO80_var30_8bars_4_17.mid,71.07820453493754,95,59,54.44210526315789,32.0,0.5516337719298244,40.67368421052632,3.697547131562944,0.21052631578947367,0.010526315789473684,0.12631578947368421,0.06315789473684211,0.031578947368421054,0.10526315789473684,0.031578947368421054,0.14736842105263157,0.10526315789473684,0.031578947368421054,0.031578947368421054,0.10526315789473684,2.2413317855147605,0.0033325638658048633,0.5877803449653649,1.5833333333333333,0.6145833333333334,0.5642993533615434,0.7403979639055994,0.24210502105287368,new_midi_files\BigSynthPiano\midi\Beethoven_WoO80_var30_8bars_4_17.mid,25.692708333333332,1,1,1,0,0,8.029833569060719,55.0,10.436214382481758,50.0,0.22903358639069318,0.4916666666666667,0.2558732269503546,0.42944455309644874,7,2.0396918710723706,1,0,0,0,0,0,0,0,0,0,0,0,0,0,0,0
Beethoven,Beethoven_WoO80_var30_8bars_7_17.mid,68.54422848076157,98,56,54.357142857142854,32.0,0.5784863945578231,46.142857142857146,3.3929601846508946,0.20408163265306123,0.01020408163265306,0.12244897959183673,0.061224489795918366,0.030612244897959183,0.11224489795918367,0.030612244897959183,0.15306122448979592,0.10204081632653061,0.030612244897959183,0.030612244897959183,0.11224489795918367,2.237337584530928,0.0033290527095191824,0.5886990693274811,1.719298245614035,0.5656565656565656,0.6635037608566168,0.6923659442501169,0.2346936428573776,new_midi_files\BigSynthPiano\midi\Beethoven_WoO80_var30_8bars_7_17.mid,28.883333333333333,1,1,1,0,0,7.942715826080998,54.0,14.191115357928735,70.0,0.2750254487152521,0.5109375000000007,0.24648840206185563,0.42991487383558824,6,1.962781304096942,1,0,0,0,0,0,0,0,0,0,0,0,0,0,0,0
Beethoven,Beethoven_WoO80_var30_8bars_Score2_17.mid,80.0,96,30,54.364583333333336,32.0,0.42565107178819517,41.0,4.923865752147066,0.20833333333333334,0.010416666666666666,0.125,0.0625,0.03125,0.10416666666666667,0.03125,0.14583333333333334,0.10416666666666667,0.03125,0.03125,0.11458333333333333,2.240985877402091,0.0033094618055555555,0.588618498465726,3.096774193548387,0.30927835051546393,0.5061728395061729,0.8247422680412371,0.23958309375023962,new_midi_files\BigSynthPiano\midi\Beethoven_WoO80_var30_8bars_Score2_17.mid,19.496875997916664,2,2,1,0,0,8.023558790195422,54.0,0.0,0.0,0.2708922908536733,0.37343750000000053,0.18157894736842106,0.3212682623585652,4,2.095848734742586,2,0,0,0,0,0,0,0,0,0,0,0,0,0,0,0
Beethoven,Beethoven_WoO80_var3_8bars_14_2.mid,201.2813046010484,183,96,59.87978142076503,63.0,0.07136270491803276,60.885245901639344,11.7002997002997,0.20218579234972678,0.060109289617486336,0.11475409836065574,0.08196721311475409,0.0,0.09836065573770492,0.02185792349726776,0.09836065573770492,0.10382513661202186,0.04918032786885246,0.0546448087431694,0.11475409836065574,2.276069323043292,0.0025188619148576153,1.052108031343697,1.8865979381443299,0.5217391304347826,0.3009929465390831,1.09392013370135,0.32240404918065024,new_midi_files\BigSynthPiano\midi\Beethoven_WoO80_var3_8bars_14_2.mid,15.640625,1,1,1,0,0,17.813446629626174,60.0,10.660839468052039,61.0,0.08417760709441215,0.052083333333333925,0.08224587912087912,0.0735304835521066,3,0.8349650349650347,1,0,0,0,0,0,0,0,0,0,0,0,0,0,0,0
Beethoven,Beethoven_WoO80_var3_8bars_18_2.mid,209.57487552661803,184,106,59.56521739130435,63.0,0.12352241847826084,64.52717391304348,11.542080501829588,0.19021739130434784,0.05434782608695652,0.11956521739130435,0.08152173913043478,0.0,0.09239130434782608,0.021739130434782608,0.09782608695652174,0.10326086956521739,0.05434782608695652,0.05434782608695652,0.13043478260869565,2.2796501563785956,0.002408895190086117,1.0576642158202358,1.719626168224299,0.572972972972973,0.30643339454277313,1.132837165008746,0.3152170760872718,new_midi_files\BigSynthPiano\midi\Beethoven_WoO80_var3_8bars_18_2.mid,15.941666666666666,1,1,1,0,0,17.992029846468668,60.0,10.407946412956383,61.0,0.1061286242704883,0.09531250000000002,0.07919512750455374,0.06969448652546416,9,1.425705697856769,1,0,0,0,0,0,0,0,0,0,0,0,0,0,0,0
Beethoven,Beethoven_WoO80_var3_8bars_1_2.mid,236.06557377049182,188,106,59.83510638297872,63.0,0.09315713652482265,68.65957446808511,13.232641689273407,0.19148936170212766,0.05319148936170213,0.1276595744680851,0.0797872340425532,0.005319148936170213,0.10106382978723404,0.02127659574468085,0.09574468085106383,0.09574468085106383,0.047872340425531915,0.05319148936170213,0.1276595744680851,2.2920608814663535,0.002439515114933856,1.052893572944796,1.7570093457943925,0.5608465608465608,0.2896227122988169,1.249024199843872,0.303191186170516,new_midi_files\BigSynthPiano\midi\Beethoven_WoO80_var3_8bars_1_2.mid,14.207291666666666,1,1,1,0,0,17.850723851148427,60.0,12.845276631268641,71.0,0.058942512629139944,0.08593749999999956,0.06645499108734403,0.055502533039864674,5,1.2327150084317018,1,0,0,0,0,0,0,0,0,0,0,0,0,0,0,0
Beethoven,Beethoven_WoO80_var3_8bars_2_2.mid,247.17372003551344,182,86,59.68681318681319,63.0,0.08613209706959701,69.94505494505495,14.532146718788988,0.19230769230769232,0.054945054945054944,0.12087912087912088,0.08241758241758242,0.0,0.0989010989010989,0.02197802197802198,0.0989010989010989,0.0989010989010989,0.054945054945054944,0.054945054945054944,0.12087912087912088,2.2822121348753743,0.0023791074615250435,1.0555095100706313,2.0919540229885056,0.46994535519125685,0.28183908809944047,1.350676065767833,0.31318650000031323,new_midi_files\BigSynthPiano\midi\Beethoven_WoO80_var3_8bars_2_2.mid,12.523958333333333,1,1,1,0,0,17.82995817509229,60.0,12.3589738161463,74.0,0.04871253057787191,0.08489583333333384,0.06186694290976059,0.051466370525260395,4,1.2516842718123586,1,0,0,0,0,0,0,0,0,0,0,0,0,0,0,0
Beethoven,Beethoven_WoO80_var3_8bars_4_2.mid,235.04773637203556,179,92,60.43016759776536,63.0,0.0845961359404097,69.24022346368714,14.089865529681864,0.18994413407821228,0.055865921787709494,0.12290502793296089,0.08379888268156424,0.00558659217877095,0.1005586592178771,0.0223463687150838,0.10614525139664804,0.0893854748603352,0.0446927374301676,0.05027932960893855,0.12849162011173185,2.2938084553507565,0.002410756704084004,1.0425256368113074,1.924731182795699,0.5111111111111111,0.2933314444268062,1.3058207576224197,0.30167567597795536,new_midi_files\BigSynthPiano\midi\Beethoven_WoO80_var3_8bars_4_2.mid,12.704166666666666,1,1,1,0,0,17.84349670978887,60.0,10.842362188525108,70.0,0.04244586344876701,0.07604166666666679,0.0651626872659176,0.048571059860427715,5,1.1919481797310596,1,0,0,0,0,0,0,0,0,0,0,0,0,0,0,0
Beethoven,Beethoven_WoO80_var3_8bars_7_2.mid,223.12769010043024,190,98,59.3,63.0,0.08129385964912285,75.61578947368422,13.481152993348115,0.19473684210526315,0.05263157894736842,0.11578947368421053,0.07894736842105263,0.015789473684210527,0.09473684210526316,0.021052631578947368,0.09473684210526316,0.08947368421052632,0.06315789473684211,0.05263157894736842,0.12631578947368421,2.323705398261582,0.0021968297937827027,1.0623945857943577,1.9191919191919191,0.5130890052356021,0.33737816795328257,1.1682078015729331,0.2947365473687159,new_midi_files\BigSynthPiano\midi\Beethoven_WoO80_var3_8bars_7_2.mid,14.09375,1,1,1,0,0,17.826635895996223,60.0,10.580257839754125,71.0,0.04760671966873723,0.06406249999999997,0.06843584656084657,0.06126347955374167,4,1.095934959349594,1,0,0,0,0,0,0,0,0,0,0,0,0,0,0,0
Beethoven,Beethoven_WoO80_var3_8bars_Score2_2.mid,219.99981666681953,184,109,59.483695652173914,63.0,0.1285450675951087,96.0,14.371160474552156,0.1956521739130435,0.05434782608695652,0.11956521739130435,0.08152173913043478,0.0,0.09782608695652174,0.021739130434782608,0.09782608695652174,0.09782608695652174,0.05434782608695652,0.059782608695652176,0.11956521739130435,2.2818536640968086,0.002403972379752153,1.0591137327659272,1.6727272727272726,0.5891891891891892,0.4343895006244738,1.1891881981990244,0.31521707608727173,new_midi_files\BigSynthPiano\midi\Beethoven_WoO80_var3_8bars_Score2_2.mid,12.803419760416665,2,2,1,0,0,17.85325921514121,60.0,0.0,0.0,0.011581229918726323,0.1284091979166666,0.06855445355191256,0.06758209326533834,2,1.8473417946214614,2,0,0,0,0,0,0,0,0,0,0,0,0,0,0,0
Beethoven,Beethoven_WoO80_var3_8bars_Score_2.mid,232.00017013345817,184,109,59.483695652173914,63.0,0.12252848960597826,96.0,15.155065697898745,0.1956521739130435,0.05434782608695652,0.11956521739130435,0.08152173913043478,0.0,0.09782608695652174,0.021739130434782608,0.09782608695652174,0.09782608695652174,0.05434782608695652,0.059782608695652176,0.11956521739130435,2.2818536640968086,0.002403972379752153,1.0591137327659272,1.6727272727272726,0.5891891891891892,0.41201686653281405,1.2540549736943685,0.31521707608727173,new_midi_files\BigSynthPiano\midi\Beethoven_WoO80_var3_8bars_Score_2.mid,12.141154889583333,2,2,1,0,0,17.85325921514121,60.0,0.0,0.0,0.014206812099141448,0.12176715208333333,0.06500843169398908,0.06408636734956483,2,1.856927309842904,2,0,0,0,0,0,0,0,0,0,0,0,0,0,0,0
Beethoven,Beethoven_WoO80_var4_8bars_11_3.mid,177.9975278121137,107,72,60.25233644859813,51.0,0.07457165109034278,67.96261682242991,8.296583474678943,0.2336448598130841,0.056074766355140186,0.08411214953271028,0.08411214953271028,0.028037383177570093,0.08411214953271028,0.037383177570093455,0.17757009345794392,0.07476635514018691,0.037383177570093455,0.028037383177570093,0.07476635514018691,2.266801263815985,0.0035586562630409244,0.8464401906981387,1.4657534246575343,0.6666666666666666,0.37968466745399665,1.6481252575195713,0.28037355140214953,new_midi_files\BigSynthPiano\midi\Beethoven_WoO80_var4_8bars_11_3.mid,12.896875,1,1,1,0,0,11.912526555417676,63.0,9.916403132999665,53.0,0.03819767696835213,0.06666666666666643,0.11926100628930816,0.07966450207701138,3,0.6186899281156619,1,0,0,0,0,0,0,0,0,0,0,0,0,0,0,0
Beethoven,Beethoven_WoO80_var4_8bars_18_3.mid,232.82134195634632,107,107,60.02803738317757,51.0,0.16532320872274148,53.12149532710281,6.585881900365456,0.2336448598130841,0.056074766355140186,0.08411214953271028,0.08411214953271028,0.028037383177570093,0.08411214953271028,0.037383177570093455,0.17757009345794392,0.07476635514018691,0.037383177570093455,0.028037383177570093,0.07476635514018691,2.266801263815985,0.0035586562630409244,0.8496029751039206,0.9907407407407407,0.9907407407407407,0.22718839470616167,2.155753166262466,0.28037355140214953,new_midi_files\BigSynthPiano\midi\Beethoven_WoO80_var4_8bars_18_3.mid,16.246875,1,1,1,0,0,12.13896017342756,63.0,15.018810809708892,70.0,0.1537988561834196,0.08125000000000071,0.14708136792452828,0.0950889728010805,4,1.0887991280374434,1,0,0,0,0,0,0,0,0,0,0,0,0,0,0,0
Beethoven,Beethoven_WoO80_var4_8bars_19_3.mid,177.07509881422928,107,75,60.25233644859813,51.0,0.08217484423676015,58.86915887850467,7.877300613496932,0.2336448598130841,0.056074766355140186,0.08411214953271028,0.08411214953271028,0.028037383177570093,0.08411214953271028,0.037383177570093455,0.17757009345794392,0.07476635514018691,0.037383177570093455,0.028037383177570093,0.07476635514018691,2.266801263815985,0.0035586562630409244,0.8464401906981387,1.4078947368421053,0.6944444444444444,0.3305861362453483,1.6395842482799008,0.28037355140214953,new_midi_files\BigSynthPiano\midi\Beethoven_WoO80_var4_8bars_19_3.mid,13.583333333333334,1,1,1,0,0,11.912526555417676,63.0,11.138955900121477,59.0,0.0692575031828327,0.05000000000000071,0.12455778301886794,0.08380723985199702,3,0.6473159509202454,1,0,0,0,0,0,0,0,0,0,0,0,0,0,0,0
Beethoven,Beethoven_WoO80_var4_8bars_1_3.mid,195.45300305395315,107,74,60.28971962616822,51.0,0.08347936137071657,50.074766355140184,6.962651664068325,0.22429906542056074,0.056074766355140186,0.08411214953271028,0.08411214953271028,0.037383177570093455,0.08411214953271028,0.037383177570093455,0.17757009345794392,0.07476635514018691,0.037383177570093455,0.028037383177570093,0.07476635514018691,2.285018676102753,0.0032529527081453006,0.8459153479285473,1.4266666666666667,0.6851851851851852,0.2548943797076384,1.809750028277344,0.28037355140214953,new_midi_files\BigSynthPiano\midi\Beethoven_WoO80_var4_8bars_1_3.mid,15.367708333333333,1,1,1,0,0,11.955532364850926,63.0,13.065400505379497,69.0,0.05571134450192427,0.060416666666666785,0.13374606918238993,0.09130914493724776,3,0.5812377143631808,1,0,0,0,0,0,0,0,0,0,0,0,0,0,0,0
Beethoven,Beethoven_WoO80_var4_8bars_22_3.mid,170.65179505054027,107,72,60.25233644859813,51.0,0.04734228971962622,56.08411214953271,8.237369687249398,0.2336448598130841,0.056074766355140186,0.08411214953271028,0.08411214953271028,0.028037383177570093,0.08411214953271028,0.037383177570093455,0.17757009345794392,0.07476635514018691,0.037383177570093455,0.028037383177570093,0.07476635514018691,2.266801263815985,0.0035586562630409244,0.8464401906981387,1.4657534246575343,0.6666666666666666,0.3267318709543328,1.5801092134309285,0.28037355140214953,new_midi_files\BigSynthPiano\midi\Beethoven_WoO80_var4_8bars_22_3.mid,12.989583333333334,1,1,1,0,0,11.912526555417676,63.0,10.358184713880215,57.0,0.016965315913835717,0.04375000000000018,0.12111831761006289,0.07989728918560603,3,0.3899759422614279,1,0,0,0,0,0,0,0,0,0,0,0,0,0,0,0
Beethoven,Beethoven_WoO80_var4_8bars_24_3.mid,183.67346938775503,107,74,60.25233644859813,51.0,0.09428543613707163,60.6822429906542,8.271863424061845,0.2336448598130841,0.056074766355140186,0.08411214953271028,0.08411214953271028,0.028037383177570093,0.08411214953271028,0.037383177570093455,0.17757009345794392,0.07476635514018691,0.037383177570093455,0.028037383177570093,0.07476635514018691,2.266801263815985,0.0035586562630409244,0.8464401906981387,1.4266666666666667,0.6851851851851852,0.32859209929738725,1.700680272108843,0.28037355140214953,new_midi_files\BigSynthPiano\midi\Beethoven_WoO80_var4_8bars_24_3.mid,12.935416666666667,1,1,1,0,0,11.912526555417676,63.0,15.62025891036819,76.0,0.06887870347152145,0.05416666666666714,0.11780660377358491,0.07826409633947497,4,0.7799162506039621,1,0,0,0,0,0,0,0,0,0,0,0,0,0,0,0
Beethoven,Beethoven_WoO80_var4_8bars_2_3.mid,190.33457249070628,107,81,60.299065420560744,51.0,0.07642133956386293,52.691588785046726,8.23803031518165,0.24299065420560748,0.056074766355140186,0.08411214953271028,0.08411214953271028,0.028037383177570093,0.08411214953271028,0.037383177570093455,0.16822429906542055,0.07476635514018691,0.037383177570093455,0.028037383177570093,0.07476635514018691,2.2638015871357045,0.0036605574480061327,0.8457842389183334,1.3048780487804879,0.75,0.2753897954725674,1.7623571526917248,0.28037355140214953,new_midi_files\BigSynthPiano\midi\Beethoven_WoO80_var4_8bars_2_3.mid,12.988541666666666,1,1,1,0,0,11.854424587643695,63.0,11.730948934179315,72.0,0.07881070990719975,0.04999999999999982,0.11400353773584905,0.08647479859847544,3,0.6295613120538938,1,0,0,0,0,0,0,0,0,0,0,0,0,0,0,0
Beethoven,Beethoven_WoO80_var4_8bars_3_3.mid,166.67105090096018,106,80,60.301886792452834,51.0,0.08767688679245275,59.68867924528302,7.316126249191171,0.2358490566037736,0.05660377358490566,0.08490566037735849,0.08490566037735849,0.02830188679245283,0.08490566037735849,0.03773584905660377,0.16981132075471697,0.07547169811320754,0.03773584905660377,0.02830188679245283,0.07547169811320754,2.2716721026421887,0.0034833471777224005,0.8457446668258863,1.308641975308642,0.7476635514018691,0.3559867903526166,1.55767337290617,0.2830185849059434,new_midi_files\BigSynthPiano\midi\Beethoven_WoO80_var4_8bars_3_3.mid,14.488541666666666,1,1,1,0,0,11.95760578304268,63.0,8.188076014647441,50.0,0.06924174829443423,0.05364583333333339,0.12842261904761904,0.08172843396844359,3,0.6414551729096262,1,0,0,0,0,0,0,0,0,0,0,0,0,0,0,0
Beethoven,Beethoven_WoO80_var4_8bars_4_3.mid,181.04098566758864,108,74,60.074074074074076,51.0,0.08822337962962962,62.5,8.183109707971587,0.23148148148148148,0.05555555555555555,0.08333333333333333,0.08333333333333333,0.027777777777777776,0.09259259259259259,0.037037037037037035,0.17592592592592593,0.07407407407407407,0.037037037037037035,0.027777777777777776,0.07407407407407407,2.2682814142133796,0.003500800182898948,0.8489518970889635,1.44,0.6788990825688074,0.3433292770350439,1.6609264740145746,0.2777775000002778,new_midi_files\BigSynthPiano\midi\Beethoven_WoO80_var4_8bars_4_3.mid,13.197916666666666,1,1,1,0,0,11.999771374136678,63.0,12.541412880414912,59.0,0.06553360808905354,0.056250000000000355,0.11441783489096573,0.07768485170471089,4,0.7219415943172849,1,0,0,0,0,0,0,0,0,0,0,0,0,0,0,0
Beethoven,Beethoven_WoO80_var4_8bars_7_3.mid,240.73911130664322,107,94,60.25233644859813,51.0,0.09538551401869158,57.018691588785046,6.711532179026461,0.2336448598130841,0.056074766355140186,0.08411214953271028,0.08411214953271028,0.028037383177570093,0.08411214953271028,0.037383177570093455,0.17757009345794392,0.07476635514018691,0.037383177570093455,0.028037383177570093,0.07476635514018691,2.266801263815985,0.0035586562630409244,0.8464401906981387,1.1263157894736842,0.8703703703703703,0.23586870689061773,2.2290658454318817,0.28037355140214953,new_midi_files\BigSynthPiano\midi\Beethoven_WoO80_var4_8bars_7_3.mid,15.942708333333334,1,1,1,0,0,11.912526555417676,63.0,9.477944203541359,51.0,0.08283254806770053,0.054166666666666696,0.14322916666666666,0.09651466532453504,3,0.6401829467494282,1,0,0,0,0,0,0,0,0,0,0,0,0,0,0,0
Beethoven,Beethoven_WoO80_var4_8bars_Score_3.mid,174.00012760009355,107,98,60.308411214953274,51.0,0.18182995044781927,55.86915887850467,8.626189976293984,0.2336448598130841,0.056074766355140186,0.08411214953271028,0.08411214953271028,0.018691588785046728,0.08411214953271028,0.037383177570093455,0.17757009345794392,0.07476635514018691,0.037383177570093455,0.037383177570093455,0.07476635514018691,2.2636255808855474,0.0035732135751788113,0.8456531705431753,1.0808080808080809,0.9074074074074074,0.3192521036680364,1.611112292593459,0.28971933644888787,new_midi_files\BigSynthPiano\midi\Beethoven_WoO80_var4_8bars_Score_3.mid,12.404085731250001,2,2,1,0,0,11.944115365663773,63.0,12.573584617508093,63.0,0.04783131203890312,0.16271539791666711,0.11548462578616353,0.08043173860601029,3,1.5684996959430109,2,0,0,0,0,0,0,0,0,0,0,0,0,0,0,0
Beethoven,Beethoven_WoO80_var5_8bars_18_4.mid,183.18945933666544,146,83,66.72602739726027,56.0,0.22848173515981735,62.95205479452055,7.919986438379387,0.18493150684931506,0.00684931506849315,0.06164383561643835,0.06164383561643835,0.07534246575342465,0.0821917808219178,0.0821917808219178,0.1643835616438356,0.0410958904109589,0.0821917808219178,0.06164383561643835,0.0958904109589041,2.325272389405415,0.002180156794061842,0.8392527076030698,1.7380952380952381,0.564625850340136,0.34177881308319297,1.2461867982086083,0.2534244041098425,new_midi_files\BigSynthPiano\midi\Beethoven_WoO80_var5_8bars_18_4.mid,18.434375,1,1,1,0,0,11.375002964289967,65.5,18.719388597826843,94.0,0.30163495199171975,0.09687499999999982,0.11604166666666665,0.15189877204649718,5,1.8095722438831445,1,0,0,0,0,0,0,0,0,0,0,0,0,0,0,0
Beethoven,Beethoven_WoO80_var5_8bars_19_4.mid,197.26027397260276,159,99,66.0880503144654,56.0,0.18120414046121594,64.66037735849056,9.786497403346798,0.1949685534591195,0.006289308176100629,0.07547169811320754,0.05660377358490566,0.06918238993710692,0.07547169811320754,0.07547169811320754,0.16352201257861634,0.03773584905660377,0.09433962264150944,0.05660377358490566,0.09433962264150944,2.310792842642393,0.0024137033081497307,0.8473543838285739,1.59,0.61875,0.3261388480045471,1.2328767123287672,0.23270416981155348,new_midi_files\BigSynthPiano\midi\Beethoven_WoO80_var5_8bars_19_4.mid,16.246875,1,1,1,0,0,11.128965916123937,64.0,17.32625527545347,95.0,0.22261308734427124,0.08124999999999982,0.09798259493670887,0.14003821961850377,6,1.7733538500993786,1,0,0,0,0,0,0,0,0,0,0,0,0,0,0,0
Beethoven,Beethoven_WoO80_var5_8bars_1_4.mid,192.34523503724637,147,93,67.17006802721089,56.0,0.21163548752834466,57.904761904761905,9.089269612263301,0.17687074829931973,0.013605442176870748,0.08163265306122448,0.05442176870748299,0.08163265306122448,0.08163265306122448,0.07482993197278912,0.14965986394557823,0.04081632653061224,0.08163265306122448,0.05442176870748299,0.10884353741496598,2.3500574388297877,0.001852044672744381,0.8337046665429829,1.5638297872340425,0.6283783783783784,0.29948895246167834,1.2996299664678808,0.2380950000002381,new_midi_files\BigSynthPiano\midi\Beethoven_WoO80_var5_8bars_1_4.mid,16.172916666666666,1,1,1,0,0,11.397203469893297,66.0,17.779960183503903,81.0,0.2744631382592607,0.06666666666666687,0.10424514840182648,0.13745718974402824,7,1.9236120056679107,1,0,0,0,0,0,0,0,0,0,0,0,0,0,0,0
Beethoven,Beethoven_WoO80_var5_8bars_26_4.mid,199.5957262489172,161,94,66.14285714285714,56.0,0.23971920289855073,69.35403726708074,9.429565005185772,0.19254658385093168,0.006211180124223602,0.08074534161490683,0.055900621118012424,0.06832298136645963,0.07453416149068323,0.07453416149068323,0.17391304347826086,0.037267080745341616,0.08074534161490683,0.055900621118012424,0.09937888198757763,2.30425753584723,0.002529855672577789,0.8466522550182165,1.694736842105263,0.5802469135802469,0.345740353316501,1.2320723842525754,0.22981343478283853,new_midi_files\BigSynthPiano\midi\Beethoven_WoO80_var5_8bars_26_4.mid,17.073958333333334,1,1,1,0,0,11.166641283350174,64.0,13.59137922694149,69.0,0.3090813726049207,0.12083333333333357,0.10161458333333333,0.1452912077441132,7,2.2604478067232034,1,0,0,0,0,0,0,0,0,0,0,0,0,0,0,0
Beethoven,Beethoven_WoO80_var5_8bars_2_4.mid,219.01140684410635,144,89,66.82638888888889,56.0,0.18233506944444441,61.65972222222222,10.759651307596513,0.1875,0.006944444444444444,0.09027777777777778,0.041666666666666664,0.0763888888888889,0.06944444444444445,0.09027777777777778,0.16666666666666666,0.041666666666666664,0.0763888888888889,0.04861111111111111,0.10416666666666667,2.306810831393728,0.0024273405349794232,0.8379922975505674,1.6,0.6137931034482759,0.28025693352305364,1.5104234954765956,0.22916643750022914,new_midi_files\BigSynthPiano\midi\Beethoven_WoO80_var5_8bars_2_4.mid,13.383333333333333,1,1,1,0,0,11.365352967285602,66.0,18.355729954024213,100.0,0.17873463616437063,0.10364583333333305,0.08683712121212121,0.10838603040858377,6,1.9618617683686168,1,0,0,0,0,0,0,0,0,0,0,0,0,0,0,0
Beethoven,Beethoven_WoO80_var5_8bars_3_4.mid,214.22594142259427,156,92,66.23076923076923,56.0,0.1904313568376069,68.48076923076923,10.419536631183469,0.20512820512820512,0.00641025641025641,0.07692307692307693,0.057692307692307696,0.07051282051282051,0.07692307692307693,0.07692307692307693,0.15384615384615385,0.038461538461538464,0.08333333333333333,0.057692307692307696,0.09615384615384616,2.310907146418155,0.0024586346701731313,0.8455284425181537,1.6774193548387097,0.5859872611464968,0.31818083256194396,1.364496442182129,0.23717925000023718,new_midi_files\BigSynthPiano\midi\Beethoven_WoO80_var5_8bars_3_4.mid,14.971874999999999,1,1,1,0,0,11.210598324482927,65.0,16.578280181226834,91.0,0.2311679564366071,0.07552083333333348,0.08631048387096775,0.11794699011612814,6,1.9842064982954162,1,0,0,0,0,0,0,0,0,0,0,0,0,0,0,0
Beethoven,Beethoven_WoO80_var5_8bars_4_4.mid,178.7306064880111,157,103,66.47770700636943,56.0,0.2815419320594479,63.88535031847134,8.54421768707483,0.18471337579617833,0.006369426751592357,0.08280254777070063,0.05732484076433121,0.07006369426751592,0.07643312101910828,0.07643312101910828,0.17834394904458598,0.03821656050955414,0.07643312101910828,0.05732484076433121,0.09554140127388536,2.3106885644082142,0.0024237516960345473,0.8423876466173363,1.5096153846153846,0.6518987341772152,0.3554505911197312,1.1312063701772854,0.23566855414036308,new_midi_files\BigSynthPiano\midi\Beethoven_WoO80_var5_8bars_4_4.mid,18.375,1,1,1,0,0,11.296009095860917,65.0,16.47850101125445,81.0,0.3471479032052049,0.14270833333333333,0.1115451388888889,0.15741861591481804,6,2.405555555555554,1,0,0,0,0,0,0,0,0,0,0,0,0,0,0,0
Beethoven,Beethoven_WoO80_var5_8bars_7_4.mid,213.6930860033726,162,92,66.07407407407408,56.0,0.16434542181069964,63.629629629629626,9.97178763785586,0.19135802469135801,0.006172839506172839,0.08024691358024691,0.05555555555555555,0.06790123456790123,0.07407407407407407,0.07407407407407407,0.1728395061728395,0.037037037037037035,0.09259259259259259,0.05555555555555555,0.09259259259259259,2.305766802376339,0.0024926332368033328,0.8475336194599733,1.7419354838709677,0.5644171779141104,0.29637484287048754,1.3110005276280527,0.22839483333356178,new_midi_files\BigSynthPiano\midi\Beethoven_WoO80_var5_8bars_7_4.mid,16.245833333333334,1,1,1,0,0,11.13749952851175,64.0,16.195521743808804,79.0,0.15951242069510474,0.10572916666666732,0.09360766045548653,0.1288257339016529,6,1.6388176455501415,1,0,0,0,0,0,0,0,0,0,0,0,0,0,0,0
Beethoven,Beethoven_WoO80_var5_8bars_Score2_4.mid,199.9999999999999,161,66,65.98136645962732,56.0,0.30592391304347816,58.63975155279503,11.431614449276648,0.19254658385093168,0.006211180124223602,0.08074534161490683,0.055900621118012424,0.06832298136645963,0.07453416149068323,0.07453416149068323,0.17391304347826086,0.037267080745341616,0.08695652173913043,0.055900621118012424,0.09316770186335403,2.30511595554708,0.002516996086399273,0.8487244529187014,2.4029850746268657,0.4074074074074074,0.2917400574765924,1.2345679012345672,0.22981343478283853,new_midi_files\BigSynthPiano\midi\Beethoven_WoO80_var5_8bars_Score2_4.mid,14.08375,2,2,1,0,0,11.10954603211222,64.0,18.009849891267162,63.0,0.2812018254717833,0.2837499999999995,0.08625000000000002,0.12499374984374222,6,3.4972042247270756,2,0,0,0,0,0,0,0,0,0,0,0,0,0,0,0
Beethoven,Beethoven_WoO80_var6_8bars_14_5.mid,199.35394554683873,162,71,61.91975308641975,56.0,0.06105324074074072,85.37037037037037,12.208179605934532,0.19135802469135801,0.024691358024691357,0.06172839506172839,0.14814814814814814,0.037037037037037035,0.08641975308641975,0.030864197530864196,0.20987654320987653,0.07407407407407407,0.043209876543209874,0.018518518518518517,0.07407407407407407,2.226524124186178,0.003889777980998831,0.9043963566431852,2.25,0.43558282208588955,0.426097774802306,1.2230303407781518,0.2962960000002963,new_midi_files\BigSynthPiano\midi\Beethoven_WoO80_var6_8bars_14_5.mid,13.269791666666666,1,1,1,0,0,14.504566498925424,59.5,14.661568511617388,88.0,0.033210383218818904,0.0604166666666659,0.06909937888198758,0.07190963362202761,8,0.7453489284873221,1,0,0,0,0,0,0,0,0,0,0,0,0,0,0,0
Beethoven,Beethoven_WoO80_var6_8bars_18_5.mid,175.66331198536128,159,71,61.45283018867924,56.0,0.07403694968553462,81.69811320754717,9.938794113816904,0.20125786163522014,0.012578616352201259,0.06289308176100629,0.1509433962264151,0.0440251572327044,0.09433962264150944,0.018867924528301886,0.20754716981132076,0.06918238993710692,0.0440251572327044,0.018867924528301886,0.07547169811320754,2.190761859574423,0.004259621850401488,0.9112680232431056,2.2083333333333335,0.44375,0.4624509316021249,1.0978956999085079,0.2704399811323459,new_midi_files\BigSynthPiano\midi\Beethoven_WoO80_var6_8bars_18_5.mid,15.997916666666667,1,1,1,0,0,14.572610698020782,59.0,13.51903141044107,68.0,0.026020706231816564,0.07187500000000036,0.08609572784810125,0.09254447360814715,9,0.7358379997395498,1,0,0,0,0,0,0,0,0,0,0,0,0,0,0,0
Beethoven,Beethoven_WoO80_var6_8bars_24_5.mid,184.34854429072885,162,72,61.839506172839506,56.0,0.06603652263374489,89.24074074074075,11.899005355776588,0.19135802469135801,0.012345679012345678,0.06172839506172839,0.15432098765432098,0.043209876543209874,0.08641975308641975,0.024691358024691357,0.20987654320987653,0.06790123456790123,0.04938271604938271,0.018518518518518517,0.08024691358024691,2.2048814447856007,0.004073947060915511,0.9055699594028416,2.219178082191781,0.44171779141104295,0.4814752718033868,1.1309726643602998,0.2777775000002778,new_midi_files\BigSynthPiano\midi\Beethoven_WoO80_var6_8bars_24_5.mid,13.614583333333334,1,1,1,0,0,14.733816642084104,59.0,12.379695420750965,91.0,0.05591396229757512,0.060937499999999645,0.07524585921325051,0.08088008005152428,8,0.7857689364957924,1,0,0,0,0,0,0,0,0,0,0,0,0,0,0,0
Beethoven,Beethoven_WoO80_var6_8bars_26_5.mid,190.39224327897762,163,71,62.01840490797546,56.0,0.061637269938650305,80.96319018404908,12.66634288489558,0.19631901840490798,0.012269938650306749,0.06134969325153374,0.147239263803681,0.049079754601226995,0.08588957055214724,0.03067484662576687,0.2085889570552147,0.0736196319018405,0.04294478527607362,0.018404907975460124,0.0736196319018405,2.21234077641511,0.004005033016757207,0.902957745852002,2.263888888888889,0.4329268292682927,0.42302231687642283,1.1609283126766927,0.2822083067487485,new_midi_files\BigSynthPiano\midi\Beethoven_WoO80_var6_8bars_26_5.mid,12.86875,1,1,1,0,0,14.543555228439686,60.0,12.821037911792054,79.0,0.038409326052480916,0.05520833333333375,0.07200360082304526,0.07711198213518661,8,0.7807187955318114,1,0,0,0,0,0,0,0,0,0,0,0,0,0,0,0
Beethoven,Beethoven_WoO80_var6_8bars_3_5.mid,182.14285714285717,162,72,61.94444444444444,56.0,0.06583719135802465,85.48765432098766,12.47253187906007,0.19135802469135801,0.012345679012345678,0.06172839506172839,0.14814814814814814,0.04938271604938271,0.08641975308641975,0.030864197530864196,0.2222222222222222,0.06172839506172839,0.043209876543209874,0.018518518518518517,0.07407407407407407,2.2015643247154295,0.004245414824975867,0.9040358598451611,2.219178082191781,0.44171779141104295,0.4667812638431463,1.1174408413672219,0.2716046666669383,new_midi_files\BigSynthPiano\midi\Beethoven_WoO80_var6_8bars_3_5.mid,12.988541666666666,1,1,1,0,0,14.673924971665695,59.0,11.891608024626871,82.0,0.037953282360329695,0.06093749999999987,0.07232142857142858,0.07751184631246141,8,0.8211564680407407,1,0,0,0,0,0,0,0,0,0,0,0,0,0,0,0
Beethoven,Beethoven_WoO80_var6_8bars_Score2_5.mid,180.0,158,80,61.563291139240505,56.0,0.09943301687763705,102.9873417721519,13.462323599893494,0.1962025316455696,0.012658227848101266,0.06329113924050633,0.1518987341772152,0.0379746835443038,0.08860759493670886,0.02531645569620253,0.21518987341772153,0.06962025316455696,0.04430379746835443,0.0189873417721519,0.0759493670886076,2.1930331900779723,0.004298411935409211,0.9096329655883615,1.9506172839506173,0.5031446540880503,0.5689908385201762,1.1320754716981132,0.2784807341774937,new_midi_files\BigSynthPiano\midi\Beethoven_WoO80_var6_8bars_Score2_5.mid,11.736458333333333,2,2,1,0,0,14.48151748478292,59.0,7.8812285730018425,18.0,0.03385656940043579,0.08229166666666643,0.0732484076433121,0.08272084814767795,8,1.3385994497204208,2,0,0,0,0,0,0,0,0,0,0,0,0,0,0,0
Beethoven,Beethoven_WoO80_var8_8bars_18_6.mid,203.39880821010857,354,135,62.31920903954802,63.0,0.1556820856873823,53.63841807909605,17.27355901189387,0.16101694915254236,0.0,0.13559322033898305,0.059322033898305086,0.03389830508474576,0.0903954802259887,0.03672316384180791,0.23163841807909605,0.03389830508474576,0.06779661016949153,0.03672316384180791,0.11299435028248588,2.1895907477074137,0.004057077042569717,1.0109242392517483,2.6029411764705883,0.38028169014084506,0.262420405230344,0.5729543893242495,0.16666650000016667,new_midi_files\BigSynthPiano\midi\Beethoven_WoO80_var8_8bars_18_6.mid,20.49375,1,1,1,0,0,16.31183839089775,59.0,19.18536676903775,97.0,0.09545927830110713,0.14739583333333295,0.05257908404154864,0.07409948935395148,8,2.689183694215715,1,0,0,0,0,0,0,0,0,0,0,0,0,0,0,0
Beethoven,Beethoven_WoO80_var8_8bars_22_6.mid,212.70310192023624,368,121,62.23097826086956,63.0,0.1557942708333333,67.0679347826087,19.894132222097085,0.15760869565217392,0.0,0.1331521739130435,0.057065217391304345,0.03260869565217391,0.10054347826086957,0.035326086956521736,0.22554347826086957,0.03260869565217391,0.07065217391304347,0.035326086956521736,0.11956521739130435,2.190558778264731,0.003948504122033187,1.012357522704355,3.0163934426229506,0.32791327913279134,0.31383697372648117,0.5764311705155454,0.1603259266305951,new_midi_files\BigSynthPiano\midi\Beethoven_WoO80_var8_8bars_22_6.mid,18.497916666666665,1,1,1,0,0,16.272089238123062,59.0,16.308615157136206,96.0,0.08673278400179313,0.1552083333333334,0.04442836058128974,0.06638991745974007,8,3.099391823403535,1,0,0,0,0,0,0,0,0,0,0,0,0,0,0,0
Beethoven,Beethoven_WoO80_var8_8bars_26_6.mid,216.88107938500184,364,120,62.41483516483517,63.0,0.1392570970695971,63.76373626373626,19.61713355414585,0.1565934065934066,0.0,0.14285714285714285,0.057692307692307696,0.03296703296703297,0.09340659340659341,0.03571428571428571,0.22527472527472528,0.03296703296703297,0.07142857142857142,0.03571428571428571,0.11538461538461539,2.190780570310559,0.003961545170336379,1.0093753964781618,3.0082644628099175,0.3287671232876712,0.2926538478867364,0.5941947380411009,0.16208775000016207,new_midi_files\BigSynthPiano\midi\Beethoven_WoO80_var8_8bars_26_6.mid,18.555208333333333,1,1,1,0,0,16.234067412483203,59.0,14.983661552266215,94.0,0.0937775367942762,0.14010416666666625,0.04751779155188247,0.07161436600694716,8,2.7318250715769423,1,0,0,0,0,0,0,0,0,0,0,0,0,0,0,0
Beethoven,Beethoven_WoO80_var8_8bars_2_6.mid,217.4496644295301,349,112,62.335243553008596,63.0,0.12242120343839547,61.22636103151862,20.544518027961736,0.16045845272206305,0.0028653295128939827,0.14040114613180515,0.05157593123209169,0.03151862464183381,0.09742120343839542,0.034383954154727794,0.2148997134670487,0.03724928366762178,0.07449856733524356,0.03724928366762178,0.1174785100286533,2.211218559567363,0.00373075526655957,1.010664198909593,3.088495575221239,0.32,0.2802767456356963,0.6212847555129432,0.1633236189113381,new_midi_files\BigSynthPiano\midi\Beethoven_WoO80_var8_8bars_2_6.mid,16.9875,1,1,1,0,0,16.409845435985847,57.0,16.8994258628599,96.0,0.07022506619796864,0.11458333333333393,0.04066391283524904,0.05572920903066586,8,2.5150846210448874,1,0,0,0,0,0,0,0,0,0,0,0,0,0,0,0
Beethoven,Beethoven_WoO80_var8_8bars_4_6.mid,201.62291169451095,348,126,62.37643678160919,63.0,0.13878711685823752,53.10344827586207,17.403625755365702,0.16091954022988506,0.0,0.13505747126436782,0.05459770114942529,0.040229885057471264,0.09195402298850575,0.03735632183908046,0.22413793103448276,0.034482758620689655,0.07183908045977011,0.03735632183908046,0.11206896551724138,2.2031996754969314,0.003816279120975911,1.0099967590418357,2.7401574803149606,0.36103151862464183,0.2620801755920115,0.5777160793538996,0.16379293965533628,new_midi_files\BigSynthPiano\midi\Beethoven_WoO80_var8_8bars_4_6.mid,19.995833333333334,1,1,1,0,0,16.39943988930064,59.5,16.0129505654187,84.0,0.10462177100262236,0.12395833333333328,0.053662343900096075,0.07876478471858583,8,2.4153990414669724,1,0,0,0,0,0,0,0,0,0,0,0,0,0,0,0
Beethoven,Beethoven_WoO80_var8_8bars_7_6.mid,218.43254424270276,351,108,61.863247863247864,63.0,0.11727504748338084,63.732193732193736,21.05473631592102,0.15954415954415954,0.0,0.13105413105413105,0.05413105413105413,0.03418803418803419,0.09971509971509972,0.03418803418803419,0.22792022792022792,0.03418803418803419,0.07692307692307693,0.037037037037037035,0.1111111111111111,2.1936969542396296,0.003938178261540086,1.018375225317781,3.220183486238532,0.3068181818181818,0.2904409368817367,0.6205470006894965,0.15954400000015959,new_midi_files\BigSynthPiano\midi\Beethoven_WoO80_var8_8bars_7_6.mid,16.670833333333334,1,1,1,0,0,16.45865370433064,55.0,15.421044766268775,94.0,0.06825035692739143,0.1104166666666675,0.04356547619047619,0.06418016964117557,8,2.469195201199702,1,0,0,0,0,0,0,0,0,0,0,0,0,0,0,0
Beethoven,Beethoven_WoO80_var8_8bars_Score2_6.mid,199.99999999999997,367,114,62.02724795640327,63.0,0.15112057220708436,65.7275204359673,25.48611111111111,0.16348773841961853,0.0,0.1335149863760218,0.05994550408719346,0.0326975476839237,0.09536784741144415,0.035422343324250684,0.22615803814713897,0.0326975476839237,0.07084468664850137,0.035422343324250684,0.11444141689373297,2.18987729163327,0.003985054871263099,1.0156826404517867,3.1913043478260867,0.30978260869565216,0.32700258923366826,0.5434782608695652,0.1634875749320436,new_midi_files\BigSynthPiano\midi\Beethoven_WoO80_var8_8bars_Score2_6.mid,14.4,2,2,1,0,0,16.259453550348987,56.0,21.60587971515928,62.0,0.01989842066356484,0.14874999999999972,0.03770491803278689,0.06506978454750605,8,3.851475694444442,2,0,0,0,0,0,0,0,0,0,0,0,0,0,0,0
Beethoven,Beethoven_WoO80_var8_8bars_Score_6.mid,199.99999999999997,367,114,62.02724795640327,63.0,0.14435626702997265,80.0,26.058400639034346,0.16348773841961853,0.0,0.1335149863760218,0.05994550408719346,0.0326975476839237,0.09536784741144415,0.035422343324250684,0.22615803814713897,0.0326975476839237,0.07084468664850137,0.035422343324250684,0.11444141689373297,2.18987729163327,0.003985054871263099,1.0156826404517867,3.1913043478260867,0.30978260869565216,0.3980099502487563,0.5434782608695652,0.1634875749320436,new_midi_files\BigSynthPiano\midi\Beethoven_WoO80_var8_8bars_Score_6.mid,14.08375,2,2,1,0,0,16.259453550348987,56.0,0.0,0.0,0.020808511645709286,0.14124999999999988,0.03770491803278689,0.06506978454750605,8,3.761693441022452,2,0,0,0,0,0,0,0,0,0,0,0,0,0,0,0
Beethoven,Beethoven_WoO80_var9_8bars_11_7.mid,221.65212929707513,258,160,66.74418604651163,32.0,0.1557372416020672,52.32170542635659,13.671137605563835,0.20930232558139536,0.01937984496124031,0.08139534883720931,0.06201550387596899,0.007751937984496124,0.050387596899224806,0.003875968992248062,0.1511627906976744,0.07364341085271318,0.13178294573643412,0.08914728682170543,0.12015503875968993,2.2050183906617065,0.0034966348176191336,0.47944250152751655,1.6024844720496894,0.6177606177606177,0.2349930611107967,0.8557997270157341,0.24806176744210853,new_midi_files\BigSynthPiano\midi\Beethoven_WoO80_var9_8bars_11_7.mid,18.871875,1,1,1,0,0,5.5931562136688955,68.0,11.653974011890345,65.0,0.1926407592050229,0.10260416666666705,0.06840953307392995,0.04313923393570322,5,2.129105260252802,1,0,0,0,0,0,0,0,0,0,0,0,0,0,0,0
Beethoven,Beethoven_WoO80_var9_8bars_14_7.mid,220.19113814074635,273,289,67.13919413919415,32.0,0.3205051892551893,39.24542124542125,7.800464313351985,0.21978021978021978,0.02197802197802198,0.08791208791208792,0.05860805860805861,0.007326007326007326,0.047619047619047616,0.003663003663003663,0.14285714285714285,0.0695970695970696,0.11721611721611722,0.08791208791208792,0.13553113553113552,2.1978211476014478,0.0036699919941678184,0.476621739859363,0.9413793103448276,1.0547445255474452,0.17742763826482486,0.8036172924844757,0.2417580000002418,new_midi_files\BigSynthPiano\midi\Beethoven_WoO80_var9_8bars_14_7.mid,34.99791666666667,1,1,1,0,0,5.552516712395456,68.0,12.366289516166272,77.0,0.3910401736919372,0.22500000000000142,0.11893765318627451,0.08337559658974733,6,2.5000892910292296,1,0,0,0,0,0,0,0,0,0,0,0,0,0,0,0
Beethoven,Beethoven_WoO80_var9_8bars_18_7.mid,213.10782241014803,253,209,66.66403162055336,32.0,0.20507246376811591,41.73517786561265,10.543954851313218,0.19367588932806323,0.023715415019762844,0.08695652173913043,0.06324110671936758,0.007905138339920948,0.05138339920948617,0.003952569169960474,0.1541501976284585,0.07509881422924901,0.13043478260869565,0.09486166007905138,0.11462450592885376,2.226363375585915,0.0031309616182446567,0.48001896588137094,1.2047619047619047,0.8228346456692913,0.19492598353396048,0.8390071748431025,0.26086930434808697,new_midi_files\BigSynthPiano\midi\Beethoven_WoO80_var9_8bars_18_7.mid,23.994791666666668,1,1,1,0,0,5.603655881663939,68.0,12.838192914128516,78.0,0.2395654198605085,0.14583333333333304,0.08883101851851852,0.05896408195130599,5,2.1622747992185807,1,0,0,0,0,0,0,0,0,0,0,0,0,0,0,0
Beethoven,Beethoven_WoO80_var9_8bars_1_7.mid,220.36492054149548,245,163,66.80816326530612,32.0,0.16533163265306128,39.53877551020408,11.852449103003426,0.22040816326530613,0.024489795918367346,0.08979591836734693,0.061224489795918366,0.00816326530612245,0.04897959183673469,0.004081632653061225,0.1306122448979592,0.07346938775510205,0.11836734693877551,0.09795918367346938,0.12244897959183673,2.216051721637912,0.003433175991485029,0.47898337503965505,1.4939024390243902,0.6626016260162602,0.1786135554517204,0.8957923599247783,0.26122422857168986,new_midi_files\BigSynthPiano\midi\Beethoven_WoO80_var9_8bars_1_7.mid,20.670833333333334,1,1,1,0,0,5.687072226018998,68.0,11.962676929389646,74.0,0.2214752451704212,0.09583333333333321,0.07893186475409836,0.05072058571971366,6,1.9595847611368682,1,0,0,0,0,0,0,0,0,0,0,0,0,0,0,0
Beethoven,Beethoven_WoO80_var9_8bars_22_7.mid,223.0200633579725,258,173,66.7984496124031,32.0,0.1635255167958657,48.406976744186046,12.401361906669337,0.20930232558139536,0.023255813953488372,0.08527131782945736,0.06201550387596899,0.007751937984496124,0.050387596899224806,0.003875968992248062,0.14728682170542637,0.07364341085271318,0.12015503875968993,0.09302325581395349,0.12403100775193798,2.215541972365858,0.003361426596959318,0.47905302752723217,1.4827586206896552,0.667953667953668,0.21608322048741765,0.8610813257064576,0.25581369767467443,new_midi_files\BigSynthPiano\midi\Beethoven_WoO80_var9_8bars_22_7.mid,20.804166666666667,1,1,1,0,0,5.612665418513228,68.0,13.450781286472301,79.0,0.20530707319052235,0.11562499999999964,0.07270995460440986,0.04464645379702033,4,2.027939114760665,1,0,0,0,0,0,0,0,0,0,0,0,0,0,0,0
Beethoven,Beethoven_WoO80_var9_8bars_24_7.mid,215.63532261616402,258,150,66.7984496124031,32.0,0.1426275839793282,48.16279069767442,13.597584408454571,0.20930232558139536,0.023255813953488372,0.08527131782945736,0.06201550387596899,0.007751937984496124,0.050387596899224806,0.003875968992248062,0.1434108527131783,0.07364341085271318,0.12790697674418605,0.09302325581395349,0.12015503875968993,2.21609666485791,0.0033489073172685937,0.47905302752723217,1.7086092715231789,0.5791505791505791,0.22232196539347182,0.8325688131898225,0.25581369767467443,new_midi_files\BigSynthPiano\midi\Beethoven_WoO80_var9_8bars_24_7.mid,18.973958333333332,1,1,1,0,0,5.609902436605853,68.0,12.760944958858424,64.0,0.1702277779125966,0.09583333333333455,0.06938634889753567,0.049556280763133856,5,1.9393906121328583,1,0,0,0,0,0,0,0,0,0,0,0,0,0,0,0
Beethoven,Beethoven_WoO80_var9_8bars_26_7.mid,205.3316800991942,262,232,66.83206106870229,32.0,0.21749363867684487,41.030534351145036,9.65342544617156,0.20610687022900764,0.022900763358778626,0.08396946564885496,0.061068702290076333,0.007633587786259542,0.04961832061068702,0.003816793893129771,0.14885496183206107,0.07251908396946564,0.12595419847328243,0.0916030534351145,0.12595419847328243,2.212937171691576,0.0033769237741908334,0.47881210020281156,1.1244635193133048,0.8821292775665399,0.19885717177032416,0.7807288216699398,0.25190814503841985,new_midi_files\BigSynthPiano\midi\Beethoven_WoO80_var9_8bars_26_7.mid,27.140625,1,1,1,0,0,5.578930746216498,68.0,13.167122443986267,77.0,0.3042015680015288,0.13281250000000022,0.09897828863346103,0.06619809413560326,4,2.099558625983497,1,0,0,0,0,0,0,0,0,0,0,0,0,0,0,0
Beethoven,Beethoven_WoO80_var9_8bars_2_7.mid,220.5405405405402,256,131,66.7421875,32.0,0.12099609374999995,48.23046875,14.431004110393424,0.20703125,0.0234375,0.08203125,0.0625,0.0078125,0.05078125,0.00390625,0.1484375,0.07421875,0.125,0.09375,0.12109375,2.217028561046432,0.0033323499891493055,0.4794568580860965,1.9393939393939394,0.5097276264591439,0.21770493396974536,0.8581343989904289,0.25781224218775783,new_midi_files\BigSynthPiano\midi\Beethoven_WoO80_var9_8bars_2_7.mid,17.739583333333332,1,1,1,0,0,5.602379647510846,68.0,13.90893967580827,84.0,0.15058946639721402,0.08593750000000022,0.0633047385620915,0.04024646672048175,5,1.7460951262477977,1,0,0,0,0,0,0,0,0,0,0,0,0,0,0,0
Beethoven,Beethoven_WoO80_var9_8bars_3_7.mid,223.15696258578717,243,157,66.61316872427983,32.0,0.16766975308641985,51.21399176954733,12.6329470377992,0.2139917695473251,0.024691358024691357,0.08641975308641975,0.06584362139917696,0.00823045267489712,0.053497942386831275,0.00411522633744856,0.1440329218106996,0.07407407407407407,0.1111111111111111,0.09876543209876543,0.11522633744855967,2.2244657863498527,0.003285759849164818,0.48038548732108033,1.5379746835443038,0.6434426229508197,0.22847379433930012,0.9145777155155211,0.26748944444471195,new_midi_files\BigSynthPiano\midi\Beethoven_WoO80_var9_8bars_3_7.mid,19.235416666666666,1,1,1,0,0,5.709582537939211,68.0,12.491457563043435,76.0,0.2374907182485064,0.11041666666666661,0.0715220385674931,0.04494686772942366,4,2.118163110581612,1,0,0,0,0,0,0,0,0,0,0,0,0,0,0,0
Beethoven,Beethoven_WoO80_var9_8bars_4_7.mid,220.01527883880797,265,202,66.88679245283019,32.0,0.2036635220125785,47.75471698113208,10.824150108496788,0.21132075471698114,0.022641509433962263,0.0830188679245283,0.06037735849056604,0.007547169811320755,0.04905660377358491,0.0037735849056603774,0.1471698113207547,0.07169811320754717,0.12452830188679245,0.09056603773584905,0.12830188679245283,2.2074928996417422,0.003485127170602429,0.47842030314350464,1.3054187192118227,0.7593984962406015,0.21606975423613495,0.8271251084165713,0.2490563547172302,new_midi_files\BigSynthPiano\midi\Beethoven_WoO80_var9_8bars_4_7.mid,24.482291666666665,1,1,1,0,0,5.571017919109341,68.0,11.563615123793298,72.0,0.24133099394924482,0.12916666666666643,0.08909011994949496,0.0637811214017161,5,2.204484533889291,1,0,0,0,0,0,0,0,0,0,0,0,0,0,0,0
Beethoven,Beethoven_WoO80_var9_8bars_7_7.mid,210.12875536480672,258,182,66.73255813953489,32.0,0.17036498708010347,40.666666666666664,11.730049727681742,0.20155038759689922,0.023255813953488372,0.08914728682170543,0.06201550387596899,0.007751937984496124,0.04263565891472868,0.003875968992248062,0.14728682170542637,0.07364341085271318,0.13178294573643412,0.09302325581395349,0.12403100775193798,2.213029845637648,0.0033363880375778705,0.47952604264867754,1.4098360655737705,0.7027027027027027,0.19261548052229666,0.8113079357714545,0.25581369767467443,new_midi_files\BigSynthPiano\midi\Beethoven_WoO80_var9_8bars_7_7.mid,21.994791666666668,1,1,1,0,0,5.594344635927834,68.0,10.532219546648815,73.0,0.2181801849034323,0.11822916666666572,0.07943822957198443,0.05472351444739166,4,1.9983897703054703,1,0,0,0,0,0,0,0,0,0,0,0,0,0,0,0
Beethoven,Beethoven_WoO80_var9_8bars_Score_7.mid,225.8097686375322,254,148,66.67716535433071,32.0,0.17518454724409493,72.83464566929133,14.427975503683323,0.20078740157480315,0.023622047244094488,0.08267716535433071,0.06299212598425197,0.007874015748031496,0.051181102362204724,0.003937007874015748,0.15354330708661418,0.07480314960629922,0.12992125984251968,0.09448818897637795,0.1141732283464567,2.2206667217199816,0.003254575953596352,0.47992441415323567,1.7046979865771812,0.5803921568627451,0.32112658157016766,0.8855285044609106,0.25984225984277953,new_midi_files\BigSynthPiano\midi\Beethoven_WoO80_var9_8bars_Score_7.mid,17.6046875,2,2,1,0,0,5.593699900688019,68.0,14.614879581762224,63.0,0.177290165121367,0.12343750000000142,0.06818181818181818,0.048588826460136555,3,2.527558356261658,2,0,0,0,0,0,0,0,0,0,0,0,0,0,0,0
Beethoven,000124_all.mid,139.39393939393932,676,288,62.94822485207101,36.0,0.6008875739644971,127.0,4.333333333333333,0.16124260355029585,0.038461538461538464,0.07100591715976332,0.03550295857988166,0.17159763313609466,0.04881656804733728,0.060650887573964495,0.15088757396449703,0.03106508875739645,0.09467455621301775,0.014792899408284023,0.12130177514792899,2.2803297896219004,0.0027985909301339426,0.5718985644583595,2.339100346020761,0.4254062038404727,0.904597453054177,0.20589946734703002,0.1804731923078728,new_midi_files\ChoralTech.us\Beethoven\000124_all.mid,156.0,5,4,1,0,0,9.057605574451834,64.0,0.0,0.0,0.4727945803105587,0.5999999999999943,0.22933333333333336,0.4739263890333837,4,2.6038461538461553,4,0,0,0,0,0,0,0,0,0,0,0,0,0,0,0
Beethoven,000128_all.mid,108.04358630445599,1153,409,63.10841283607979,37.0,0.6781371379011276,127.0,3.485643583336166,0.204683434518647,0.007805724197745013,0.14310494362532525,0.06157849089332177,0.0823937554206418,0.09193408499566348,0.030355594102341718,0.1769297484822203,0.02515177797051171,0.0598438855160451,0.01647875108412836,0.0997398091934085,2.208783772657952,0.0037327938371277936,0.586292662910293,2.8121951219512193,0.354419410745234,1.164671892259749,0.09362529142500518,0.1413701968778517,new_midi_files\ChoralTech.us\Beethoven\000128_all.mid,330.78539800000004,5,4,1,0,0,8.409172314048716,63.0,0.0,0.0,0.5450659115583711,0.42857100000000514,0.2833578637152778,0.7396013036505429,4,2.363744363347017,4,0,0,0,0,0,0,0,0,0,0,0,0,0,0,0
Beethoven,BeethovenFurElise.mid,198.30547120093695,2072,1115,64.15637065637065,67.0,0.20705474330357188,86.66216216216216,14.77517249931442,0.1167953667953668,0.004826254826254826,0.07432432432432433,0.06177606177606178,0.2702702702702703,0.0444015444015444,0.0028957528957528956,0.055984555984555984,0.032818532818532815,0.22104247104247104,0.03185328185328185,0.08301158301158301,2.074090839796016,0.006306171726055896,1.0443233971967767,1.8566308243727598,0.537867824409069,0.4348207886114205,0.09566110525853205,0.13416975000013417,new_midi_files\commons.wikimedia.org\Beethoven\BeethovenFurElise.mid,140.23524937500002,9,2,1,0,0,12.388914428935198,67.0,21.48110772626609,126.0,0.1438569590349122,0.17045437500000382,0.06706318113230324,0.09408829857675752,10,3.0592695491115385,2,0,0,0,0,0,0,0,0,0,0,0,0,0,0,0
Beethoven,Beethoven_-_Die_Himmel_rühmen_des_Ewigen_Ehre_(MIDI-Datei).mid,84.80981595092024,721,159,55.28016643550624,58.0,0.8934147270862258,89.95145631067962,6.625125628140704,0.0957004160887656,0.09153952843273232,0.10818307905686546,0.08876560332871013,0.006934812760055479,0.2538141470180305,0.016643550624133148,0.03467406380027739,0.0651872399445215,0.059639389736477116,0.17337031900138697,0.005547850208044383,2.1449813891999425,0.004802576920421608,1.0492008742134675,4.50625,0.22022160664819945,1.0482653448660026,0.1174651190455959,0.43550580582567827,new_midi_files\commons.wikimedia.org\Beethoven\Beethoven_-_Die_Himmel_rühmen_des_Ewigen_Ehre_(MIDI-Datei).mid,108.828125,5,4,2,0,0,12.25930009450991,57.0,13.544159089879841,42.0,0.44671659232018635,0.615234375,0.1478949652777778,0.38236453911015655,9,5.918984804977292,3,0,0,0,0,0,0,0,1,0,0,0,0,0,0,0
Beethoven,Drei-duos-für-Clarinette-und-Fagott_No3.mid,226.5717192268568,6804,4732,67.05746619635508,47.0,0.28060699588477367,72.0,6.449289099526067,0.14506172839506173,0.003233392122281011,0.14124044679600234,0.10640799529688419,0.023221634332745444,0.16740152851263962,0.019253380364491476,0.11493239271017049,0.005878894767783657,0.10346854791299236,0.15461493239271018,0.015285126396237508,2.142186542120335,0.003834494135678624,0.7008913692247938,1.437566025776463,0.6953710506980162,0.31638377670393303,0.033294888938553535,0.28938830555584494,new_midi_files\commons.wikimedia.org\Beethoven\Drei-duos-für-Clarinette-und-Fagott_No3.mid,1055.0,2,2,2,0,0,10.023125309190288,69.0,0.0,0.0,0.26471787413968717,0.25,0.15500514478906366,0.19472585427412772,2,1.8097156398104266,0,0,0,0,0,0,0,0,2,0,0,0,0,0,0,0
Beethoven,DreiDuosFürClarinetteUndFagott_No1.mid,220.25379516011483,4413,3173,66.44006344890097,48.0,0.286430019752247,62.42465443009291,6.394661353572995,0.15114434624971673,0.012236573759347382,0.13890777249036937,0.028098799002945842,0.11987310219805121,0.08928166779968276,0.04713346929526399,0.17199184228416042,0.017675050985723997,0.09358712893723091,0.017675050985723997,0.11239519601178337,2.2407887707250413,0.0029921254825545384,0.7224556507905976,1.390359168241966,0.7188491164476665,0.2821404911265727,0.04989891145448909,0.12281882121018402,new_midi_files\commons.wikimedia.org\Beethoven\DreiDuosFürClarinetteUndFagott_No1.mid,690.1069120000001,2,2,2,0,0,10.606889030125744,65.0,8.105247488215973,24.0,0.22755727271816809,0.24590150000000222,0.15636015650498644,0.15392656110508698,4,1.8316229778128343,0,0,0,0,0,2,0,0,0,0,0,0,0,0,0,0
Beethoven,DreiDuosFürClarinetteUndFagott_No2.mid,233.07159353348726,5840,5116,61.2222602739726,33.0,0.34775256849315067,72.0,6.1798941798941796,0.15205479452054796,0.016267123287671232,0.10873287671232877,0.0061643835616438354,0.11934931506849315,0.16900684931506849,0.01986301369863014,0.13732876712328768,0.007191780821917808,0.15222602739726027,0.0773972602739726,0.03441780821917808,2.166726264128477,0.003697791239236046,0.5390196198785177,1.1412937267930428,0.8758774182502996,0.3075981964026719,0.039902686788818226,0.12688343476040084,new_midi_files\commons.wikimedia.org\Beethoven\DreiDuosFürClarinetteUndFagott_No2.mid,945.0,3,2,2,0,0,6.036213576673407,62.0,0.0,0.0,1.1012295369274263,0.25,0.1618213735228635,0.15747883008474148,6,2.149074074074074,0,0,0,0,0,0,0,0,2,0,0,0,0,0,0,0
Beethoven,Furelise.mid,151.3776905715578,1033,752,64.10454985479187,67.0,0.2377646895983153,98.44820909970959,6.969213714209545,0.11616650532429816,0.00484027105517909,0.07260406582768635,0.060019361084220714,0.2700871248789932,0.04743465634075508,0.002904162633107454,0.05808325266214908,0.03291384317521781,0.22168441432720232,0.030977734753146177,0.08228460793804453,2.0750226287404177,0.006299608613298007,1.0451676067704903,1.3718459495351925,0.7272727272727273,0.6460802019668195,0.14640008759338277,0.1316552410456302,new_midi_files\commons.wikimedia.org\Beethoven\Furelise.mid,148.22332078779763,3,2,1,0,0,12.335371213604695,67.0,23.36091421289792,67.0,0.17883122284291997,0.19713328779761952,0.14267123498062015,0.09776960487809565,5,1.6570329355033535,2,0,0,0,0,0,0,0,0,0,0,0,0,0,0,0
Beethoven,Ludwig_van_Beethoven_-_Bagatelles_Op._126.mid,191.0632139299171,7520,6302,62.54175531914893,67.0,0.2978345712890625,60.06502659574468,6.6066364953405285,0.10332446808510638,0.0336436170212766,0.1163563829787234,0.09813829787234042,0.05053191489361702,0.058643617021276594,0.08457446808510638,0.13829787234042554,0.05771276595744681,0.04441489361702128,0.09601063829787235,0.11835106382978723,2.4069293954205486,0.0010370493498817967,1.0712842737914294,1.1930826590512453,0.8379204892966361,0.31273571532371686,0.025403964091200253,0.37007941715462545,new_midi_files\commons.wikimedia.org\Beethoven\Ludwig_van_Beethoven_-_Bagatelles_Op._126.mid,1138.2493959375001,17,1,1,0,0,15.622495070826671,63.0,19.47737777387144,116.0,0.4017199756359179,0.1909720312499985,0.15099624218646096,0.3534962408511101,7,1.9676847482524153,1,0,0,0,0,0,0,0,0,0,0,0,0,0,0,0
Beethoven,Moonlite.mid,167.33293565995498,6540,3761,60.829969418960246,65.0,0.1552713470549826,68.52477064220183,15.611557674848742,0.043119266055045874,0.1743119266055046,0.018501529051987767,0.13348623853211009,0.09174311926605505,0.01620795107033639,0.06192660550458716,0.044036697247706424,0.24403669724770644,0.06100917431192661,0.038837920489296636,0.072782874617737,2.210136437855763,0.004300571718928759,1.0685522210896883,1.7384370015948962,0.5749885338633236,0.40707880708875027,0.025582164143090502,0.6525987357804692,new_midi_files\commons.wikimedia.org\Beethoven\Moonlite.mid,418.920400911459,5,2,1,0,0,13.762872351030026,61.0,20.781633663652855,97.0,0.48712553230370126,0.08984375,0.06405642414344075,0.1074823777254292,11,2.4240275898003087,2,0,0,0,0,0,0,0,0,0,0,0,0,0,0,0
Beethoven,Pathétique-1.mid,210.1053769251559,4371,2180,60.8716540837337,60.0,0.2237622016319685,57.56668954472661,10.456937799043063,0.16403568977350722,0.03180050331731869,0.08350491878288721,0.11942347288949898,0.038206360100663465,0.10569663692518874,0.04461221688400824,0.14916495081217113,0.10020590253946465,0.036604895904827274,0.08579272477693892,0.04095172729352551,2.3452441888928703,0.0019259331576470008,0.9856804438365497,2.0041265474552956,0.4986276303751144,0.2726917257305861,0.04805703955287189,0.3818344385727909,new_midi_files\commons.wikimedia.org\Beethoven\Pathétique-1.mid,418.0,1,1,1,0,0,14.306807465781967,62.0,22.69017502252171,117.0,0.4230549672245882,0.0999999999999659,0.09496710526315788,0.26892486803355414,8,2.3398674242424264,1,0,0,0,0,0,0,0,0,0,0,0,0,0,0,0
Beethoven,Pathétique-2.mid,194.13227250124075,1625,1597,56.99138461538462,60.0,0.476676923076923,36.79076923076923,5.345394736842105,0.07323076923076922,0.09476923076923077,0.03323076923076923,0.2393846153846154,0.032,0.046153846153846156,0.012307692307692308,0.08184615384615385,0.15938461538461537,0.017846153846153845,0.11569230769230769,0.09415384615384616,2.2177373093959662,0.003949662064431294,1.0527906867350005,1.0168961201501878,0.9821648216482165,0.18854271904477152,0.1193925415136782,0.6215378400006215,new_midi_files\commons.wikimedia.org\Beethoven\Pathétique-2.mid,304.0,1,1,1,0,0,9.355340042649944,56.0,18.44641072509916,119.0,0.7075522931140562,0.20625000000000426,0.1834975369458128,0.24285521770750537,7,2.5480263157894747,1,0,0,0,0,0,0,0,0,0,0,0,0,0,0,0
Beethoven,Piano_Concerto_No._5_(E_flat_Major)_-_Movement_2_-_Adagio_un_poco_mosso.mid,197.07803024084734,3104,1263,68.28898195876289,70.0,0.7065079633732011,61.60083762886598,6.458586237395814,0.013853092783505154,0.10824742268041238,0.036404639175257734,0.1208118556701031,0.12951030927835053,0.011275773195876288,0.19619845360824742,0.05122422680412371,0.061211340206185565,0.031894329896907214,0.055412371134020616,0.18395618556701032,2.2155703398589712,0.0036824320833480947,1.0250555355652364,2.4556962025316458,0.4067632850241546,0.3109927817535554,0.06347118526275276,0.5418809014180678,new_midi_files\commons.wikimedia.org\Beethoven\Piano_Concerto_No._5_(E_flat_Major)_-_Movement_2_-_Adagio_un_poco_mosso.mid,480.6005348395833,11,10,6,0,0,14.211806556982,70.0,14.802440827546553,90.0,1.1500170039417243,0.41666654166670014,0.1518480625986948,0.3091440185458346,14,4.563042608852688,1,0,0,0,0,1,5,1,1,1,0,0,0,0,0,0
Beethoven,Piano_Concerto_No._5_(E_flat_Major)_-_Movement_3_-_Rondo_-_Allegro_ma_non_troppo.mid,251.37982354505124,16813,4378,65.37441265687266,74.0,0.24349853142409583,99.59085231665972,27.877401650924657,0.06923214179503956,0.017962291084280022,0.07012430857074882,0.1895557009456968,0.030274192589067984,0.10212335692618807,0.006602034140248617,0.11842027002914411,0.09564027835603402,0.036935704514363885,0.2180455599833462,0.045084161065841906,2.201487985928782,0.0040109661111286206,1.131941318638818,3.839461064169902,0.2603782562150589,0.3946070288732181,0.014950625879924542,0.527805336704269,new_midi_files\commons.wikimedia.org\Beethoven\Piano_Concerto_No._5_(E_flat_Major)_-_Movement_3_-_Rondo_-_Allegro_ma_non_troppo.mid,603.1049884250003,15,14,10,0,0,13.748815280874522,63.0,8.228573368475507,108.0,0.3801963541600626,0.19999999999998863,0.03556248021799908,0.07841379000428791,25,6.7881063619198105,2,0,0,0,0,2,4,2,3,1,0,0,0,0,0,0
Beethoven,Quartet_13_mvt5.MID,73.75612706342642,1215,446,57.45432098765432,48.0,1.102620316237997,91.10534979423868,3.5661581872652635,0.07736625514403292,0.04197530864197531,0.060082304526748974,0.2189300411522634,0.0205761316872428,0.1037037037037037,0.019753086419753086,0.13991769547325103,0.10205761316872428,0.007407407407407408,0.16790123456790124,0.040329218106995884,2.198553325689968,0.003948937887742949,0.8354462874057439,2.7181208053691277,0.3667763157894737,1.2187007724054626,0.060654709756107254,0.5506167333338841,new_midi_files\commons.wikimedia.org\Beethoven\Quartet_13_mvt5.MID,340.70277766666663,1,8,1,0,0,10.301193139364866,58.0,19.507316665253246,65.0,0.8545867250996693,0.8159718958333428,0.2716881236614497,0.41382061895311056,7,3.93211846819715,8,0,0,0,0,0,0,0,0,0,0,0,0,0,0,0
Beethoven,Sym_9_First_Movement.mid,181.5348115176669,29470,4678,61.6003393281303,73.0,0.258794004979288,68.14356973193078,32.943866720968295,0.06199524940617577,0.03634204275534442,0.25707499151679675,0.027417712928401766,0.07638276213098066,0.09440108585001697,0.034645402103834405,0.0850695622667119,0.012826603325415678,0.19351883271123177,0.08791991856124873,0.03240583644384119,2.184671601153496,0.004853936690554226,1.185058387845691,6.2983543492199185,0.15873231312137356,0.3733182134703955,0.006159777799113261,0.1991514805227645,new_midi_files\commons.wikimedia.org\Beethoven\Sym_9_First_Movement.mid,894.5519434500011,21,16,10,0,0,12.853441305615496,62.0,33.37113058997572,126.0,0.7234349397853866,0.10810813333336,0.0301106672418474,0.08225311569301418,25,8.525675208223245,0,0,0,0,0,2,7,3,3,1,0,0,0,0,0,0
Beethoven,Sym_9_Fourth_Movement.mid,221.73834325672337,47745,7652,64.72342653681014,79.0,0.32511179610029173,72.95610011519531,34.61354963446014,0.03475702070494915,0.06369277352495896,0.1722071774313922,0.01882849649231294,0.1234407318165341,0.035140840565494595,0.12734290039874618,0.09218073650766574,0.01872187986438365,0.20321129283323028,0.04354223084632279,0.06693391901400943,2.2437179294680365,0.0034290599923058403,1.2205781276813616,6.238729909839279,0.1602647342185733,0.32754172024664696,0.004644123973876835,0.27212800899871553,new_midi_files\commons.wikimedia.org\Beethoven\Sym_9_Fourth_Movement.mid,1379.3731213416668,32,39,14,1,1,13.561264815323094,65.0,14.63416269876214,104.0,0.4845991980135551,0.2009535083333276,0.02888604057769912,0.11635436757883294,34,11.253273291065822,4,0,0,0,0,6,5,6,14,3,0,0,0,0,0,0
Beethoven,Sym_9_Second_Movement.mid,178.07762827038192,34834,6530,64.51696618246541,71.0,0.14206634162354534,76.248521559396,41.8586422790231,0.07791943183141227,0.03024217021772034,0.21317964838747236,0.01993829316567703,0.10498893934101758,0.12003725695657236,0.02878682035161253,0.10964605891256259,0.011468156944929562,0.20517522412387937,0.04526138083595296,0.03335661893119106,2.17756981774067,0.004430666578863325,1.1004857032290347,5.333639565150819,0.18745514568680924,0.42578474092962354,0.005112031814852359,0.1356966858192066,new_midi_files\commons.wikimedia.org\Beethoven\Sym_9_Second_Movement.mid,832.1817933749991,20,21,10,1,1,13.332811593502425,65.0,25.501988653806098,110.0,0.38729207178372743,0.08928575000001615,0.023836907064900114,0.08943023101848858,26,5.946704173909539,0,0,0,0,1,4,5,5,4,1,0,0,0,0,0,0
Beethoven,Sym_9_Third_Movement.mid,147.57131831336105,8499,3109,64.4539357571479,66.0,1.0450192321586849,48.50864807624426,8.642271735162087,0.10365925402988586,0.012707377338510413,0.12413225085304154,0.09871749617602071,0.02588539828215084,0.21273090951876691,0.03671020120014119,0.07859748205671255,0.006236027767972703,0.08612777973879279,0.19037533827509118,0.024120484762913282,2.171532492651959,0.004204874272079599,1.0239871033584407,2.732797427652733,0.36576470588235294,0.3265007582010657,0.017361331566277772,0.3447460960116402,new_midi_files\commons.wikimedia.org\Beethoven\Sym_9_Third_Movement.mid,983.4219821416667,18,18,9,0,0,11.659344427950398,65.0,14.832040452187885,94.0,1.4626571247293727,0.7099999999999937,0.11551172613556131,0.2720733586134954,23,9.031340172785738,0,0,0,0,0,6,5,3,3,1,0,0,0,0,0,0
Beethoven,beethoven-122.mid,193.4461040404355,6311,3934,61.83504991285058,58.0,0.16785077930069198,57.23181746157503,15.914496762480463,0.20709871652669942,0.06670892093170655,0.037395024560291555,0.10743146886388845,0.05339882744414514,0.11646331801616226,0.013310093487561401,0.1510061796862621,0.12121692283314847,0.011408651560766914,0.07811757249247346,0.03644430359689431,2.245776204931809,0.0032163283138204606,0.9379793360523687,1.6038119440914866,0.6232572877059569,0.2943325490834907,0.030647354886000556,0.3867845918241865,new_midi_files\midi-classical-music\data\beethoven-122.mid,396.55668,3,2,1,0,0,12.254376734932974,61.0,22.260780819831073,88.0,0.1415691577222938,0.12710149999999487,0.06268460665610141,0.07421788826107625,8,2.671260683760688,2,0,0,0,0,0,0,0,0,0,0,0,0,0,0,0
Beethoven,beethoven-13.mid,194.9823848812951,36637,6090,63.63040096077736,79.0,0.17688635237567196,103.13682888882823,57.495524088815024,0.22368097824603542,0.012719382045473156,0.12975953271283128,0.01179135846275623,0.12307230395501816,0.08182984414662772,0.019761443349619236,0.21047028959794742,0.022982231077872096,0.05947539372765237,0.013156099025575237,0.09130114365259165,2.1061079914971765,0.005245321821534834,1.2415448836657779,6.0149400755212605,0.16622086358425678,0.5262556068561843,0.005321862134431331,0.0804104335508624,new_midi_files\midi-classical-music\data\beethoven-13.mid,637.214819425,35,22,14,0,0,15.116905988625387,64.0,13.209595391183846,59.0,0.2933472199113137,0.10119051666666223,0.01739062705399061,0.059495689552498794,29,10.170173533998051,0,0,0,0,0,9,4,3,4,2,0,0,0,0,0,0
Beethoven,beethoven-sonata_no_17_in_d_minor_op_31_no_2_tempest.mid,215.63608886602987,9982,6913,62.32167902224003,61.0,0.4598481011017746,67.37397315167301,7.125055183711217,0.09146463634542176,0.06371468643558405,0.13454217591664996,0.036766179122420355,0.11350430775395712,0.1204167501502705,0.022740933680625124,0.06551793227810059,0.04107393307954318,0.18162692847124826,0.08284912843117612,0.04578240833500301,2.3404787700997582,0.0020311619910919686,0.9787926124300824,1.4437373445183685,0.6924772112591405,0.31100069016357573,0.021600329446662313,0.24714461360473525,new_midi_files\midi-classical-music\data\beethoven-sonata_no_17_in_d_minor_op_31_no_2_tempest.mid,1400.9716055,3,2,1,0,0,12.540649547367334,62.0,26.089305647851518,97.0,5.425279602545555,0.1331017187501402,0.1401551221570985,0.3572989290336324,11,3.276443096475016,2,0,0,0,0,0,0,0,0,0,0,0,0,0,0,0
Beethoven,Beethoven__Fur_Elise.mid,218.18181818181824,147,129,64.6734693877551,55.0,0.3255102040816327,63.42176870748299,3.712550905513054,0.12244897959183673,0.0,0.05442176870748299,0.08163265306122448,0.3673469387755102,0.013605442176870748,0.0,0.027210884353741496,0.04081632653061224,0.19047619047619047,0.0,0.10204081632653061,1.8238288428718428,0.010459569315254448,0.8504259887438077,1.1307692307692307,0.8716216216216216,0.28935688750821764,1.4742014742014746,0.1224488571429796,new_midi_files\midisheetmusic.com\Beethoven\Beethoven__Fur_Elise.mid,39.595416666666665,2,2,1,0,0,11.135017550704852,69.0,10.870871752255509,67.0,0.15390245021308493,0.27500000000000036,0.2410958904109589,0.09041095890410958,4,1.2084732029170042,2,0,0,0,0,0,0,0,0,0,0,0,0,0,0,0
Beethoven,Beethoven__Minuet_in_G_major.mid,178.06469419372655,404,204,63.54950495049505,50.0,0.48267278465346536,63.77970297029703,4.96721808197218,0.07178217821782178,0.04950495049504951,0.18811881188118812,0.012376237623762377,0.07178217821782178,0.007425742574257425,0.09900990099009901,0.1707920792079208,0.007425742574257425,0.1188118811881188,0.04207920792079208,0.1608910891089109,2.179587214109145,0.0038183892646690416,0.7867881780064492,1.9707317073170731,0.5037037037037037,0.35618245828680795,0.4396659115894483,0.2103958292081312,new_midi_files\midisheetmusic.com\Beethoven\Beethoven__Minuet_in_G_major.mid,81.333252,2,2,1,0,0,9.873959388834438,67.0,11.291304106551413,63.0,0.25579528265692336,0.3333330000000103,0.1968567096774194,0.2264211905127034,4,2.3975409836065555,2,0,0,0,0,0,0,0,0,0,0,0,0,0,0,0
Beethoven,Beethoven__Moonlight_Sonata.mid,121.28113879003558,1141,824,58.35845749342682,58.0,1.3037494522348816,66.05872042068361,2.7556642364413046,0.056091148115687994,0.16301489921121823,0.017528483786152498,0.07449605609114812,0.11744084136722173,0.016652059596844872,0.14022787028921999,0.035056967572304996,0.19456617002629273,0.08238387379491674,0.008764241893076249,0.09377738825591586,2.2219409025763617,0.0033933539667262646,0.9938576428733601,1.383030303030303,0.7215411558669002,0.5402200296327841,0.10620064692647599,0.5810686564422989,new_midi_files\midisheetmusic.com\Beethoven\Beethoven__Moonlight_Sonata.mid,414.05625000000003,2,2,1,0,0,10.77343727969963,61.0,8.060956731580227,53.0,1.7318425835063769,0.5,0.35789473684210527,0.25035771780343924,6,3.5926957388036045,2,0,0,0,0,0,0,0,0,0,0,0,0,0,0,0
Beethoven,Beethoven__Sonata_Pathetique_2nd_Mov.mid,146.1300309597524,597,278,57.21608040201005,52.0,0.6447375767727525,61.71189279731993,4.745761589074945,0.12227805695142378,0.07202680067001675,0.035175879396984924,0.20938023450586266,0.02680067001675042,0.09045226130653267,0.0,0.1306532663316583,0.1541038525963149,0.006700167504187605,0.1390284757118928,0.01340033500837521,2.125672206988614,0.004262951178748759,0.9088353960250972,2.139784946236559,0.46488294314381273,0.41943777483606526,0.24436460026714446,0.5745387889452982,new_midi_files\midisheetmusic.com\Beethoven\Beethoven__Sonata_Pathetique_2nd_Mov.mid,125.7964583333333,2,2,1,0,0,9.228635577375519,56.0,13.653184850111773,82.0,0.5145794469811216,0.42499999999999893,0.2025167785234899,0.21905749336831137,5,3.059770826881386,2,0,0,0,0,0,0,0,0,0,0,0,0,0,0,0
Beethoven,appass_3.mid,265.2554833443439,7223,4070,63.28699986155337,67.0,0.15828390845562768,58.846324242004705,15.533240700100835,0.22109926623286724,0.07642253911117264,0.017859615118371867,0.055378651529835246,0.05620933130278278,0.16405925515713693,0.04181088190502561,0.09289768794129863,0.1187872075314966,0.027689325764917623,0.10065069915547556,0.027135539249619273,2.255510860833068,0.0034145646784210578,1.0586692225559746,1.7742569393269467,0.5633997785160576,0.2210145064539374,0.036718643873801755,0.3930495861834195,new_midi_files\piano-midi.de\Beethoven\appass_3.mid,465.00277304999923,11,2,1,0,0,14.231779519384927,63.0,13.942651770961254,81.0,0.16759095357840315,0.10600699999999108,0.06430362185682625,0.09077298263554608,8,2.4586620489939963,2,0,0,0,0,0,0,0,0,0,0,0,0,0,0,0
Beethoven,beethoven_hammerklavier_1.mid,205.57094949883006,8290,3746,68.47406513872136,72.0,0.2060417198876667,54.91785283474065,13.997715909690806,0.10024125452352231,0.032689987937273825,0.15271411338962607,0.08069963811821472,0.04197828709288299,0.11930036188178528,0.06043425814234017,0.11387213510253318,0.032448733413751506,0.07430639324487334,0.12750301568154404,0.0638118214716526,2.3788429932545263,0.0014279072245236954,1.0514929820895325,2.2124366159594344,0.4518152213243276,0.26585467592601486,0.024794469846680746,0.3337752995178248,new_midi_files\piano-midi.de\Beethoven\beethoven_hammerklavier_1.mid,592.2394806041693,17,2,1,0,0,15.275653437344534,70.0,17.243264301904638,99.0,0.2016260194081988,0.13781551666664882,0.0711469364644914,0.10547838073468346,10,2.8841134605316547,2,0,0,0,0,0,0,0,0,0,0,0,0,0,0,0
Beethoven,beethoven_hammerklavier_2.mid,205.917577115326,1887,823,63.411764705882355,72.0,0.18957018084923152,51.75781664016958,13.891630551289488,0.10916799152093269,0.10386857445680975,0.0789613142554319,0.06306306306306306,0.01483836777954425,0.20932697403285638,0.015368309485956544,0.06995230524642289,0.03179650238473768,0.06571277159512454,0.15527291997880233,0.08267090620031796,2.2756829213811427,0.002918804196509238,1.1354359746730875,2.2900485436893203,0.4359110169491525,0.25013736078749,0.10906651330260911,0.3693690000003694,new_midi_files\piano-midi.de\Beethoven\beethoven_hammerklavier_2.mid,135.8371857812501,17,2,1,0,0,15.65826526907226,65.0,18.07618456530822,101.0,0.15882888927185723,0.1310042499999966,0.07169173039832985,0.1245948943036983,6,2.633438915898667,2,0,0,0,0,0,0,0,0,0,0,0,0,0,0,0
Beethoven,beethoven_hammerklavier_3.mid,176.6348375009915,5190,1938,63.445086705202314,71.0,0.605943371156069,43.72061657032755,6.826372465442688,0.02928709055876686,0.16473988439306358,0.09036608863198459,0.04393063583815029,0.04932562620423892,0.061078998073217726,0.15433526011560694,0.0605009633911368,0.08342967244701349,0.10346820809248555,0.05067437379576108,0.10886319845857419,2.366789579306468,0.0017073524625564453,1.1190779706996639,2.6766374419804024,0.3733384704295897,0.2461263634172183,0.03402713109246609,0.49710932948026587,new_midi_files\piano-midi.de\Beethoven\beethoven_hammerklavier_3.mid,760.2866714749985,17,2,1,0,0,14.188911582301255,63.0,15.298777099408133,93.0,0.5308181412763489,0.39473674999999275,0.14609769843900527,0.25315574696524323,9,4.1363951444773095,2,0,0,0,0,0,0,0,0,0,0,0,0,0,0,0
Beethoven,beethoven_hammerklavier_4.mid,239.62741307322597,8008,5414,62.273476523476525,70.0,0.2068933478001157,59.80831668331668,12.476364338579524,0.09777722277722278,0.06668331668331669,0.09627872127872128,0.08841158841158842,0.0678071928071928,0.10014985014985014,0.06518481518481518,0.09453046953046954,0.0531968031968032,0.09540459540459541,0.11550949050949051,0.059065934065934064,2.458259676334092,0.00036132993019856165,1.1240740485965417,1.4788550323176362,0.6759895117992258,0.24855155079573688,0.029919766896394803,0.38898562500038897,new_midi_files\piano-midi.de\Beethoven\beethoven_hammerklavier_4.mid,641.8536508458311,17,2,1,0,0,14.255863921402756,63.0,13.996265584551406,99.0,0.3924543514477143,0.11538450000000466,0.07994436353763346,0.13452840876962507,9,2.5812767863826855,2,0,0,0,0,0,0,0,0,0,0,0,0,0,0,0
Beethoven,beethoven_les_adieux_2.mid,187.69106677364513,868,442,64.73617511520737,64.0,0.6213202775489628,43.555299539170505,5.001650552965746,0.15668202764976957,0.04032258064516129,0.11059907834101383,0.044930875576036866,0.06221198156682028,0.10483870967741936,0.05414746543778802,0.15207373271889402,0.0576036866359447,0.0944700460829493,0.07603686635944701,0.04608294930875576,2.381376918913391,0.0015133871793601243,0.9886280568395446,1.9593679458239277,0.5086306098964327,0.23082862524392683,0.2159851171158172,0.2730412016131763,new_midi_files\piano-midi.de\Beethoven\beethoven_les_adieux_2.mid,173.54271171249988,17,2,1,0,0,11.174804202523031,64.0,12.164973214001462,56.0,0.7771318978615991,0.2639153718750009,0.19877356598904253,0.2800749849535732,7,3.1076269097715983,2,0,0,0,0,0,0,0,0,0,0,0,0,0,0,0
Beethoven,beethoven_les_adieux_3.mid,164.34076907290043,5331,2711,66.12961920840368,72.0,0.13811251680618117,52.53892327893453,17.734452446382132,0.09135246670418308,0.024385668730069407,0.0921027949728006,0.14800225098480585,0.014068655036578503,0.13580941661977114,0.04089289063965485,0.13956105796285875,0.06415306696679797,0.036390921027949726,0.1963984243106359,0.016882386043894203,2.2336122875785316,0.003340258756987837,1.0887708075911544,1.9657079646017699,0.5084396099024756,0.31776145456157634,0.0308215996010691,0.4738318278001362,new_midi_files\piano-midi.de\Beethoven\beethoven_les_adieux_3.mid,300.60133043958376,17,2,1,0,0,13.327536489312026,65.0,14.745350957765758,83.0,0.1257001473290642,0.0911855000000017,0.056329038168777434,0.08278116279443086,8,2.4493498615493703,2,0,0,0,0,0,0,0,0,0,0,0,0,0,0,0
Beethoven,beethoven_opus10_1.mid,181.62427493722655,2874,1765,61.061586638830896,59.0,0.32065493247796356,54.30828114126653,7.343790411702669,0.15309672929714682,0.018093249826026444,0.08733472512178149,0.15414057063326375,0.022616562282533056,0.12143354210160055,0.019832985386221295,0.16353514265831592,0.07376478775226165,0.024704244954766877,0.10995128740431455,0.05149617258176757,2.255865170135918,0.0029172249882040194,0.9662375690094264,1.6274065685164212,0.6139130434782609,0.29737712119560183,0.06317366084773098,0.3757825052195825,new_midi_files\piano-midi.de\Beethoven\beethoven_opus10_1.mid,391.3510379354166,17,2,1,0,0,11.709753905280982,60.0,17.09453089143844,76.0,0.3045454340682083,0.1711154999999991,0.1360666794066887,0.1735468170741609,8,2.3548226185968364,2,0,0,0,0,0,0,0,0,0,0,0,0,0,0,0
Beethoven,beethoven_opus10_2.mid,160.413272216486,1616,884,63.698638613861384,60.0,0.7504240481023104,48.89170792079208,4.158246824312719,0.1280940594059406,0.0891089108910891,0.03341584158415842,0.2332920792079208,0.014232673267326733,0.06806930693069307,0.006806930693069307,0.09158415841584158,0.15099009900990099,0.025371287128712873,0.12995049504950495,0.029084158415841586,2.174877572116206,0.004250140747366816,0.9419353437328899,1.8259887005649718,0.546691403834261,0.3028976939096989,0.09920424997927396,0.6101479047035805,new_midi_files\piano-midi.de\Beethoven\beethoven_opus10_2.mid,388.6253193416663,17,2,1,0,0,11.393616769802415,63.0,17.04740131625527,88.0,0.6937920354667194,0.7796175750000032,0.23750630795149613,0.3419986174374445,9,3.120448414909323,2,0,0,0,0,0,0,0,0,0,0,0,0,0,0,0
Beethoven,beethoven_opus10_3.mid,196.94827061855167,2765,1657,61.90777576853526,60.0,0.19196446635699194,50.360578661844485,12.74324862682711,0.16600361663652802,0.012658227848101266,0.09294755877034358,0.14213381555153706,0.03363471971066908,0.10452079566003616,0.020253164556962026,0.14900542495479205,0.1077757685352622,0.015913200723327307,0.07848101265822785,0.07667269439421338,2.2669392909251154,0.002650073702503487,0.9691835683961294,1.6676718938480097,0.599060014461316,0.2544128246459391,0.07120327932702519,0.36130162784846254,new_midi_files\piano-midi.de\Beethoven\beethoven_opus10_3.mid,216.9776389812498,17,2,1,0,0,12.982468117282876,62.0,15.584054342678813,83.0,0.31503849902837355,0.0800000000000125,0.07821093306123365,0.1356587865930983,8,2.4462509223033333,2,0,0,0,0,0,0,0,0,0,0,0,0,0,0,0
Beethoven,beethoven_opus22_1.mid,165.10533609340422,5189,3268,60.221429947966854,60.0,0.18983394589074673,49.26825978030449,12.984705508682787,0.12353054538446714,0.034303333975717866,0.11408749277317402,0.06031990749662748,0.06822123723260744,0.18751204470996338,0.01888610522258624,0.08479475814222394,0.02139140489497013,0.10965503950664868,0.1599537483137406,0.017344382347273077,2.2604436255758023,0.002957268122509658,0.9963230540277568,1.5873355766289385,0.6296724470134875,0.296608531303293,0.03181220348620505,0.29485420504943727,new_midi_files\piano-midi.de\Beethoven\beethoven_opus22_1.mid,399.62400352708426,17,2,1,0,0,13.249147403380832,61.0,16.305113676613473,79.0,0.23030335889898487,0.09523799999999483,0.07669617936142718,0.10877527389372352,7,2.464937882942566,2,0,0,0,0,0,0,0,0,0,0,0,0,0,0,0
Beethoven,beethoven_opus22_2.mid,194.18965192388933,2191,969,59.74121405750799,58.0,0.46474360443575913,37.05522592423551,6.822773682735574,0.06754906435417618,0.022364217252396165,0.08534915563669557,0.17845732542218165,0.017800091282519397,0.10588772250114104,0.02875399361022364,0.1401186672752168,0.09904153354632587,0.030123231401186674,0.18986764034687356,0.03468735737106344,2.2380713300787605,0.0034016542069198667,0.9708540401156578,2.258762886597938,0.4420620437956204,0.18984216406454027,0.08859016967330717,0.5184841916938092,new_midi_files\piano-midi.de\Beethoven\beethoven_opus22_2.mid,321.1303938666663,17,2,1,0,0,10.962245244428676,58.0,13.605451656264753,65.0,0.42480198148956394,0.4115852999999996,0.1458407597564686,0.2142741262736407,6,3.170840433563972,2,0,0,0,0,0,0,0,0,0,0,0,0,0,0,0
Beethoven,beethoven_opus22_3.mid,234.60741647637496,1921,1129,62.44924518479959,53.0,0.23714675502559418,48.183758459135866,10.48929661085943,0.09005726184279021,0.031233732431025507,0.17595002602811036,0.09578344612181156,0.01665799062988027,0.11087975013014055,0.041644976574700676,0.11816762103071317,0.025507548152004164,0.11712649661634565,0.15096304008328995,0.026028110359187923,2.2774201205132685,0.0026659712438534197,0.8486891874269001,1.7,0.5874089490114464,0.20450866606725596,0.12206421252672996,0.3451323982304336,new_midi_files\piano-midi.de\Beethoven\beethoven_opus22_3.mid,183.13906749583325,17,2,1,0,0,10.927504743516815,63.0,12.911344947442968,78.0,0.2381885707011974,0.12425450000000637,0.09465619615668398,0.11428069285377597,6,2.4875026537662768,2,0,0,0,0,0,0,0,0,0,0,0,0,0,0,0
Beethoven,beethoven_opus22_4.mid,173.89667732268478,3502,1535,63.792404340376926,60.0,0.22864234512183543,52.99828669331811,12.38473436994735,0.1202170188463735,0.03826384922901199,0.09537407195888065,0.09137635636778983,0.02655625356938892,0.2264420331239292,0.02655625356938892,0.07053112507138778,0.034266133637921185,0.08395202741290692,0.1650485436893204,0.02141633352370074,2.241623557366508,0.0036343056385898832,0.9405508332827114,2.2799479166666665,0.4381958321438767,0.30302626387542025,0.04964221447978441,0.3555107809826514,new_midi_files\piano-midi.de\Beethoven\beethoven_opus22_4.mid,282.7674696437504,17,2,1,0,0,11.380096218217167,65.0,15.28654527715831,88.0,0.23547789092245855,0.16281318749999585,0.08048224104363051,0.1034328185253965,7,2.831674710055769,2,0,0,0,0,0,0,0,0,0,0,0,0,0,0,0
Beethoven,beethoven_opus90_2.mid,249.35278938607647,4010,2159,63.76209476309227,63.0,0.36602087843100645,41.42319201995012,8.113552825864287,0.026184538653366583,0.0912718204488778,0.022443890274314215,0.08728179551122195,0.14364089775561098,0.020448877805486283,0.1371571072319202,0.014713216957605985,0.11820448877805487,0.09725685785536159,0.030673316708229426,0.21072319201995013,2.218831933240272,0.0035550342072223156,0.988047824432813,1.8564814814814814,0.5382697581650461,0.16545927897000656,0.06216723744354936,0.4645880640902402,new_midi_files\piano-midi.de\Beethoven\beethoven_opus90_2.mid,494.23478050416696,17,2,1,0,0,11.571538719209821,63.0,14.903068715626304,84.0,0.32985700469891505,0.2202642499999996,0.12282627662862734,0.12267132941070762,6,2.969729732519215,2,0,0,0,0,0,0,0,0,0,0,0,0,0,0,0
Beethoven,mond_2.mid,181.8373708779358,898,389,61.505567928730514,50.0,0.418145325399035,58.47995545657015,7.239442742314809,0.09020044543429843,0.1915367483296214,0.0022271714922048997,0.12806236080178174,0.0077951002227171495,0.13697104677060135,0.12583518930957685,0.026726057906458798,0.17928730512249444,0.0,0.09131403118040089,0.0200445434298441,2.083193613262462,0.004512385300117008,0.8129345174895858,2.3025641025641024,0.43270300333704115,0.3198468408059313,0.20226626349047364,0.7160349187089565,new_midi_files\piano-midi.de\Beethoven\mond_2.mid,124.04269665,7,2,1,0,0,9.970807733583325,61.0,12.654485863525876,75.0,0.38453811295837176,0.28896199999999794,0.1369045046265329,0.19477503124979131,6,3.0271391411929085,2,0,0,0,0,0,0,0,0,0,0,0,0,0,0,0
Beethoven,mond_3.mid,173.3568333665443,6538,3712,60.87060263077394,59.0,0.16361880854268696,55.08397063322117,15.932469066160856,0.04328540838176812,0.17405934536555523,0.01850718874273478,0.13429183236463751,0.09238299174059346,0.01621290914652799,0.061792597124502906,0.04435607219333129,0.24288773325175894,0.05980422147445702,0.039461609054756805,0.07295809115937596,2.2115041211616195,0.00427067671170341,0.9692691788942893,1.7608402908699166,0.5676708976907784,0.31592665208262904,0.026511214767784723,0.6524924646687468,new_midi_files\piano-midi.de\Beethoven\mond_3.mid,410.35698690833357,8,2,1,0,0,13.758395361460018,61.0,14.98543649148644,89.0,0.2507370484999522,0.09743248958335471,0.062723040574805,0.09714622667030293,10,2.6068516057484414,2,0,0,0,0,0,0,0,0,0,0,0,0,0,0,0
Beethoven,pathetique_1.mid,188.88590864369868,5954,3129,60.876385623110515,60.0,0.30827321084984866,53.50822976150487,10.641293631148796,0.1541820624790057,0.030903594222371517,0.07692307692307693,0.1363789049378569,0.03140745717164931,0.1091703056768559,0.04853879744709439,0.14696002687269064,0.10278804165267047,0.03207927443735304,0.09539805172992946,0.03527040644944575,2.330185984629421,0.002058939352663582,0.9856038330833221,1.9022364217252397,0.52544080604534,0.2817914722777431,0.0317188763465489,0.4140069759829468,new_midi_files\piano-midi.de\Beethoven\pathetique_1.mid,559.5184388645825,9,2,1,0,0,14.3038257918623,63.0,15.338910636019083,86.0,0.5413484985846714,0.1838710750000132,0.09384000518471065,0.3044869277345412,8,3.2804257552703135,2,0,0,0,0,0,0,0,0,0,0,0,0,0,0,0
Beethoven,pathetique_2.mid,197.24768796936672,1641,575,56.96282754418038,60.0,0.5854094119274316,34.680073126142595,5.31010586172926,0.0712979890310786,0.09384521633150518,0.03412553321145643,0.23826934795856186,0.031687995124923825,0.04753199268738574,0.01218769043266301,0.08531383302864107,0.15965874466788543,0.017672151127361365,0.1145642900670323,0.09384521633150518,2.2197694522899716,0.003909946571472462,1.0533184803746884,2.8489583333333335,0.3501827040194884,0.174933052089371,0.12012648475600897,0.6185246709329768,new_midi_files\piano-midi.de\Beethoven\pathetique_2.mid,309.03338704166646,10,4,1,0,0,9.310171895254811,56.0,12.36591801408342,84.0,0.7190489464066323,0.3537736499999937,0.18218194448678848,0.24813310397025296,6,3.108585949787335,4,0,0,0,0,0,0,0,0,0,0,0,0,0,0,0
Beethoven,waldstein_1.mid,173.2976995465639,8576,5004,61.85704291044776,64.0,0.21491509660948172,51.42059235074627,13.798730760363734,0.12301772388059702,0.03614738805970149,0.08208955223880597,0.060517723880597014,0.12756529850746268,0.07707555970149253,0.048507462686567165,0.11135727611940298,0.06366604477611941,0.09818097014925373,0.03719682835820896,0.13467817164179105,2.399843048743536,0.0011407830408842756,1.0346436873487628,1.7134865134865136,0.583420776495278,0.29501589799817857,0.020204931741467168,0.24603520172599233,new_midi_files\piano-midi.de\Beethoven\waldstein_1.mid,621.5064377249968,8,2,1,0,0,15.56467734351921,60.0,18.434838611962963,84.0,0.3308579821599892,0.12648728124997888,0.07209565671136989,0.11124380339456051,8,2.9655555544517918,2,0,0,0,0,0,0,0,0,0,0,0,0,0,0,0
Chopin,chpn-p1.mid,221.91849702589738,327,236,61.55351681957187,55.0,0.24972010479740087,59.77981651376147,10.645336785845736,0.19571865443425077,0.0061162079510703364,0.0856269113149847,0.01834862385321101,0.15902140672782875,0.08868501529051988,0.012232415902140673,0.22935779816513763,0.0061162079510703364,0.12538226299694188,0.009174311926605505,0.06422018348623854,2.043924419298823,0.005712708120965002,0.8935313845297713,1.379746835443038,0.7195121951219512,0.26816893757729127,0.6765807836155407,0.051987715596382274,new_midi_files\Classical Music MIDI (Kaggle)\Chopin\chpn-p1.mid,30.717675408333356,7,2,1,0,0,11.414462291570304,64.0,18.059038990571146,81.0,0.3954831647653447,0.13836668333333335,0.08416164769299599,0.06819428180520398,7,2.658354617765024,2,0,0,0,0,0,0,0,0,0,0,0,0,0,0,0
Chopin,chpn-p10.mid,208.00562675613074,322,170,63.04968944099379,65.0,0.23171436464803322,40.15527950310559,13.794003436341145,0.034161490683229816,0.20496894409937888,0.021739130434782608,0.13354037267080746,0.09627329192546584,0.0,0.11801242236024845,0.006211180124223602,0.2453416149068323,0.08695652173913043,0.012422360248447204,0.040372670807453416,2.042586219856365,0.005910319389255386,1.0309328966623785,1.8830409356725146,0.5263157894736842,0.19212535148615428,0.643980268594832,0.7142850000007144,new_midi_files\Classical Music MIDI (Kaggle)\Chopin\chpn-p10.mid,23.343476858333336,7,2,1,0,0,15.959693501873382,61.0,7.462168773893873,42.0,0.2717637315907825,0.096241229166667,0.06870320236240915,0.12482728441252726,6,3.1962687422045755,2,0,0,0,0,0,0,0,0,0,0,0,0,0,0,0
Chopin,chpn-p11.mid,178.15472600332774,320,160,63.490625,53.0,0.2541801146614583,44.63125,10.579939958485317,0.0,0.10625,0.00625,0.15,0.075,0.015625,0.3125,0.009375,0.090625,0.0,0.075,0.159375,1.9255662573765848,0.007778862847222223,0.8347688995852711,1.9875776397515528,0.4984423676012461,0.2491212539889737,0.5549991464278122,0.7343742656257343,new_midi_files\Classical Music MIDI (Kaggle)\Chopin\chpn-p11.mid,30.245918337499997,7,2,1,0,0,10.553727403594191,66.0,11.10299614687405,54.0,0.30564733726326676,0.16901399999999978,0.08967093559299895,0.1629908451216215,5,2.6892103517591415,2,0,0,0,0,0,0,0,0,0,0,0,0,0,0,0
Chopin,chpn-p14.mid,244.1521065906375,434,217,50.72811059907834,39.0,0.12490268255568357,50.52764976958525,15.264324880734653,0.03686635944700461,0.06912442396313365,0.07373271889400922,0.15668202764976957,0.027649769585253458,0.10599078341013825,0.14746543778801843,0.027649769585253458,0.04608294930875576,0.05069124423963134,0.1336405529953917,0.12442396313364056,2.3288518885582503,0.0021111028525180446,0.7688044906585597,1.9908256880733946,0.49885057471264366,0.20610734483288726,0.5612692105531897,0.5529948387102305,new_midi_files\Classical Music MIDI (Kaggle)\Chopin\chpn-p14.mid,28.432308889583336,9,2,1,0,0,7.664917543345994,51.0,15.304901793228865,76.0,0.02280774682827747,0.12298308333333452,0.061572962793495,0.061929991247380314,4,1.906555125005223,2,0,0,0,0,0,0,0,0,0,0,0,0,0,0,0
Chopin,chpn-p15.mid,165.61077691260516,1518,743,59.38076416337286,54.0,0.6792809239706835,48.88932806324111,5.53496462253254,0.043478260869565216,0.11001317523056653,0.002635046113306983,0.10013175230566534,0.04808959156785244,0.06258234519104085,0.039525691699604744,0.003952569169960474,0.47167325428194995,0.005270092226613966,0.03491436100131752,0.077733860342556,1.79195590022216,0.014855441335506639,0.909385385173652,2.0403225806451615,0.489137590520079,0.2934343682274872,0.10902618624924632,0.7562574782616259,new_midi_files\Classical Music MIDI (Kaggle)\Chopin\chpn-p15.mid,274.2564954833324,9,2,1,0,0,10.062515994424903,58.0,16.56828818344829,75.0,0.6243731883913533,0.3938837500000023,0.17531798123626613,0.19209695369490193,7,3.7597958829389446,2,0,0,0,0,0,0,0,0,0,0,0,0,0,0,0
Chopin,chpn-p16.mid,190.5330974580163,1199,730,65.16763969974978,74.0,0.12434232627363075,55.461217681401166,19.577716000704804,0.10592160133444536,0.12510425354462051,0.026688907422852376,0.14261884904086738,0.05587989991659716,0.15679733110925773,0.10341951626355296,0.020016680567139282,0.058381984987489574,0.06755629691409508,0.11592994161801501,0.021684737281067557,2.317736725933878,0.002106339929430273,1.1355328995404943,1.640218878248974,0.6083333333333333,0.2895646675037883,0.1587775812150136,0.5454540000005454,new_midi_files\Classical Music MIDI (Kaggle)\Chopin\chpn-p16.mid,61.243099039583356,9,2,1,0,0,16.19031167634231,66.0,15.912813606730785,95.0,0.14106709004810922,0.09172858333333522,0.049882380037910436,0.0729361032554071,7,2.434338750652128,2,0,0,0,0,0,0,0,0,0,0,0,0,0,0,0
Chopin,chpn-p17.mid,212.82078810251198,2495,541,62.00681362725451,58.0,0.30809273435287216,34.26372745490982,15.679378742363062,0.06292585170340681,0.10661322645290582,0.01603206412825651,0.19158316633266534,0.05090180360721443,0.07054108216432865,0.04008016032064128,0.07975951903807615,0.17234468937875752,0.03006012024048096,0.11302605210420842,0.06613226452905811,2.299194553891344,0.002686962658338275,0.9353810601086199,4.6033210332103325,0.21674679487179488,0.16024507139353905,0.08526473882312179,0.6236466709425075,new_midi_files\Classical Music MIDI (Kaggle)\Chopin\chpn-p17.mid,159.12620270208328,8,2,1,0,0,8.322913880261599,63.0,16.253335928093367,92.0,0.26685343303707415,0.2681593499999906,0.06093004652582864,0.11743711073740948,8,4.830702669688941,2,0,0,0,0,0,0,0,0,0,0,0,0,0,0,0
Chopin,chpn-p18.mid,228.6656532623446,573,241,60.87434554973822,68.0,0.18318728303155918,65.89528795811518,12.552777031484004,0.2006980802792321,0.09598603839441536,0.038394415357766144,0.055846422338568937,0.04712041884816754,0.14834205933682373,0.04013961605584642,0.11518324607329843,0.09075043630017451,0.03315881326352531,0.0924956369982548,0.041884816753926704,2.3223842978363374,0.002458471533126833,1.1170551119499847,2.3677685950413223,0.41986062717770034,0.2869183398653159,0.3983722182270812,0.37521777486948515,new_midi_files\Classical Music MIDI (Kaggle)\Chopin\chpn-p18.mid,45.64726980833334,8,2,1,0,0,13.695450441354243,61.0,13.199748614500791,79.0,0.2593757011125587,0.12182470833333348,0.06926676950393358,0.1446699862844073,7,2.2995091188985146,2,0,0,0,0,0,0,0,0,0,0,0,0,0,0,0
Chopin,chpn-p19.mid,243.6133228551231,1237,614,63.7962813257882,68.0,0.10910328169799251,45.38480194017785,18.39597838165146,0.06709781729991916,0.04527081649151172,0.06305578011317704,0.19401778496362165,0.015359741309620048,0.11479385610347616,0.038803556992724336,0.10509296685529507,0.068714632174616,0.037186742118027485,0.21341956345998384,0.037186742118027485,2.2477362598407145,0.0036530233298122986,1.0658928313838838,2.011382113821138,0.49596122778675283,0.1855369176561894,0.19677974382481672,0.5602257938566638,new_midi_files\Classical Music MIDI (Kaggle)\Chopin\chpn-p19.mid,67.24295790833338,8,2,1,0,0,13.209360210313111,63.0,13.375457268272674,76.0,0.06700603158028443,0.1017813333333315,0.0523819581984898,0.06408120927897545,7,2.0070616114834996,2,0,0,0,0,0,0,0,0,0,0,0,0,0,0,0
Chopin,chpn-p20.mid,52.294956921302905,286,61,54.9020979020979,51.0,1.5857373487616553,50.25524475524475,3.195417924062057,0.2062937062937063,0.038461538461538464,0.10839160839160839,0.1258741258741259,0.006993006993006993,0.08741258741258741,0.02097902097902098,0.1853146853146853,0.1048951048951049,0.027972027972027972,0.02097902097902098,0.06643356643356643,2.1916127474938074,0.00395054634565124,0.928926234513253,4.612903225806452,0.21254355400696864,0.9429643564484592,0.1822123934540171,0.31118850000031123,new_midi_files\Classical Music MIDI (Kaggle)\Chopin\chpn-p20.mid,89.5031594604167,8,2,1,0,0,11.95376564440362,58.5,21.627518013623416,76.0,0.9570811857485478,1.4781970000000015,0.2635749169590644,0.5541378187224714,7,5.067093547087638,2,0,0,0,0,0,0,0,0,0,0,0,0,0,0,0
Chopin,chpn-p22.mid,200.2931200377751,628,272,57.72133757961783,66.0,0.24460773366175675,76.9952229299363,15.163262147096162,0.1449044585987261,0.09872611464968153,0.08439490445859872,0.11464968152866242,0.011146496815286623,0.04777070063694268,0.06050955414012739,0.1767515923566879,0.04936305732484077,0.09235668789808917,0.10987261146496816,0.009554140127388535,2.292504175576715,0.0023430351017169958,1.1434246263877441,2.3003663003663,0.43243243243243246,0.3825030031602034,0.31843103344638335,0.4331205859876942,new_midi_files\Classical Music MIDI (Kaggle)\Chopin\chpn-p22.mid,41.415890189583315,8,2,1,0,0,13.127391142602583,60.0,9.880253232139042,56.0,0.18564354466841862,0.1531453333333328,0.05943922663144602,0.08821036915743447,7,3.7090511887202946,2,0,0,0,0,0,0,0,0,0,0,0,0,0,0,0
Chopin,chpn-p23.mid,218.24195232810268,526,352,70.38403041825094,65.0,0.20241049553628016,41.165399239543724,10.278491380594378,0.26425855513307983,0.0,0.09505703422053231,0.0038022813688212928,0.060836501901140684,0.19961977186311788,0.0038022813688212928,0.14068441064638784,0.0038022813688212928,0.155893536121673,0.043726235741444866,0.028517110266159697,1.9348635482899548,0.007162308580754704,0.9235049298859168,1.4900849858356942,0.6679316888045541,0.18776241865397353,0.414121351666229,0.05513302471488404,new_midi_files\Classical Music MIDI (Kaggle)\Chopin\chpn-p23.mid,51.17482522708335,8,2,1,0,0,13.331430731646432,70.0,6.230156371613178,41.0,0.24335535172042175,0.13590649999999904,0.08770373582539687,0.06107340546958724,5,2.0804745337114907,2,0,0,0,0,0,0,0,0,0,0,0,0,0,0,0
Chopin,chpn-p24.mid,227.88912255127548,1371,843,57.20933625091174,75.0,0.19200925299659596,62.14952589350839,10.928882479718293,0.099927060539752,0.03282275711159737,0.1422319474835886,0.020423048869438368,0.11013858497447118,0.1349380014587892,0.028446389496717725,0.09117432530999271,0.05105762217359591,0.18526622902990517,0.045951859956236324,0.05762217359591539,2.302253750940283,0.002516626401885608,1.310974809427717,1.6244075829383886,0.6144314868804664,0.27152677768505895,0.16609994355049232,0.1787014989060868,new_midi_files\Classical Music MIDI (Kaggle)\Chopin\chpn-p24.mid,125.44740988333324,8,2,1,0,0,17.130104971952182,55.0,13.221899787240481,90.0,0.21269677031784484,0.13087874999999372,0.08856716520072987,0.09613579646357999,6,2.098446561018296,2,0,0,0,0,0,0,0,0,0,0,0,0,0,0,0
Chopin,chpn-p6.mid,128.37873569642895,405,191,63.785185185185185,43.0,0.7981879024639913,35.70617283950617,4.213604048181303,0.04938271604938271,0.08148148148148149,0.2,0.0,0.0691358024691358,0.007407407407407408,0.16296296296296298,0.10617283950617284,0.007407407407407408,0.009876543209876543,0.05432098765432099,0.2518518518518518,2.0170047625300707,0.006245109993395316,0.6741377202405537,2.109375,0.47044334975369456,0.2759817727952316,0.31620378250351955,0.30617253333363953,new_midi_files\Classical Music MIDI (Kaggle)\Chopin\chpn-p6.mid,96.11724200208327,9,2,1,0,0,8.69259811579619,66.0,8.450587614589585,44.0,0.522169528637158,0.596691083333333,0.22375232655218633,0.2783250056085332,4,3.3632477770316163,2,0,0,0,0,0,0,0,0,0,0,0,0,0,0,0
Chopin,chpn-p7.mid,102.53673752453669,167,50,65.31736526946108,52.0,0.9446858922155688,33.958083832335326,4.510048388484702,0.011976047904191617,0.16167664670658682,0.1317365269461078,0.011976047904191617,0.24550898203592814,0.0,0.0718562874251497,0.0,0.0658682634730539,0.17365269461077845,0.029940119760479042,0.09580838323353294,2.0145477706029107,0.0058712415488384505,0.7961129324394152,3.2745098039215685,0.2976190476190476,0.3279810108396332,0.6103377233603374,0.3413170239524371,new_midi_files\Classical Music MIDI (Kaggle)\Chopin\chpn-p7.mid,37.028427549999996,9,2,1,0,0,10.064516325516006,66.0,11.01950002311535,53.0,0.5530726309594443,0.7060212083333326,0.20491317595381522,0.3943645385078161,9,4.260579085811058,2,0,0,0,0,0,0,0,0,0,0,0,0,0,0,0
Chopin,chpn-p8.mid,207.11823331997908,1558,910,66.18741976893453,58.0,0.16748496051561848,56.003851091142494,16.7119495970178,0.029525032092426188,0.17586649550706032,0.08536585365853659,0.06418485237483953,0.04813863928112965,0.07509627727856226,0.13543003851091143,0.028883183568677792,0.10077021822849808,0.09178433889602054,0.06675224646983312,0.0982028241335045,2.3686377346051244,0.0016404512146601094,0.8762994437036993,1.7102085620197585,0.5837075048107762,0.26909632182509113,0.13285326062859468,0.5430033080878344,new_midi_files\Classical Music MIDI (Kaggle)\Chopin\chpn-p8.mid,93.22670529583338,8,3,1,0,0,11.421925445849586,68.0,16.948460286803602,89.0,0.29486605498729346,0.09324066666666475,0.054472648437165525,0.06190920194832845,6,2.7990002183955403,3,0,0,0,0,0,0,0,0,0,0,0,0,0,0,0
Chopin,chpn-p9.mid,138.04276790090805,413,167,50.8861985472155,44.0,0.9215257752925746,49.7409200968523,4.636205976173677,0.053268765133171914,0.0774818401937046,0.048426150121065374,0.09443099273607748,0.15254237288135594,0.03631961259079903,0.0774818401937046,0.0774818401937046,0.07021791767554479,0.07263922518159806,0.05569007263922518,0.18401937046004843,2.376752743101332,0.0017113878971103912,0.8646745166962992,2.4583333333333335,0.4033816425120773,0.3577382761273947,0.33343663744180685,0.3753022881359686,new_midi_files\Classical Music MIDI (Kaggle)\Chopin\chpn-p9.mid,89.0814606,8,3,1,0,0,9.574437735243317,54.0,16.03486504384259,78.0,1.0605464869657337,0.597014999999999,0.20089420636124591,0.25500628393565655,7,4.272383306609517,3,0,0,0,0,0,0,0,0,0,0,0,0,0,0,0
Chopin,chpn_op10_e01.mid,172.18963274758949,1337,1242,69.1301421091997,77.0,0.2268190589005235,73.52879581151832,11.987130322810733,0.2236350037397158,0.012715033657442034,0.10471204188481675,0.0344053851907255,0.12041884816753927,0.08152580403889305,0.032909498878085267,0.12789827973074047,0.0381451009723261,0.09424083769633508,0.01720269259536275,0.11219147344801796,2.239811981685186,0.003399725020715595,1.1138411774783814,1.075623491552695,0.9282511210762332,0.4245565663776241,0.1286918032493195,0.13537757591636573,new_midi_files\Classical Music MIDI (Kaggle)\Chopin\chpn_op10_e01.mid,111.53628633333331,7,2,1,0,0,17.07485730209948,71.0,10.99279499404244,55.0,0.4989087999177762,0.08695650000000121,0.08161953992015966,0.02492097837702923,3,2.7189096187378636,2,0,0,0,0,0,0,0,0,0,0,0,0,0,0,0
Chopin,chpn_op23.mid,183.21361256784368,5028,2688,64.99502784407319,75.0,0.32784033344935065,55.4049323786794,9.320032486219306,0.09188544152744631,0.03579952267303103,0.1435958631662689,0.10202863961813842,0.056682577565632455,0.06284805091487669,0.05767700875099443,0.12987271280827367,0.06483691328560064,0.07915672235481305,0.13961813842482101,0.03599840891010342,2.3890699674644886,0.0013363245907774591,1.153934405967098,1.8698400892525102,0.5344999005766554,0.30076459392095367,0.03643142027596812,0.39995982279276276,new_midi_files\Classical Music MIDI (Kaggle)\Chopin\chpn_op23.mid,539.4830980937514,8,2,1,0,0,13.973486626451628,65.0,18.817062819625132,101.0,0.35109990087633497,0.2286760000000001,0.10671996962154393,0.1855028543129912,8,3.0554825580409295,2,0,0,0,0,0,0,0,0,0,0,0,0,0,0,0
Chopin,chpn_op25_e1.mid,258.2742029232704,2222,1005,62.60891089108911,60.0,0.15456797917791767,38.71197119711971,17.66617660316885,0.16831683168316833,0.07965796579657966,0.02115211521152115,0.21242124212421243,0.037803780378037805,0.07065706570657065,0.00765076507650765,0.0711071107110711,0.21737173717371738,0.023402340234023402,0.06930693069306931,0.02115211521152115,2.134589886474957,0.005124843042360043,0.9583300234377587,2.2087475149105367,0.45209176788124156,0.14930899704116002,0.11618272736089538,0.5864080544560321,new_midi_files\Classical Music MIDI (Kaggle)\Chopin\chpn_op25_e1.mid,125.7770738916666,9,3,1,0,0,11.345231863323184,63.0,13.23351277215538,77.0,0.20974517711131477,0.10164241666667095,0.05433265771049074,0.05895225848479537,5,2.7306252173520162,3,0,0,0,0,0,0,0,0,0,0,0,0,0,0,0
Chopin,chpn_op25_e12.mid,195.79684921863765,2634,1314,60.322703113135915,76.0,0.11137615689936188,58.15679574791192,19.093706093805178,0.2357630979498861,0.030751708428246014,0.08086560364464693,0.08580106302201974,0.04973424449506454,0.1082004555808656,0.006454062262718299,0.1970387243735763,0.12680334092634776,0.010250569476082005,0.02050113895216401,0.04783599088838269,2.1382173174755614,0.00491976070954231,1.2598904693904494,2.0030418250950572,0.4986717267552182,0.29551690476152287,0.07430620463705413,0.27031104328045247,new_midi_files\Classical Music MIDI (Kaggle)\Chopin\chpn_op25_e12.mid,137.9512173833336,8,2,1,0,0,13.395532159461554,60.0,15.400404339425972,89.0,0.12383763254315097,0.09916666666666885,0.050871957988353055,0.054049034361980795,7,2.1265836056939484,2,0,0,0,0,0,0,0,0,0,0,0,0,0,0,0
Chopin,chpn_op33_2.mid,196.9599114566729,1933,880,62.94464562855665,66.0,0.2769307262178825,49.06932229694775,13.520471592180423,0.017071908949818936,0.09518882565959648,0.2172788411795137,0.008794619762027936,0.13398861872736678,0.03000517330574237,0.10139679255043973,0.06828763579927574,0.03828246249353337,0.19813760993274704,0.02224521469218831,0.0693222969477496,2.17189346494861,0.004427394198731008,1.0485403212996545,2.1940976163450623,0.4550155118924509,0.24787504669948016,0.10184069878835207,0.2659076492501366,new_midi_files\Classical Music MIDI (Kaggle)\Chopin\chpn_op33_2.mid,142.96838588958335,8,2,1,0,0,10.312827513362173,64.0,18.113036905930976,77.0,0.20168890237920326,0.2993709999999936,0.07158856868853519,0.1028147381812776,7,3.7442340168307777,2,0,0,0,0,0,0,0,0,0,0,0,0,0,0,0
Chopin,chpn_op33_4.mid,175.59740431916939,2165,1012,62.16581986143187,65.0,0.41360517949095454,52.80230946882217,6.822609040414865,0.045727482678983834,0.08406466512702078,0.08129330254041571,0.07713625866050808,0.10808314087759816,0.06697459584295612,0.13163972286374134,0.0789838337182448,0.05034642032332563,0.03418013856812933,0.0928406466512702,0.14872979214780602,2.409811080000885,0.0010467621507869202,1.0455906332337435,2.1372161895360318,0.46722068328716526,0.29899821955135364,0.0810699004243626,0.43602727759858845,new_midi_files\Classical Music MIDI (Kaggle)\Chopin\chpn_op33_4.mid,317.3272845,8,2,1,0,0,10.937434302958001,60.0,14.985433858340732,71.0,0.24697680392944704,0.45283000000000584,0.14508980799445473,0.21948353366585796,6,2.8218664367573933,2,0,0,0,0,0,0,0,0,0,0,0,0,0,0,0
Chopin,chpn_op35_1.mid,199.6119253462401,5614,2254,62.44638403990025,76.0,0.2573404628510563,56.44353402208764,14.309881112628657,0.0995724973281083,0.11097256857855362,0.053081581759886,0.09547559672247952,0.050944068400427506,0.13359458496615603,0.0773067331670823,0.06733167082294264,0.09476309226932668,0.06679729248307802,0.11774136088350552,0.032418952618453865,2.4210305468505715,0.0008448448647270261,1.2170440282722472,2.489578713968958,0.4014247551202137,0.28135682325300765,0.03554976408659664,0.49625885536209224,new_midi_files\Classical Music MIDI (Kaggle)\Chopin\chpn_op35_1.mid,392.31632714583293,11,2,1,0,0,13.371146546072218,63.0,16.599644603937218,95.0,0.3528544393147781,0.15707404166668937,0.06936544328270673,0.14249175787162002,9,3.682511428867448,2,0,0,0,0,0,0,0,0,0,0,0,0,0,0,0
Chopin,chpn_op35_3.mid,134.76779862948243,2327,854,56.85990545767082,64.0,0.7528924039544826,51.78899871078642,5.167694016267733,0.07477438762354964,0.20068758057584873,0.005156854318865492,0.0782122905027933,0.010313708637730984,0.16759776536312848,0.12806188225182638,0.013751611516974646,0.10528577567683713,0.015470562956596476,0.20068758057584873,0.0,2.0351808359302384,0.005421784180159868,1.1255734310369399,2.721637426900585,0.36683848797250856,0.3814527394093011,0.05788994786489795,0.7129343966487576,new_midi_files\Classical Music MIDI (Kaggle)\Chopin\chpn_op35_3.mid,450.2975587708327,10,2,1,0,0,14.038658780077489,58.0,19.45154081838456,89.0,0.4942989354953646,0.8035717500000032,0.19074183946331302,0.29978812352693907,8,3.890717570809008,2,0,0,0,0,0,0,0,0,0,0,0,0,0,0,0
Chopin,chpn_op53.mid,193.337608352829,6052,2039,61.220918704560475,75.0,0.212564693621599,59.19629874421679,16.761377231569234,0.11037673496364839,0.1002974223397224,0.03750826173165896,0.17267019167217448,0.06658955717118308,0.10575016523463318,0.027924653007270324,0.07931262392597488,0.1047587574355585,0.028420356906807668,0.09748843357567746,0.06890284203569068,2.368053911596452,0.0015710319504103403,1.225071435743444,2.966666666666667,0.3368577564843879,0.3046054710972008,0.0319407910710109,0.5031389548914483,new_midi_files\Classical Music MIDI (Kaggle)\Chopin\chpn_op53.mid,361.06818171249995,8,2,1,0,0,14.796815271641409,61.0,17.20621975326362,88.0,0.160727945080609,0.16657424999999648,0.05812303928482894,0.09863551513289491,8,3.56287701590457,2,0,0,0,0,0,0,0,0,0,0,0,0,0,0,0
Chopin,chpn_op66.mid,213.06167348826753,3050,2579,64.6311475409836,69.0,0.18304111545628404,47.26688524590164,11.11393937148932,0.06,0.18131147540983605,0.009180327868852459,0.13672131147540983,0.0740983606557377,0.04360655737704918,0.10918032786885246,0.02,0.21180327868852458,0.07081967213114754,0.04819672131147541,0.035081967213114754,2.22291568421321,0.003754973274806652,1.0675966860815733,1.182170542635659,0.845296624057686,0.2208096595511867,0.069833390196089,0.6872124275416709,new_midi_files\Classical Music MIDI (Kaggle)\Chopin\chpn_op66.mid,274.4301456083331,8,2,1,0,0,11.645699142568267,64.0,16.365104372352135,77.0,0.28369615124044095,0.11730325000000619,0.08767267233245864,0.09240264330977284,6,2.034307859670915,2,0,0,0,0,0,0,0,0,0,0,0,0,0,0,0
Chopin,chpn_op7_1.mid,218.3323396439004,1229,664,64.19365337672905,47.0,0.300665824450773,45.902359641985356,8.946139689205557,0.12530512611879577,0.05370219690805533,0.11065907241659886,0.08787632221318145,0.029292107404393815,0.22457282343368593,0.03580146460537022,0.07078925956061839,0.0,0.07567127746135069,0.18633034987794955,0.0,2.128497269275121,0.004437385983446042,0.7321595951552192,1.8481203007518796,0.5398373983739837,0.20928222311634787,0.17750596719016293,0.3637099698945867,new_midi_files\Classical Music MIDI (Kaggle)\Chopin\chpn_op7_1.mid,137.37768944999993,8,2,1,0,0,12.602062112384976,63.0,15.803829014487356,63.0,0.1878813606344173,0.3338206250000013,0.1098267340798045,0.14539091581070177,5,2.6897984653067764,2,0,0,0,0,0,0,0,0,0,0,0,0,0,0,0
Chopin,Adam Mikołaj Goździewski – Chopin Piano Competition 2015 (preliminary round) [EolbT_oiRHU].mid,203.4886288363773,14644,8553,65.12045889101339,79.0,0.2139705966038419,66.1564463261404,7.869781908095638,0.04213329691341164,0.1198443048347446,0.05633706637530729,0.08501775471182738,0.11731767276700356,0.04192843485386506,0.10953291450423382,0.07450150232177001,0.10502594919420924,0.057771100792133295,0.06350723845943732,0.1270827642720568,2.418020521447331,0.0009022445036836042,1.2131363957228747,1.711947626841244,0.5840218504609082,0.32352139433178867,0.01389475103013843,0.48292767877677356,new_midi_files\chopin-comp-midi\data\adam_miko_aj_gozdziewski\Adam Mikołaj Goździewski – Chopin Piano Competition 2015 (preliminary round) [EolbT_oiRHU].mid,1860.7885416666666,2,1,1,0,0,13.555856077272491,66.0,17.42478780622508,107.0,0.47209198653346035,0.09479166666665151,0.1267516902274124,0.8234525767399643,10,1.6839019300173381,1,0,0,0,0,0,0,0,0,0,0,0,0,0,0,0
Chopin,Aimi Kobayashi – Chopin Piano Competition 2015 (preliminary  [R7T-a33gSq0].mid,180.38519755728402,15197,8983,64.20925182601829,77.0,0.19224209547937274,64.26478910311246,8.044114622590273,0.06086727643613871,0.1017306047246167,0.07402776863854708,0.056392709087319866,0.1294334408106863,0.05303678357570573,0.09258406264394288,0.07823912614331777,0.0875830756070277,0.08731986576297954,0.053431598341777985,0.1253536882279397,2.4408150075755928,0.0006253315486415384,1.1992041117288748,1.6915627782724845,0.5910646137649691,0.3543000750257845,0.011869008919415976,0.3917216586830264,new_midi_files\chopin-comp-midi\data\aimi_kobayashi\Aimi Kobayashi – Chopin Piano Competition 2015 (preliminary  [R7T-a33gSq0].mid,1889.2072916666666,2,1,1,0,0,14.172376643845968,64.0,19.17823585343626,115.0,0.37055683488675617,0.08697916666665151,0.12392899447222953,0.8222466395479303,10,1.5464174513230138,1,0,0,0,0,0,0,0,0,0,0,0,0,0,0,0
Chopin,Airi Katada – Chopin Piano Competition 2015 (preliminary rou [IRJkeoVmyN4].mid,196.9939699396952,15371,8304,65.1330427428274,79.0,0.21577110847266537,62.826621560080675,8.319758055308652,0.07410057901242599,0.10246568212868389,0.05087502439659098,0.11703857914254115,0.0888035911781927,0.0672695335371804,0.08255806388653959,0.06193481230889337,0.12107214885173379,0.06245527291653113,0.07813414872161863,0.09329256391906837,2.4529827539368827,0.0004478060386986676,1.212902015019061,1.850812763395545,0.5402029664324747,0.31731583330147045,0.012815116441562269,0.5012681214629956,new_midi_files\chopin-comp-midi\data\airi_katada\Airi Katada – Chopin Piano Competition 2015 (preliminary rou [IRJkeoVmyN4].mid,1847.5296875,2,1,1,0,0,14.142846180320658,65.0,18.01170465423173,108.0,0.42725295955722103,0.09739583333316659,0.11920766916070265,0.836716803630291,9,1.7951634178183378,1,0,0,0,0,0,0,0,0,0,0,0,0,0,0,0
Chopin,Aleksandra Hortensja Dąbek – Chopin Piano Competition 2015 (preliminary round) [wwvmz1CyNX8].mid,188.7601690286609,14878,9138,64.87585697002285,80.0,0.2086120936393784,64.37854550342789,8.077478389467464,0.10115606936416185,0.1088183895684904,0.058341174889098,0.07729533539454228,0.09100685576018282,0.09080521575480575,0.0729264686113725,0.07729533539454228,0.10949052291974727,0.07890845543755881,0.07245597526549268,0.06150020164000538,2.465841936456836,0.0002655380257563636,1.2331243470716882,1.6279680490206807,0.6141541770280261,0.3392626905475844,0.012686347807558365,0.44098625077339443,new_midi_files\chopin-comp-midi\data\aleksandra_hortensja_dabek\Aleksandra Hortensja Dąbek – Chopin Piano Competition 2015 (preliminary round) [wwvmz1CyNX8].mid,1841.9114583333333,2,1,1,0,0,14.252268170081198,65.0,18.663324161418306,111.0,0.35821305933119996,0.09739583333336554,0.1233340475230221,0.5204445721479596,9,1.685059678153641,1,0,0,0,0,0,0,0,0,0,0,0,0,0,0,0
Chopin,Alexander Ullman – Chopin Piano Competition 2015 (preliminar [rftJMhFdspU].mid,202.18211600901074,14936,9199,65.90419121585431,77.0,0.21256883536422116,65.93666309587573,8.606663871520936,0.10196839850026782,0.09962506695232994,0.04860739153722549,0.09949116229244778,0.08369041242635243,0.08958221746116765,0.06695232994108195,0.07438403856454205,0.11194429566148902,0.06588109266202463,0.08770755222281736,0.07016604177825388,2.4613999730454195,0.0003152445952738628,1.1683627006276607,1.6234782608695653,0.6158532503180023,0.3245200138232223,0.013535657495414792,0.4657199413502247,new_midi_files\chopin-comp-midi\data\alexander_ullman\Alexander Ullman – Chopin Piano Competition 2015 (preliminar [rftJMhFdspU].mid,1735.3994791666667,2,1,1,0,0,13.988330839690269,66.0,18.651560163279033,111.0,0.4308799391414912,0.10104166666667425,0.11542936056243723,0.6018515326927121,8,1.8295085155405224,1,0,0,0,0,0,0,0,0,0,0,0,0,0,0,0
Chopin,Alexei Tartakovsky – Chopin Piano Competition 2015 (prelimin [nhoaplZajoY].mid,200.0626334519568,16538,8155,64.66537670818721,79.0,0.18150695242270348,66.23043898899505,9.416286195202323,0.07522070383359536,0.10684484218164228,0.05810859837948966,0.10521223848107389,0.09904462450114887,0.06004353609868182,0.0882210666344177,0.08072318297254807,0.12353368000967468,0.06318780989236909,0.06004353609868182,0.07981618091667675,2.4545714863428327,0.0004275197250633966,1.2216738353636478,2.027709661598823,0.49307696958703673,0.32940202688044756,0.012096416557951316,0.4838548795506109,new_midi_files\chopin-comp-midi\data\alexei_tartakovsky\Alexei Tartakovsky – Chopin Piano Competition 2015 (prelimin [nhoaplZajoY].mid,1756.31875,2,1,1,0,0,15.07450396039283,66.0,18.349785962763825,111.0,0.35903042235797844,0.07500000000004547,0.10474293125516516,0.8241104141071223,9,1.7091214104311372,1,0,0,0,0,0,0,0,0,0,0,0,0,0,0,0
Chopin,Aljoša Jurinić – Chopin Piano Competition 2015 (preliminar [d8dV6WMxXFo].mid,196.21247113163395,13735,8363,66.5286494357481,77.0,0.21314452887999066,61.22118674918092,8.078466306945694,0.0712049508554787,0.10469603203494722,0.05445941026574445,0.10622497269748817,0.08787768474699673,0.0720058245358573,0.09348380050964689,0.0681470695303968,0.10294867127775756,0.06712777575536949,0.08962504550418639,0.08219876228613032,2.4657752506208754,0.00026100548279523947,1.1573960916938322,1.642156862745098,0.608838089691322,0.3104326333820819,0.014284542161592454,0.49697802504600114,new_midi_files\chopin-comp-midi\data\aljosa_jurinic\Aljoša Jurinić – Chopin Piano Competition 2015 (preliminar [d8dV6WMxXFo].mid,1700.1989583333334,2,1,1,0,0,13.748498879431029,68.0,17.142236788147258,107.0,0.36414169667067336,0.10000000000002274,0.12321621978302023,0.825469249329176,8,1.7218808950668139,1,0,0,0,0,0,0,0,0,0,0,0,0,0,0,0
Chopin,Anastasia Zorina – Chopin Piano Competition 2015 (preliminar [l1MvMzYd104].mid,202.81690140845765,11568,6260,62.79711272475795,77.0,0.20956310871945605,66.82036652835409,9.256718036474968,0.12811203319502074,0.04158022130013831,0.08929806362378977,0.07200899031811894,0.13035961272475796,0.09552213001383125,0.03855463347164592,0.08834716459197788,0.07088520055325034,0.11298409405255878,0.050484094052558784,0.08186376210235131,2.420084061690594,0.0008681614202419738,1.2261710042517848,1.847628174413033,0.5411012187743106,0.3278450710740777,0.017531065900981732,0.27351286618284615,new_midi_files\chopin-comp-midi\data\anastasia_zorina\Anastasia Zorina – Chopin Piano Competition 2015 (preliminar [l1MvMzYd104].mid,1249.6869791666666,2,1,1,0,0,14.666063963764424,63.0,19.286845971495033,109.0,0.4188523758935631,0.09375,0.10380599622489264,0.47072010790961305,9,1.939866608263166,1,0,0,0,0,0,0,0,0,0,0,0,0,0,0,0
Chopin,Anastasiia Nesterova – Chopin Piano Competition 2015 (prelim [xIAf4bsRKgY].mid,199.52987752071647,17045,9292,62.90143737166324,77.0,0.20559041018871568,66.37142857142857,8.347036170132993,0.10595482546201232,0.064124376650044,0.07838075682018188,0.08371956585508947,0.1194485186271634,0.07456732179524787,0.056614843062481664,0.08870636550308009,0.09480786154297448,0.0860662951012027,0.04288647697271927,0.10472279260780287,2.451858352385393,0.000438490075998411,1.224137348736497,1.8341762617023567,0.5451132230435293,0.3309802478913489,0.011705378242444942,0.342152781930527,new_midi_files\chopin-comp-midi\data\anastasiia_nesterova\Anastasiia Nesterova – Chopin Piano Competition 2015 (prelim [xIAf4bsRKgY].mid,2042.0421875,2,1,1,0,0,14.07818843262178,63.0,18.28126054957824,102.0,0.3839467543672612,0.09062499999998863,0.11944049225533913,0.7492008642907669,9,1.7160705900776745,1,0,0,0,0,0,0,0,0,0,0,0,0,0,0,0
Chopin,Anna Han – Chopin Piano Competition 2015 (preliminary round) [pO6fTTjS2-o].mid,201.9197062014847,13584,7142,65.55189929328623,77.0,0.1845998355908915,66.80962897526501,9.33759328184543,0.09533274440518257,0.0706713780918728,0.0979093050647821,0.10666961130742049,0.07729681978798586,0.06978798586572438,0.06470848056537103,0.10976148409893993,0.09599528857479388,0.06073321554770318,0.0895906949352179,0.06154299175500589,2.463739499615987,0.00029263866835876564,1.1746417671416656,1.9017219655606887,0.5257269046742731,0.32924169971411177,0.014863430710451578,0.42763502583965035,new_midi_files\chopin-comp-midi\data\anna_han\Anna Han – Chopin Piano Competition 2015 (preliminary round) [pO6fTTjS2-o].mid,1454.7645833333333,2,1,1,0,0,14.159140446059855,66.0,17.82737639079145,109.0,0.34921743919263504,0.08489583333334849,0.10561382641291811,0.6137614161255193,8,1.7237181846432914,1,0,0,0,0,0,0,0,0,0,0,0,0,0,0,0
Chopin,Anna Ulaieva – Chopin Piano Competition 2015 (preliminary ro [P0PdDPkk_k4].mid,199.3013274777862,15222,8285,65.1785573512022,77.0,0.17651661657469467,68.7016160819866,8.581770303724522,0.10780449349625541,0.08763631585862568,0.059322033898305086,0.059059256339508606,0.10445407962160032,0.1027460254894232,0.061621337537774275,0.06937327552227039,0.11424254368676914,0.10386283011430823,0.057088424648535016,0.07278938378662463,2.451967812616988,0.00045409739962483896,1.18137010004272,1.837074583635047,0.5442422649937595,0.3429913168678612,0.013092118996110241,0.3796474984237143,new_midi_files\chopin-comp-midi\data\anna_ulaieva\Anna Ulaieva – Chopin Piano Competition 2015 (preliminary ro [P0PdDPkk_k4].mid,1773.7598958333333,2,1,1,0,0,14.96055050077566,65.0,17.429465829044275,112.0,0.3919632194328627,0.08749999999997726,0.11494727678864726,0.8813783315748108,8,1.5148250582346408,1,0,0,0,0,0,0,0,0,0,0,0,0,0,0,0
Chopin,Annie Zhou – Chopin Piano Competition 2015 (preliminary roun [6uhhbE1J6o0].mid,205.94194262363374,16535,9699,67.08968853946175,77.0,0.18848213385747298,66.51006954944059,8.772828637038142,0.09440580586634412,0.06283640762019958,0.08974901723616571,0.0933172059268219,0.09023283943150892,0.08321741759903235,0.06767462957363168,0.09470819473843363,0.08303598427577866,0.08557605080133052,0.09071666162685213,0.06452978530390081,2.475383313849824,0.00012658054776266424,1.1477173397070062,1.704639175257732,0.5865384615384616,0.32139482555454096,0.012454157149469867,0.3975804914427925,new_midi_files\chopin-comp-midi\data\annie_zhou\Annie Zhou – Chopin Piano Competition 2015 (preliminary roun [6uhhbE1J6o0].mid,1884.796875,2,1,1,0,0,14.1363441418481,67.0,16.632715881121147,106.0,0.3170337630101333,0.09427083333332575,0.11262650699568566,0.8393821591717144,8,1.6535214614748928,1,0,0,0,0,0,0,0,0,0,0,0,0,0,0,0
Chopin,Arisa Sakai – Chopin Piano Competition 2015 (preliminary rou [CyywZx1aY3A].mid,205.88790150422872,16105,9785,65.4678671220118,77.0,0.18929340655076018,65.11760322881092,8.508729664514187,0.08786091276001241,0.07115802545793232,0.09015833592052158,0.08016144054641415,0.0997826761875194,0.0661285315119528,0.07134430301148711,0.0946910897236883,0.08053399565352375,0.08413536168891649,0.07656007451102143,0.09748525302701025,2.4769561092027503,0.00010994446940332764,1.17614949453518,1.6457183731861844,0.6075375636408792,0.31474824170653565,0.012783304452019665,0.3797574594229194,new_midi_files\chopin-comp-midi\data\arisa_sakai\Arisa Sakai – Chopin Piano Competition 2015 (preliminary rou [CyywZx1aY3A].mid,1892.7619791666666,2,1,1,0,0,13.855912677540948,66.0,15.963512531684485,104.0,0.36454296395202723,0.09322916666678793,0.1160671132430866,0.7833403869896758,8,1.6106464236154028,1,0,0,0,0,0,0,0,0,0,0,0,0,0,0,0
Chopin,Chao Wang – Chopin Piano Competition 2015 (preliminary round [QVQ0Aoly5c8].mid,204.33957594257558,13711,7871,67.0617022828386,77.0,0.1875959919650899,62.42819633870615,8.638411996394362,0.08197797388957771,0.11742396615855882,0.03945736999489461,0.13084384800525126,0.06637006782875064,0.08175917146816425,0.08241557873240464,0.05871198307927941,0.1545474436583765,0.03500838742615418,0.09525198745532784,0.05623222230326016,2.39888000195847,0.001210576281197751,1.1481963062471852,1.7417428861788617,0.5740227537922987,0.30402418068772363,0.014902244453221672,0.5804822435276755,new_midi_files\chopin-comp-midi\data\chao_wang\Chao Wang – Chopin Piano Competition 2015 (preliminary round [QVQ0Aoly5c8].mid,1587.2130208333333,2,1,1,0,0,13.982124411842639,68.0,17.238253861682157,103.0,0.35472173331237306,0.09479166666665151,0.11507407913931438,0.7486774205133775,8,1.6205314674667393,1,0,0,0,0,0,0,0,0,0,0,0,0,0,0,0
Chopin,Chelsea Wang – Chopin Piano Competition 2015 (preliminary ro [LZ4MZTfgt9Y].mid,193.88343912288872,16164,9054,66.49591685226429,77.0,0.20158663413552805,66.94432071269487,8.484410740564662,0.08518930957683742,0.09867607027963375,0.048007918831972286,0.09137589705518435,0.09168522642910171,0.08221974758723088,0.0886537985647117,0.05326651818856719,0.12756743380351399,0.07232120762187577,0.06644394951744617,0.09459292254392478,2.4541055885073058,0.0004203899227016947,1.1579658193616171,1.785091109884042,0.560098979276214,0.34350954095428,0.011994026546420582,0.47271667650381344,new_midi_files\chopin-comp-midi\data\chelsea_wang\Chelsea Wang – Chopin Piano Competition 2015 (preliminary ro [LZ4MZTfgt9Y].mid,1905.1411458333332,2,1,1,0,0,14.25567420797749,66.0,18.2036614943024,110.0,0.43519171378185356,0.08854166666674246,0.11714583462228546,0.8034475763790578,8,1.7103438038137435,1,0,0,0,0,0,0,0,0,0,0,0,0,0,0,0
Chopin,Cheng Zhang – Chopin Piano Competition 2015 (preliminary rou [EbW1GWXTKJk].mid,194.13164155432008,16430,9989,65.5481436396835,79.0,0.24578086959829504,63.73572732805843,7.893812289740066,0.10462568472306756,0.08667072428484479,0.055690809494826535,0.13463177115033476,0.07407181984175289,0.08381010346926354,0.06445526475958613,0.07857577601947657,0.1136335970785149,0.045222154595252584,0.08441874619598295,0.07419354838709677,2.444912563999972,0.0005650368114217219,1.2052209934279758,1.6446446446446445,0.6079362181242772,0.32662938117248347,0.01181496205674153,0.48380961965964386,new_midi_files\chopin-comp-midi\data\cheng_zhang\Cheng Zhang – Chopin Piano Competition 2015 (preliminary rou [EbW1GWXTKJk].mid,2081.3770833333333,2,1,1,0,0,14.318648737451634,66.0,17.06046767818999,107.0,0.45436509224389904,0.09375,0.126198623622862,0.6388808512329708,9,1.940148049018012,1,0,0,0,0,0,0,0,0,0,0,0,0,0,0,0
Chopin,Chi Ho Han – Chopin Piano Competition 2015 (preliminary round) [SFnDvSB_ms0].mid,203.16082208505185,15940,9236,65.9573400250941,79.0,0.19861528257005334,66.9897114178168,9.17318505077281,0.09705144291091594,0.07107904642409034,0.06568381430363865,0.07597239648682559,0.12672521957340024,0.07063989962358845,0.07070263488080301,0.08130489335006273,0.0855081555834379,0.09435382685069009,0.052823086574654954,0.1081555834378921,2.458220500378092,0.00038207262841399007,1.1977438564411458,1.725668507091047,0.5793864876732953,0.3281222652498402,0.012744546896998422,0.35608496386484795,new_midi_files\chopin-comp-midi\data\chi_ho_han\Chi Ho Han – Chopin Piano Competition 2015 (preliminary round) [SFnDvSB_ms0].mid,1737.6734374999999,2,1,1,0,0,14.115718636449376,66.0,17.069671080825223,115.0,0.37411989414063085,0.07968750000009095,0.10877482772863208,0.5930471039118466,8,1.821934740926628,1,0,0,0,0,0,0,0,0,0,0,0,0,0,0,0
Chopin,Daye Kim – Chopin Piano Competition 2015 (preliminary round) [Zk300gT2GRg].mid,199.25280199253277,13172,6949,63.937898572730035,77.0,0.1973037029304588,65.02725478287276,8.56393139302925,0.1411327057394473,0.034467051320983905,0.09588521105375038,0.07007288187063468,0.10476768903735195,0.11289098086850896,0.028165806255693895,0.11000607348921956,0.06885818402672335,0.11008199210446401,0.06134224111752202,0.06232918311569997,2.4008141991941434,0.0010833208813176534,1.2042935491243607,1.895251798561151,0.5275184088666212,0.3247258172462304,0.015125848477380457,0.26290590168565614,new_midi_files\chopin-comp-midi\data\daye_kim\Daye Kim – Chopin Piano Competition 2015 (preliminary round) [Zk300gT2GRg].mid,1538.0786458333332,2,1,1,0,0,14.040193271654507,64.0,17.914754990398272,108.0,0.3702605410497413,0.09322916666667425,0.11564457425404298,1.0146396203117964,9,1.6896953754870776,1,0,0,0,0,0,0,0,0,0,0,0,0,0,0,0
Chopin,Dmitry Shishkin – Chopin Piano Competition 2015 (preliminary [7I8041Oe7Sw].mid,203.5160289555425,14726,8816,66.0937797093576,77.0,0.1919870679410558,67.79634659785414,9.035753228707405,0.09235366019285618,0.10043460545973108,0.05357870433247318,0.0887545837294581,0.08461225044139617,0.08882249083254108,0.08366155099823441,0.05867173706369686,0.12182534293087056,0.07333967132962108,0.0666847752274888,0.08726062746163249,2.4619940189952296,0.00031689353779397917,1.1650112790279266,1.6701826017919927,0.5986283696611666,0.33149649415788157,0.013819245532392376,0.461360396985386,new_midi_files\chopin-comp-midi\data\dmitry_shishkin\Dmitry Shishkin – Chopin Piano Competition 2015 (preliminary [7I8041Oe7Sw].mid,1629.7479166666667,2,1,1,0,0,13.896499241662566,66.0,16.855438760186026,104.0,0.3428986892238249,0.08958333333339397,0.10981090831918505,0.6497334487411398,9,1.7347477690184667,1,0,0,0,0,0,0,0,0,0,0,0,0,0,0,0
Chopin,Eriko Gomita – Chopin Piano Competition 2015 (preliminary round) [p_SVL_RJDGE].mid,196.58070124601826,15835,9148,63.91556678244395,81.0,0.22269109830544145,66.19804231133566,8.632970957085588,0.10685191032522892,0.08279128512788128,0.06662456583517525,0.12952320808335965,0.06637196084622671,0.08373855383643827,0.06144616356173034,0.09706346700347332,0.11209346384591096,0.04508999052731291,0.07944426902431323,0.06896116198294916,2.446599535641229,0.0005360753632357138,1.267296885724431,1.7307902503005792,0.5776711290729982,0.33504305781822763,0.012413532536373974,0.4652979243452712,new_midi_files\chopin-comp-midi\data\eriko_gomita\Eriko Gomita – Chopin Piano Competition 2015 (preliminary round) [p_SVL_RJDGE].mid,1834.246875,2,1,1,0,0,14.197288490829154,64.0,18.150329934974916,108.0,0.39900499958401836,0.09322916666667425,0.11541928497747463,0.49500698048487785,9,1.9224857840723515,1,0,0,0,0,0,0,0,0,0,0,0,0,0,0,0
Chopin,EunAe Lee – Chopin Piano Competition 2015 (preliminary round [X3OoAVzFDS0].mid,203.50999131190662,16111,9922,65.89448203091055,79.0,0.20042915166656236,61.4727205015207,8.805065604358537,0.11563528024331202,0.07851778288126125,0.06566941840978213,0.07231084352305878,0.09664204580721246,0.11551114145614798,0.05964868723232574,0.08956613493886165,0.08230401588976476,0.09024889826826392,0.07411085593693749,0.05983489541307181,2.4613920471083417,0.0003332144266040666,1.1988864069688772,1.62360173334677,0.6158142999006951,0.3005854144689005,0.012630957752725089,0.3668918185715295,new_midi_files\chopin-comp-midi\data\eunae_lee\EunAe Lee – Chopin Piano Competition 2015 (preliminary round [X3OoAVzFDS0].mid,1829.7421875,2,1,1,0,0,13.883661032410474,66.0,17.05621269363711,105.0,0.35275832916111977,0.09739583333333712,0.11306567478791642,0.573979257348346,7,1.7647918294500105,1,0,0,0,0,0,0,0,0,0,0,0,0,0,0,0
Chopin,Evan Wong – Chopin Piano Competition 2015 (preliminary round [8nRE2WPUNO8].mid,203.47826086955916,14969,9456,64.9994655621618,77.0,0.19006968568374713,64.92297414656957,8.31674401148004,0.09158928452134411,0.09512993519941212,0.05230810341372169,0.0796980426214176,0.12118377981161066,0.05310976017102011,0.06874206693833923,0.061794375041752954,0.12058253724363685,0.08918431424944886,0.04222058921771661,0.1244572115705792,2.430012810984993,0.0007507684573291148,1.18462510652086,1.5828486835148567,0.6316633266533066,0.3175055082651806,0.013592402195695335,0.40637276484775753,new_midi_files\chopin-comp-midi\data\evan_wong\Evan Wong – Chopin Piano Competition 2015 (preliminary round [8nRE2WPUNO8].mid,1799.8630208333334,2,1,1,0,0,14.624226255373003,65.0,16.227885179880438,109.0,0.3646136215930036,0.08645833333343944,0.11973425251647961,0.6912093778388394,8,1.580760920174197,1,0,0,0,0,0,0,0,0,0,0,0,0,0,0,0
Chopin,Fei Fei Dong – Chopin Piano Competition 2015 (preliminary ro [41b16fB0uvQ].mid,196.51891142680844,16586,11098,65.75003014590618,77.0,0.2282887927569435,65.37194019052212,7.885713182005141,0.06270348486675509,0.11853370312311588,0.04636440371397564,0.10665621608585554,0.10894730495598698,0.05492584107078259,0.10074761847341131,0.05088628964186664,0.11684553237670324,0.06390932111419269,0.06023152055950802,0.10924876401784638,2.428958189498969,0.0007583422887318049,1.1711021068435536,1.494368862059645,0.6690781937662025,0.33096547423382294,0.011847767011925511,0.5030140876045064,new_midi_files\chopin-comp-midi\data\fei_fei_dong\Fei Fei Dong – Chopin Piano Competition 2015 (preliminary ro [41b16fB0uvQ].mid,2103.297395833333,2,1,1,0,0,13.77229865916451,66.0,18.41094158005022,108.0,0.41269417065812514,0.09322916666678793,0.1259925195960205,0.6461048760045321,9,1.800219942347466,1,0,0,0,0,0,0,0,0,0,0,0,0,0,0,0
Chopin,Galina Chistiakova – Chopin Piano Competition 2015 (preliminary round) [EpsZ68WYCzk].mid,205.8776806989539,14783,9441,66.06744233240885,77.0,0.23344223516877452,60.737333423527026,7.929843441848692,0.08327132517080431,0.07907731854156802,0.06304538997497125,0.08469187580328756,0.1155381181086383,0.06710410606778056,0.08137725766082662,0.07251572752485963,0.09233579111141176,0.09213285530677129,0.058513157004667526,0.11039707772441318,2.465054232427584,0.00027999248702153054,1.1654757035562215,1.5656640542257996,0.6385957792207793,0.2935905565951859,0.0139257089217366,0.39599500412675737,new_midi_files\chopin-comp-midi\data\galina_chistiakova\Galina Chistiakova – Chopin Piano Competition 2015 (preliminary round) [EpsZ68WYCzk].mid,1864.2234375,2,1,1,0,0,13.19441767499506,67.0,16.811079592230787,108.0,0.4098447333955445,0.0916666666665833,0.12537816967708473,0.6001668063000997,9,1.8511603776036105,1,0,0,0,0,0,0,0,0,0,0,0,0,0,0,0
Chopin,Grzegorz Niemczuk – Chopin Piano Competition 2015 (prelimina [yPqt6XuCq2k].mid,207.11075292147822,14941,9038,66.6640117796667,81.0,0.2228798900675999,65.27983401378756,7.517232126385698,0.08981995850344689,0.09002074827655444,0.055551837226423935,0.09711532025968811,0.09383575396559801,0.08526872364634228,0.08674118198246436,0.06365035807509538,0.12141088280570243,0.06599290542801686,0.05876447359614484,0.09182785623452246,2.4607864482475055,0.00033233400319949714,1.2150483690160632,1.652948334992809,0.6048721723999465,0.3136783327982007,0.013860979314782373,0.4540521528684014,new_midi_files\chopin-comp-midi\data\grzegorz_niemczuk\Grzegorz Niemczuk – Chopin Piano Competition 2015 (prelimina [yPqt6XuCq2k].mid,1987.5666666666666,2,1,1,0,0,13.732096214475291,67.0,17.956634831955864,109.0,0.3936820859095638,0.09583333333330302,0.13282839692101742,1.1453512092585312,10,1.6754398699414752,1,0,0,0,0,0,0,0,0,0,0,0,0,0,0,0
Chopin,Guillaume Masson – Chopin Piano Competition 2015 (preliminar [6g8AJ1ikf9A].mid,198.95452653005017,16007,10262,66.34778534391204,79.0,0.21772954801024577,61.70837758480665,7.8244863480159905,0.08477541075779346,0.05391391266320984,0.09139751358780533,0.08540013743987006,0.10039357780970826,0.07090647841569313,0.07103142375210846,0.09683263572187169,0.0703442244018242,0.08833635284563003,0.09108515024676704,0.0955831823577185,2.47151337038491,0.000176652334414124,1.1906953397134539,1.5596804053395694,0.6410544727636182,0.3086120562293587,0.012428443686284993,0.3717744767293029,new_midi_files\chopin-comp-midi\data\guillaume_masson\Guillaume Masson – Chopin Piano Competition 2015 (preliminar [6g8AJ1ikf9A].mid,2045.7572916666666,2,1,1,0,0,14.302506220941318,67.0,18.20251937333319,109.0,0.41063974951475185,0.08906249999995453,0.1272730408388521,0.6508937927737598,8,1.7036218759658524,1,0,0,0,0,0,0,0,0,0,0,0,0,0,0,0
Chopin,Haoguo Chen – Chopin Piano Competition 2015 (preliminary rou [Oe2HoSTS3Vw].mid,201.07343893178367,14171,8865,66.07550631571519,77.0,0.22610580146073017,64.6895773057653,8.165840728362339,0.038811657610613226,0.134429468633124,0.043963023075294615,0.11163644061816386,0.09067814550843271,0.0467151224331381,0.12398560440335897,0.04142262366805448,0.12532637075718014,0.05073742149460165,0.08016371462846658,0.11213040716957166,2.388684461469051,0.0012844385693070158,1.1653334666366848,1.5983532596435823,0.6255292125317528,0.32012904638893847,0.014188077824709544,0.57554102349927,new_midi_files\chopin-comp-midi\data\haoguo_chen_chn\Haoguo Chen – Chopin Piano Competition 2015 (preliminary rou [Oe2HoSTS3Vw].mid,1735.3999999999999,2,1,1,0,0,13.517171948859646,67.0,17.58539243627164,102.0,0.3576423214648446,0.11197916666662877,0.1219787623500353,0.6715405728520691,9,1.8463439624870384,1,0,0,0,0,0,0,0,0,0,0,0,0,0,0,0
Chopin,Honggi Kim – Chopin Piano Competition 2015 (preliminary roun [gJTW7bd565g].mid,203.74100719423254,16041,10177,66.61292936849324,77.0,0.23084978856264182,59.852253600149616,7.907523319818951,0.07580574777133595,0.12050370924505953,0.03210523034723521,0.12387008291253662,0.08534380649585438,0.06707811233713609,0.09718845458512562,0.05417367994514058,0.12586497101178232,0.05336325665482202,0.08210211333458013,0.08260083535939156,2.423898547214251,0.0008104641775084371,1.1559317323835925,1.576046374533307,0.6343972073307568,0.292331538368224,0.012700474204851797,0.5495287815603027,new_midi_files\chopin-comp-midi\data\honggi_kim\Honggi Kim – Chopin Piano Competition 2015 (preliminary roun [gJTW7bd565g].mid,2028.5744791666666,2,1,1,0,0,13.168802069624318,68.0,19.037106811708185,111.0,0.4055844315802188,0.10989583333343944,0.12604958956774728,0.6177310858516045,8,1.8254500864343701,1,0,0,0,0,0,0,0,0,0,0,0,0,0,0,0
Chopin,Irina Chistiakova – Chopin Piano Competition 2015 (preliminary round) [EDVFBT-LOts].mid,206.33783411409257,17003,10394,65.61647944480386,77.0,0.20143007851555578,63.217961536199496,8.279764037924977,0.11062753631712051,0.09216020702229018,0.055225548432629536,0.08686702346644709,0.09316003058283832,0.09857084043992237,0.061224489795918366,0.07916250073516438,0.10027642180791625,0.0854555078515556,0.0763394695053814,0.06093042404281598,2.4644632029758484,0.00027522837583909317,1.1734856773485722,1.6356902356902356,0.6112679369560103,0.30490316350759367,0.012134664438608125,0.41686719473075856,new_midi_files\chopin-comp-midi\data\irina_chistiakova\Irina Chistiakova – Chopin Piano Competition 2015 (preliminary round) [EDVFBT-LOts].mid,2053.5609375,2,1,1,0,0,14.00791666349008,65.0,17.61395750041688,105.0,0.3255843905899857,0.09739583333339397,0.11996888233737207,0.763263211887679,9,1.6677935202495102,1,0,0,0,0,0,0,0,0,0,0,0,0,0,0,0
Chopin,Ivett Gyöngyösi – Chopin Piano Competition 2015 (preliminary round) [AR5Bl708HAk].mid,199.41411451400847,16152,9453,65.67638682516098,77.0,0.20333282385050447,63.61274145616642,8.892345065600452,0.06110698365527489,0.11354631005448242,0.06321198613174839,0.10574541852402179,0.08661466072313026,0.07200346706290242,0.10035908865775137,0.06593610698365528,0.104135710747895,0.05955918771669143,0.08710995542347696,0.08067112431896979,2.460534479443891,0.000338748058623856,1.1724152705380806,1.7084831817220225,0.585216368476444,0.31740649410059407,0.012345329939578311,0.5108959725116551,new_midi_files\chopin-comp-midi\data\ivett_gyongyosi\Ivett Gyöngyösi – Chopin Piano Competition 2015 (preliminary round) [AR5Bl708HAk].mid,1816.39375,2,1,1,0,0,13.92331887305457,67.0,18.41396116908641,104.0,0.3713743529359505,0.09114583333325754,0.1122091575857016,0.4296642562056737,9,1.808105632841627,1,0,0,0,0,0,0,0,0,0,0,0,0,0,0,0
Chopin,Jae Yoon Lee – Chopin Piano Competition 2015 (preliminary ro [wF9xN5HMZe4].mid,203.58620689656064,15740,8155,66.02636594663278,77.0,0.15868894933291047,65.8071791613723,9.150514407591032,0.08970775095298603,0.09256670902160101,0.05705209656925032,0.07369758576874205,0.10730622617534943,0.0852604828462516,0.07039390088945362,0.07420584498094028,0.10648030495552732,0.10457433290978399,0.05324015247776366,0.0855146124523507,2.4624465682286427,0.00030299273220899914,1.1662007704018744,1.9298675821481117,0.5180738199606124,0.3216599015135199,0.012933498945210637,0.39637825673483096,new_midi_files\chopin-comp-midi\data\jae_yoon_lee\Jae Yoon Lee – Chopin Piano Competition 2015 (preliminary ro [wF9xN5HMZe4].mid,1720.121875,2,1,1,0,0,14.975931681920814,66.0,15.925277767330483,107.0,0.2804710463095663,0.08281250000004547,0.10865958632484063,0.6607811799187828,9,1.4520855171962783,1,0,0,0,0,0,0,0,0,0,0,0,0,0,0,0
Chopin,Jiyeong Mun – Chopin Piano Competition 2015 (preliminary rou [ONGlosU88l4].mid,201.5836213307725,16904,10385,64.75982016090866,77.0,0.21019892357824538,66.2340866067203,8.609669048656144,0.07637245622337908,0.09630856601987695,0.0641859914813062,0.08500946521533365,0.10950070989115003,0.06128726928537624,0.09163511594888783,0.06536914339801231,0.09713677236157123,0.07513014671083768,0.06235210601041174,0.11571225745385708,2.461793183988343,0.0003245888890830012,1.1890088425148393,1.6275755825149238,0.6143152913339249,0.32694689813336514,0.011924496973130583,0.43244159311448815,new_midi_files\chopin-comp-midi\data\jiyeong_mun\Jiyeong Mun – Chopin Piano Competition 2015 (preliminary rou [ONGlosU88l4].mid,1963.3739583333333,2,1,1,0,0,14.115524790108616,65.0,17.111519879732686,105.0,0.3628534131434632,0.08749999999997726,0.11566419422587705,0.8023291370959849,9,1.8097431663924537,1,0,0,0,0,0,0,0,0,0,0,0,0,0,0,0
Chopin,Joanna Różewska-Kulasińska – Chopin Piano Competition 2015  [LCLzkta5psk].mid,188.94454541425154,14771,8740,66.79540992485275,77.0,0.17670830230406462,67.41500236950782,7.997013278952753,0.09200460361519193,0.06262270665493196,0.09674361925394354,0.07514724798591835,0.09552501523255026,0.08401597725272493,0.06546611603818292,0.095592715455961,0.0730485410601855,0.1006702322117663,0.08239117189086724,0.07677205334777605,2.4738041287467176,0.00015165706997577417,1.1527738048745262,1.6898524196316211,0.5916598971026266,0.3549193909331901,0.012790722002047897,0.35867542495466104,new_midi_files\chopin-comp-midi\data\joanna_rozewska_kulasinska\Joanna Różewska-Kulasińska – Chopin Piano Competition 2015  [LCLzkta5psk].mid,1847.0645833333333,2,1,1,0,0,14.569710681809317,67.0,17.55066562518364,112.0,0.35187957572080836,0.08645833333332575,0.12436230534867976,0.8730578564859238,9,1.4131386400268073,1,0,0,0,0,0,0,0,0,0,0,0,0,0,0,0
Chopin,Joo Yeon Ka – Chopin Piano Competition 2015 (preliminary rou [aK-zYW39Do8].mid,172.7064506725545,14159,8346,66.54714315982767,77.0,0.2043394439932186,64.17557737128328,9.006854216695027,0.09322692280528286,0.08220919556465853,0.06624761635708737,0.09174376721519881,0.10318525319584716,0.08807119146832404,0.07338088848082491,0.06229253478352991,0.09887703933893636,0.09506321067872024,0.07246274454410623,0.07323963556748359,2.472640241858955,0.00016828046327215605,1.1570744465768132,1.6962980711632922,0.589406779661017,0.36944844087717565,0.012196783239587183,0.4186732164705084,new_midi_files\chopin-comp-midi\data\joo_yeon_ka\Joo Yeon Ka – Chopin Piano Competition 2015 (preliminary rou [aK-zYW39Do8].mid,1572.025,2,1,1,0,0,14.420765983676402,66.0,19.092068082863552,112.0,0.34068150488322463,0.09687499999995453,0.11068157137307529,0.6466672671839597,8,1.8404555827674438,1,0,0,0,0,0,0,0,0,0,0,0,0,0,0,0
Chopin,Joshua Wright – Chopin Piano Competition 2015 (preliminary r [jRIt589ykUw].mid,202.62143407864295,15219,9434,66.69275248045207,79.0,0.19305778002277835,64.37604310401471,8.625243743258872,0.07470924502266903,0.07720612392404232,0.08351402851698535,0.08896773769630067,0.09113607990012484,0.06662724226296077,0.08456534594914251,0.08049149089953347,0.09586700834483211,0.08456534594914251,0.0870622248505158,0.08528812668375058,2.4808023365849388,5.580031061005095e-05,1.184536488258132,1.6130365659777424,0.6198423127463863,0.3161555334059346,0.013312840609634885,0.43366800709682635,new_midi_files\chopin-comp-midi\data\joshua_wright\Joshua Wright – Chopin Piano Competition 2015 (preliminary r [jRIt589ykUw].mid,1764.471875,2,1,1,0,0,14.205602876038938,67.0,17.863020907863685,109.0,0.34617439363697944,0.09218749999990905,0.11529757113286897,0.47261492991660464,8,1.6651704092289166,1,0,0,0,0,0,0,0,0,0,0,0,0,0,0,0
Chopin,Julia Maria Śliwa – Chopin Piano Competition 2015 (prelimin [0G5959nXxlw].mid,202.60425474344171,14403,9171,66.45955703672846,78.0,0.20456198361452413,62.429563285426646,8.04088459221248,0.0688745400263834,0.09796570158994654,0.06463931125459974,0.09713254183156286,0.09143928348260778,0.07262375893910991,0.08762063459001597,0.0713045893216691,0.10136777060334652,0.07533152815385684,0.07442893841560785,0.09727140179129348,2.4730552404569752,0.00016411236520046644,1.1736460834857463,1.570322721325774,0.6366981394057206,0.30662209571255317,0.014065832736978735,0.4585151285153512,new_midi_files\chopin-comp-midi\data\julia_maria_sliwa\Julia Maria Śliwa – Chopin Piano Competition 2015 (prelimin [0G5959nXxlw].mid,1791.2208333333333,2,1,1,0,0,13.618448489997936,68.0,14.417504066918744,107.0,0.333376006266681,0.0994791666665833,0.12374992043929084,0.8293393089135394,9,1.64485930219845,1,0,0,0,0,0,0,0,0,0,0,0,0,0,0,0
Chopin,Kausikan Rajeshkumar – Chopin Piano Competition 2015 (prelim [3W0J1LovTeA].mid,205.33475093030222,13224,8829,66.3309134906231,77.0,0.21486931116404506,59.816545674531156,8.059582953607231,0.05421960072595281,0.1163036902601331,0.04779189352692075,0.11955535390199637,0.073502722323049,0.05868118572292801,0.12189957652752571,0.04272534785238959,0.12719298245614036,0.0514216575922565,0.10397761645493044,0.08272837265577737,2.4134781378781107,0.0009765993121820344,1.1608463503225956,1.4976217440543602,0.6675992438563327,0.2899004913367045,0.015526257159191094,0.5889286306720953,new_midi_files\chopin-comp-midi\data\kausikan_rajeshkumar\Kausikan Rajeshkumar – Chopin Piano Competition 2015 (prelim [3W0J1LovTeA].mid,1640.7796875,2,1,1,0,0,13.063985589865508,68.0,17.01874553609591,106.0,0.37631037539824963,0.10052083333334849,0.1232812854495954,0.8303419459651613,8,1.7317570375110678,1,0,0,0,0,0,0,0,0,0,0,0,0,0,0,0
Chopin,Kiana Reid – Chopin Piano Competition 2015 (preliminary roun [Zov71eQ3gls].mid,201.5272262793989,15693,9391,65.41196711909768,77.0,0.20295079148877435,69.00739183075257,8.277871980817013,0.07474670235136685,0.0960937997833429,0.0672911489199006,0.06780093035111195,0.1067354871598802,0.08283948257184733,0.10425030268272478,0.08175619703052317,0.08181991970942458,0.0694577200025489,0.07066845090167591,0.09653985853565283,2.4716058183882375,0.000187726103150473,1.1771546127430934,1.670890119250426,0.5983815470880591,0.34073143200782585,0.01284103646485274,0.4206329827952973,new_midi_files\chopin-comp-midi\data\kiana_reid\Kiana Reid – Chopin Piano Competition 2015 (preliminary roun [Zov71eQ3gls].mid,1895.7770833333334,2,1,1,0,0,13.673206699321302,65.0,17.459801063939857,111.0,0.34089687929623935,0.09479166666665151,0.11749103178902201,0.6857652969750306,11,1.6800006703495631,1,0,0,0,0,0,0,0,0,0,0,0,0,0,0,0
Chopin,Linzi Pan – Chopin Piano Competition 2015 (preliminary round [auOzPwzG2ZE].mid,196.25212947188794,16351,10179,66.25509143171672,77.0,0.21180932486290305,62.708213564919575,8.48485470926312,0.10286832609626323,0.1014616843006544,0.046480337594030946,0.0933887835606385,0.08103479909485659,0.11161396856461378,0.07436854015044951,0.06813038957861904,0.09932114243777139,0.07491896520090514,0.08397039936395327,0.062442664057244204,2.4595333097056375,0.0003374433813821919,1.1621748181750273,1.606188605108055,0.6224926614481409,0.31790893073150145,0.01200172024656849,0.45251009730336994,new_midi_files\chopin-comp-midi\data\linzi_pan\Linzi Pan – Chopin Piano Competition 2015 (preliminary round [auOzPwzG2ZE].mid,1927.0807291666667,2,1,1,0,0,13.476706355451897,67.0,17.268126050415077,109.0,0.41266247468368095,0.10104166666656056,0.11715086646279306,0.7522302809342934,8,1.7971713475288336,1,0,0,0,0,0,0,0,0,0,0,0,0,0,0,0
Chopin,Luigi Carroccia – Chopin Piano Competition 2015 (preliminary round) [sjlw4l2nlug].mid,208.18195980684138,16851,11061,63.901548869503294,78.0,0.21408540294344572,66.58661207050027,8.164297751065268,0.06830455165865527,0.10509762031926889,0.059462346448282,0.10931102011750045,0.09678950804106581,0.06201412379087295,0.10444484006883864,0.06450655747433387,0.10824283425316004,0.05388404249005994,0.0780962554151089,0.08984629992285324,2.454774648927334,0.0004114602431239034,1.2206276711486324,1.5233230880491773,0.6563612627581296,0.31831909468668496,0.012353546155165047,0.5051920649818119,new_midi_files\chopin-comp-midi\data\luigi_carroccia\Luigi Carroccia – Chopin Piano Competition 2015 (preliminary round) [sjlw4l2nlug].mid,2063.9864583333333,2,1,1,0,0,14.290200123512122,65.0,18.927392257152324,108.0,0.3715785714353971,0.09427083333321207,0.12071652448071217,0.588572856939866,11,1.7478569737870713,1,0,0,0,0,0,0,0,0,0,0,0,0,0,0,0
Chopin,Madoka Fukami – Chopin Piano Competition 2015 (preliminary round) [P6qhVuoxa2Q].mid,198.48677803583035,15683,8960,65.84339730918829,82.0,0.19311977273693287,61.50691831919913,8.683784090099635,0.09003379455461327,0.12688898807626092,0.03271057833322706,0.11649556844991392,0.07390167697506854,0.08741949882037875,0.09150035069820825,0.054453867244787346,0.1293119938787222,0.05209462475291717,0.0922017471147102,0.052987311101192376,2.417785541608742,0.0008916824161890233,1.2453792195679714,1.750139493360116,0.5712828360112217,0.3083257894322786,0.012655367128017748,0.5563980918197237,new_midi_files\chopin-comp-midi\data\madoka_fukami\Madoka Fukami – Chopin Piano Competition 2015 (preliminary round) [P6qhVuoxa2Q].mid,1806.0098958333333,2,1,1,0,0,13.466183481022455,66.0,17.499419287624704,108.0,0.3582466483664322,0.09635416666668561,0.1145511507354504,0.5146705375723107,8,1.6770104099766416,1,0,0,0,0,0,0,0,0,0,0,0,0,0,0,0
Chopin,Marek Kozák – Chopin Piano Competition 2015 (preliminary ro [xkXTl-1hpi4].mid,199.3698690925263,13374,8245,66.72596081950053,79.0,0.19555823488360458,63.81194855690145,8.939817785370538,0.08112756093913563,0.11021384776431883,0.052489905787348586,0.09854942425601915,0.10281142515328248,0.06340660983998804,0.08553910572753103,0.04703155376102886,0.1186630776132795,0.08142664872139974,0.05622850306564977,0.10251233737101839,2.4452381970570114,0.0005303134360493601,1.1839469652562191,1.6218772738297356,0.6164485981308411,0.31847078029199355,0.014906158436824397,0.46919348923330906,new_midi_files\chopin-comp-midi\data\marek_kozak\Marek Kozák – Chopin Piano Competition 2015 (preliminary ro [xkXTl-1hpi4].mid,1496.0036458333334,2,1,1,0,0,13.697266966700735,68.0,16.65386688986286,102.0,0.39093965861124114,0.0859375,0.11127754305939828,0.5062295335445888,8,1.7482549862881178,1,0,0,0,0,0,0,0,0,0,0,0,0,0,0,0
Chopin,Markiyan Popil – Chopin Piano Competition 2015 (preliminary  [QTReAgitzhM].mid,208.01224177504815,14417,7374,65.92737740167857,80.0,0.16160916077085014,63.28292987445377,9.679970373261238,0.08587084691683429,0.109592841784005,0.05812582368037733,0.09183602691267254,0.08552403412637859,0.07775542762017063,0.06873829506832212,0.07511965041270723,0.12714156898106402,0.08621765970729,0.07040299646250954,0.06367482832766873,2.4608833647795323,0.00035010319260849935,1.213456411273941,1.9548474576271186,0.5114440282979609,0.3027714038996948,0.014427260492096557,0.4677112614973118,new_midi_files\chopin-comp-midi\data\markiyan_popil\Markiyan Popil – Chopin Piano Competition 2015 (preliminary  [QTReAgitzhM].mid,1489.3640625,2,1,1,0,0,15.054134504355067,67.0,16.984108401705434,105.0,0.3332050341958007,0.08489583333334849,0.10270792869034405,0.7516147436369955,8,1.5643718883094437,1,0,0,0,0,0,0,0,0,0,0,0,0,0,0,0
Chopin,Mayaka Nakagawa – Chopin Piano Competition 2015 (preliminary [ZtPsPJZ8C4g].mid,202.47969217612248,15137,9127,66.74136222501156,77.0,0.19755073798198589,61.87177115676818,8.541782759277416,0.05985333949924027,0.1168659575873687,0.05086873224549118,0.1037193631498976,0.09400805972121293,0.07062165554601309,0.10530488207702979,0.051991808152209815,0.11343066657858228,0.07009314923696902,0.07286780735945035,0.09037457884653498,2.4474479499127137,0.0005105102117878915,1.15370733049612,1.6583041191936898,0.6029198044655834,0.30406853133635997,0.013375590710537883,0.5121881645641642,new_midi_files\chopin-comp-midi\data\mayaka_nakagawa\Mayaka Nakagawa – Chopin Piano Competition 2015 (preliminary [ZtPsPJZ8C4g].mid,1772.1125,2,1,1,0,0,13.880815725115625,68.0,15.87225234545359,101.0,0.33634054286074117,0.09427083333332575,0.11647486401074701,0.65546541657766,9,1.6874354877770537,1,0,0,0,0,0,0,0,0,0,0,0,0,0,0,0
Chopin,Michał Dziewior – Chopin Piano Competition 2015 (preliminary round) [NLroUyqk9nA].mid,196.50776912818628,16977,9526,66.0396418684102,83.0,0.15919411802242117,65.24892501619838,9.078134277728328,0.08664663957118454,0.10284502562290157,0.04777051304706367,0.08705896212522825,0.09389173587795252,0.08729457501325323,0.08211109147670377,0.06885786652529893,0.11009012192966955,0.08988631678152795,0.0719208340696236,0.07162631795959239,2.4657401618635255,0.0002528874684759309,1.2568208487345216,1.7819880340086072,0.5610790434680174,0.33036130833846133,0.011574258989762415,0.4540255811985456,new_midi_files\chopin-comp-midi\data\micha_dziewior\Michał Dziewior – Chopin Piano Competition 2015 (preliminary round) [NLroUyqk9nA].mid,1870.0979166666666,2,1,1,0,0,14.752890484297163,66.0,16.50628501353232,109.0,0.2766714923925494,0.08541666666678793,0.10991997894085768,0.585394450818172,8,1.4451855796320767,1,0,0,0,0,0,0,0,0,0,0,0,0,0,0,0
Chopin,Michelle Candotti – Chopin Piano Competition 2015 (preliminary round) [2_a-wHf4FDA].mid,206.19391912576666,17023,8851,64.06579333842448,79.0,0.19434319254342164,67.60171532632322,9.72520277353189,0.1064442225224696,0.06103507019914234,0.09158197732479587,0.06591082652881396,0.1042119485402103,0.09822005521940903,0.06197497503377783,0.0987487516888915,0.062444927451095575,0.09927744815837397,0.06661575515479058,0.08353404217822945,2.4621752154543124,0.00031035943873467805,1.2331073206192729,1.9230682331676456,0.5199130639097744,0.3262726802580002,0.012111954835865052,0.3179812363863839,new_midi_files\chopin-comp-midi\data\michelle_candotti\Michelle Candotti – Chopin Piano Competition 2015 (preliminary round) [2_a-wHf4FDA].mid,1750.4005208333333,2,1,1,0,0,14.622903544812448,64.0,17.394337620487466,111.0,0.41032655939030255,0.09114583333325754,0.10246393760036032,0.6530505123064859,9,1.8900269551403277,1,0,0,0,0,0,0,0,0,0,0,0,0,0,0,0
Chopin,Mihyun Ahn – Chopin Piano Competition 2015 (preliminary round) [mXb4mRwj8eo].mid,198.44249057957646,15426,9273,66.45293660054453,79.0,0.17548906202731301,63.151756774277196,8.293550709439604,0.0798651627123039,0.10119279139115779,0.05808375469985738,0.0941267989109296,0.09095034357578115,0.08751458576429405,0.08822766757422533,0.06346428108388436,0.10702709710877739,0.0803837676649812,0.07532736937637755,0.07383638013743031,2.47082261940659,0.00019197049918001573,1.1888112527827912,1.6633599309898641,0.6010889998055358,0.3166414367909229,0.012863323431618362,0.4659012584602093,new_midi_files\chopin-comp-midi\data\mihyun_ahn\Mihyun Ahn – Chopin Piano Competition 2015 (preliminary round) [mXb4mRwj8eo].mid,1859.9994791666666,2,1,1,0,0,14.101878603985538,67.0,16.47955201071036,108.0,0.277035842123785,0.09270833333334849,0.11952782279848731,1.1855730364571813,9,1.4554274348754843,1,0,0,0,0,0,0,0,0,0,0,0,0,0,0,0
Chopin,Misora Ozaki – Chopin Piano Competition 2015 (preliminary ro [hLX3Z7K1jv4].mid,194.40617478628087,16643,9424,65.0557591780328,78.0,0.21581242238979378,67.28420356906808,9.252078380413757,0.061347112900318454,0.11896893588896233,0.04830859820945743,0.09703779366700716,0.10196479000180256,0.06032566244066574,0.09541548999579402,0.0667547918043622,0.1192092771735865,0.08279757255302529,0.0648921468485249,0.08297782851649342,2.448152800646105,0.0005077265947491821,1.198971463657388,1.7658355437665783,0.5662100456621004,0.34432997648440733,0.011680255634840235,0.4955231480507268,new_midi_files\chopin-comp-midi\data\misora_ozaki\Misora Ozaki – Chopin Piano Competition 2015 (preliminary ro [hLX3Z7K1jv4].mid,1798.8390625,2,1,1,0,0,14.600478155030126,66.0,18.478185857593626,108.0,0.3327282413483449,0.09635416666662877,0.10738101765613108,0.6949620955466997,9,1.9967134474173323,1,0,0,0,0,0,0,0,0,0,0,0,0,0,0,0
Chopin,Miyako Arishima – Chopin Piano Competition 2015 (preliminary round) [1clqNl_l5mE].mid,196.89859846483895,14465,8442,66.8250259246457,77.0,0.1994063256135502,63.522709989630144,8.212404537095658,0.06975458002073971,0.08143795368129969,0.09042516418942274,0.11081921880400968,0.07383339094365711,0.06367092983062565,0.08752160387141376,0.08544763221569306,0.09305219495333564,0.05468371932250259,0.11780159004493605,0.07155202212236433,2.462753115962243,0.00031122754383897377,1.1522629102241584,1.713253582849698,0.5835752799668188,0.32098615393133445,0.013611129439018316,0.4906320707229242,new_midi_files\chopin-comp-midi\data\miyako_arishima\Miyako Arishima – Chopin Piano Competition 2015 (preliminary round) [1clqNl_l5mE].mid,1761.3598958333332,2,1,1,0,0,13.64594560151504,67.0,16.72868174520891,101.0,0.35313016673075126,0.09218749999990905,0.12150007489859882,0.7183371295082502,8,1.6376054131942877,1,0,0,0,0,0,0,0,0,0,0,0,0,0,0,0
Chopin,Nagino Maruyama – Chopin Piano Competition 2015 (preliminary [7N9kf9Wbsxk].mid,202.9550633060063,16090,8693,65.46687383467993,80.0,0.18656680521027555,64.11510254816656,9.586802506183222,0.08098197638284649,0.08750776880049721,0.06314481044126787,0.08955873213175886,0.10024860161591051,0.07029210689869485,0.07122436295835922,0.09347420758234928,0.11199502796768179,0.09018023617153512,0.05444375388440025,0.08694841516469858,2.467153947277946,0.0002409167212483781,1.2219920410439602,1.850701633310329,0.5402398856503635,0.3143589647096465,0.012612955273507321,0.41472923101346637,new_midi_files\chopin-comp-midi\data\nagino_maruyama\Nagino Maruyama – Chopin Piano Competition 2015 (preliminary [7N9kf9Wbsxk].mid,1678.3489583333333,2,1,1,0,0,14.8667017815535,67.0,17.504077177680273,109.0,0.3406546529251231,0.09166666666664014,0.10389160166366254,0.569025347529222,9,1.7885791157604631,1,0,0,0,0,0,0,0,0,0,0,0,0,0,0,0
Chopin,Nathalia Milstein – Chopin Piano Competition 2015 (prelimina [3Zo2AJJTwNw].mid,199.9999999999976,17199,10104,64.67562067562068,77.0,0.22561219644553043,65.52776324204896,8.625065232415457,0.04942147799290656,0.12727484156055585,0.03976975405546834,0.11105296819582534,0.11471597185882901,0.04023489737775452,0.10448281876853305,0.046746903889761035,0.12663526949241236,0.06605035176463749,0.059480202337345196,0.11413454270597127,2.396898869923131,0.0011722243245601471,1.1905567817529765,1.7020286986640276,0.5874418604651163,0.32600877234850617,0.011627906976744047,0.5289255714291005,new_midi_files\chopin-comp-midi\data\nathalia_milstein\Nathalia Milstein – Chopin Piano Competition 2015 (prelimina [3Zo2AJJTwNw].mid,1994.0718749999999,2,1,1,0,0,13.144633862116812,65.0,17.934055760259284,111.0,0.42309699372860726,0.09531249999997726,0.11560958517463271,0.5358198122274956,9,1.9459199115712316,1,0,0,0,0,0,0,0,0,0,0,0,0,0,0,0
Chopin,Ning Yuen Li – Chopin Piano Competition 2015 (preliminary ro [_LGTmn4mQMk].mid,190.40273263182024,15964,10146,65.02273866198948,77.0,0.22845895452267578,59.8108243547983,8.50676080730034,0.09396141317965422,0.09346028564269607,0.05794287146078677,0.0943998997744926,0.09264595339513906,0.08043096968178401,0.09026559759458783,0.07310197945377099,0.0929591581057379,0.061074918566775244,0.08443998997744927,0.08531696316712603,2.4732901233191016,0.0001519828495905369,1.1842011025723067,1.5732728885384843,0.6355151894769809,0.312486783926171,0.011926259482105872,0.45552447557048814,new_midi_files\chopin-comp-midi\data\ning_yuen_li\Ning Yuen Li – Chopin Piano Competition 2015 (preliminary ro [_LGTmn4mQMk].mid,1876.625,2,1,1,0,0,13.261986172530758,66.0,19.416311510957016,105.0,0.38360911640357676,0.10677083333331439,0.11647700280857817,0.5648625146787323,10,1.9434456804103095,1,0,0,0,0,0,0,0,0,0,0,0,0,0,0,0
Chopin,Ning Zhou – Chopin Piano Competition 2015 (preliminary round [6iIDxOpgWRE].mid,196.54510556619994,15635,8918,65.71128877518389,81.0,0.19050064625306407,66.20211064918452,8.180728611130338,0.07649504317236969,0.08986248800767509,0.05046370322993284,0.08986248800767509,0.11653341861208827,0.0574352414454749,0.08864726574992005,0.06574992005116725,0.11077710265430124,0.08538535337384075,0.05653981451870803,0.11224816117684681,2.4504988427937935,0.00046951140198248103,1.2326648933101592,1.75299921515865,0.5703504732668202,0.335124023748588,0.012570037449872087,0.43568872324955626,new_midi_files\chopin-comp-midi\data\ning_zhou\Ning Zhou – Chopin Piano Competition 2015 (preliminary round [6iIDxOpgWRE].mid,1911.1989583333334,2,1,1,0,0,14.882966866597334,66.0,17.9357830623954,106.0,0.3427544853296175,0.08906249999995453,0.12056741983284296,0.8102266116031949,9,1.5584340872412596,1,0,0,0,0,0,0,0,0,0,0,0,0,0,0,0
Chopin,Olof Hansen – Chopin Piano Competition 2015 (preliminary round) [bXEduLl2ewI].mid,206.58466194064738,16050,8589,65.53102803738318,77.0,0.1839360721703005,65.93806853582555,9.122741369571678,0.08672897196261682,0.10766355140186916,0.041308411214953274,0.09763239875389408,0.10305295950155763,0.07196261682242991,0.08616822429906543,0.058566978193146414,0.11738317757009346,0.07289719626168224,0.0761993769470405,0.08043613707165109,2.453038006715496,0.00042010041310416895,1.1750158837895583,1.8684516880093132,0.5351068469254252,0.31764422245550383,0.012870516599629143,0.4850462439257187,new_midi_files\chopin-comp-midi\data\olof_hansen\Olof Hansen – Chopin Piano Competition 2015 (preliminary round) [bXEduLl2ewI].mid,1759.3395833333334,2,1,1,0,0,13.89231627883249,66.0,17.147998693660874,105.0,0.3485089205711274,0.09375,0.10887091225829232,0.6279772374304888,8,1.678001214944529,1,0,0,0,0,0,0,0,0,0,0,0,0,0,0,0
Chopin,Paweł Motyczyński – Chopin Piano Competition 2015 (prelimin [EQOxX5evfHc].mid,199.11776885543597,16778,8706,64.4349147693408,77.0,0.17068259029681693,66.29759208487305,9.149868775350216,0.07021099058290618,0.12117058052211228,0.0500059601859578,0.10770056025748004,0.08058171414948147,0.082250566217666,0.09727023483132674,0.06311836929312195,0.12426987722016927,0.06031708189295506,0.07265466682560495,0.07044939802121826,2.4473976122277015,0.0005337943877924037,1.195004278047615,1.9269553233030894,0.518862864294654,0.3312928805076079,0.011867081998655223,0.5230653965912967,new_midi_files\chopin-comp-midi\data\pawe_motyczynski\Paweł Motyczyński – Chopin Piano Competition 2015 (prelimin [EQOxX5evfHc].mid,1833.6875,2,1,1,0,0,14.572174824343284,65.0,17.341704628939222,105.0,0.30021808181369936,0.08749999999997726,0.10772483037293118,0.647212785698287,10,1.5617233034527207,1,0,0,0,0,0,0,0,0,0,0,0,0,0,0,0
Chopin,Piotr Nowak – Chopin Piano Competition 2015 (preliminary rou [QdyMMXTNJKI].mid,202.72002815555712,17034,9317,63.854643653868735,77.0,0.1992370345094123,65.37701068451332,9.26553454636524,0.07614183397910063,0.10191381941998356,0.06539861453563461,0.08688505342256664,0.10396853352119291,0.07948808265821299,0.08166020899377716,0.07079957731595632,0.10813666784078901,0.08295174357168017,0.06087824351297405,0.08177762122813197,2.470298868137576,0.00020447625975490334,1.205863730311039,1.8280746941403734,0.5469327854417376,0.3209159711807646,0.011900207112154806,0.4394735537165368,new_midi_files\chopin-comp-midi\data\piotr_nowak\Piotr Nowak – Chopin Piano Competition 2015 (preliminary rou [QdyMMXTNJKI].mid,1838.4260416666666,2,1,1,0,0,14.961117656965161,64.0,18.629711544935642,108.0,0.3637111214949093,0.08697916666665151,0.10763618784124933,0.6768196084317876,9,1.846037626162316,1,0,0,0,0,0,0,0,0,0,0,0,0,0,0,0
Chopin,Piotr Ryszard Pawlak – Chopin Piano Competition 2015 (prelim [CC0scCkaxn0].mid,187.95696731760242,14647,8848,64.79046903802826,76.0,0.2302664368129997,66.18201679524817,8.217579017037261,0.09408069911927357,0.07769509114494436,0.08950638355977333,0.10370724380419198,0.08418106096811634,0.06922919369154093,0.06567897863043627,0.08875537652761657,0.09537789308390797,0.08008465897453404,0.0890284699938554,0.06267495050180924,2.474162657710971,0.00014633727335910742,1.173012017900046,1.6552152785625494,0.6040415073730202,0.3502491479131764,0.012831578872037303,0.4314872451700908,new_midi_files\chopin-comp-midi\data\piotr_ryszard_pawlak\Piotr Ryszard Pawlak – Chopin Piano Competition 2015 (prelim [CC0scCkaxn0].mid,1782.3984375,2,1,1,0,0,13.366173782696661,65.0,16.605854484774753,107.0,0.45156419294190486,0.09583333333330302,0.12104172356502345,0.6016782748501085,8,1.8922326394824571,1,0,0,0,0,0,0,0,0,0,0,0,0,0,0,0
Chopin,Qi Kong – Chopin Piano Competition 2015 (preliminary round) [LJC8nwZErxs].mid,204.01690480981162,16521,10158,65.91265661884874,77.0,0.1910048196235103,64.36371890321409,9.275378592162618,0.11706313177168452,0.0780219115065674,0.0638581199685249,0.08915925186126748,0.09036983233460444,0.10641002360631922,0.04987591550148296,0.0899461291689365,0.0936989286362811,0.0815325948792446,0.0832879365655832,0.056776224199503664,2.459256509407439,0.000345023327256531,1.1682126435451248,1.6262427404272075,0.6148166081588186,0.31394347194404526,0.01234819663538383,0.39404355002763214,new_midi_files\chopin-comp-midi\data\qi_kong\Qi Kong – Chopin Piano Competition 2015 (preliminary round) [LJC8nwZErxs].mid,1781.1671875,2,1,1,0,0,13.999543784236591,66.0,18.4154574443221,110.0,0.30652271115575935,0.09739583333339397,0.10692248032687651,0.45116502980842105,9,1.77164201493578,1,0,0,0,0,0,0,0,0,0,0,0,0,0,0,0
Chopin,Rafał Błaszczyk – Chopin Piano Competition 2015 (preliminary round) [wJkmRsBtNFk].mid,200.59407968862277,15157,8404,66.01669195751138,81.0,0.17402235078401648,69.89490004618328,8.979595111268958,0.08609883222273537,0.10034967341822261,0.0535066305997229,0.09157484990433463,0.10048162565151415,0.07481691627630797,0.07547667744276572,0.07310153724351785,0.1134129445140859,0.07983110114138682,0.06901101801147984,0.08233819357392624,2.467310883405455,0.00024257802047478216,1.2269623995272216,1.8033313503866746,0.5544267053701016,0.34671107481996105,0.013233545302059821,0.4498247134661753,new_midi_files\chopin-comp-midi\data\rafa_b_aszczyk\Rafał Błaszczyk – Chopin Piano Competition 2015 (preliminary round) [wJkmRsBtNFk].mid,1687.9380208333332,2,1,1,0,0,15.229520596983912,67.0,16.623878611561814,109.0,0.3129876148387674,0.08489583333332007,0.10931860731723408,0.6536520658693212,8,1.5626502503516777,1,0,0,0,0,0,0,0,0,0,0,0,0,0,0,0
Chopin,Rikono Takeda – Chopin Piano Competition 2015 (preliminary r [YCKFM8BzIso].mid,194.21185726326235,16484,10329,65.50194127638923,77.0,0.20053546241810122,64.63097549138558,8.436862972365113,0.06594273234651783,0.10046105314244115,0.04798592574617811,0.08832807570977919,0.12236107740839602,0.056054355738898325,0.08942004367871875,0.05271778694491628,0.11526328561028877,0.08760009706381947,0.051019170104343606,0.1228463965057025,2.4315623831579583,0.000729588337029297,1.1755376607779668,1.5957405614714424,0.6265696087352138,0.33108119761508326,0.011781125705991043,0.44449118375438773,new_midi_files\chopin-comp-midi\data\rikono_takeda\Rikono Takeda – Chopin Piano Competition 2015 (preliminary r [YCKFM8BzIso].mid,1953.8067708333333,2,1,1,0,0,13.67472543124519,66.0,17.576083825327093,98.0,0.3428573921665606,0.09375,0.11798352216425004,0.7111085315750246,8,1.6918902175213866,1,0,0,0,0,0,0,0,0,0,0,0,0,0,0,0
Chopin,Rina Sudo – Chopin Piano Competition 2015 (preliminary round [UNcuFseEgQk].mid,203.15780772093277,16844,9729,65.43095464260271,80.0,0.1777466197162199,67.02220375207789,8.840612196474087,0.07142009023984802,0.09516741866540014,0.05740916646877226,0.07349798147708383,0.11054381382094515,0.07124198527665637,0.0862621705058181,0.07616955592495844,0.09582047019710282,0.09451436713369746,0.06328663025409642,0.104666350035621,2.4659904272669517,0.0002612656883674665,1.2226628698039563,1.7311408016443988,0.5775601068566341,0.32828626296620417,0.012060421948408,0.41403425706524427,new_midi_files\chopin-comp-midi\data\rina_sudo\Rina Sudo – Chopin Piano Competition 2015 (preliminary round [UNcuFseEgQk].mid,1905.2979166666667,2,1,1,0,0,14.899036250146244,66.0,17.11548023649238,105.0,0.29559712335735233,0.08958333333339397,0.11268318688278019,0.6361931326044794,9,1.5713889341452492,1,0,0,0,0,0,0,0,0,0,0,0,0,0,0,0
Chopin,Roman Martynov – Chopin Piano Competition 2015 (preliminary  [Zi8u9p8Q1BU].mid,205.77144444885403,14225,8041,65.56702987697716,77.0,0.1778241432337441,62.05349736379613,9.291195918296532,0.08231985940246046,0.12956063268892795,0.05026362038664323,0.09778558875219684,0.07289982425307558,0.09588752196836556,0.0933567662565905,0.0610896309314587,0.10875219683655536,0.05223198594024604,0.09869947275922672,0.057152899824253076,2.4434710227614014,0.0005697605812792634,1.1743707007943431,1.7688385973638399,0.5652326725713482,0.3001067073318501,0.014464462564941237,0.5281541291393683,new_midi_files\chopin-comp-midi\data\roman_martynov\Roman Martynov – Chopin Piano Competition 2015 (preliminary  [Zi8u9p8Q1BU].mid,1531.0192708333334,2,1,1,0,0,13.565614384863892,66.0,17.909195463351917,105.0,0.32619924203377426,0.09270833333333428,0.10722700189820022,0.6399883616969981,8,1.6521989537879478,1,0,0,0,0,0,0,0,0,0,0,0,0,0,0,0
Chopin,Ronald Noerjadi – Chopin Piano Competition 2015 (preliminary [0icesPnDirc].mid,204.48321330765705,18721,11878,65.08135249185406,79.0,0.20980725188291294,66.76245927033813,7.10577896882907,0.09769777255488489,0.08818973345440949,0.06222958175311148,0.09208909780460446,0.08049783665402489,0.11110517600555526,0.07440841835372042,0.0634581486031729,0.11511137225575557,0.07494257785374712,0.07563698520378184,0.06463329950323167,2.464415693441294,0.0002912599513211209,1.2138653510008528,1.5759744086202543,0.6344407648755475,0.3249046878120351,0.010922081685058063,0.4454351616371102,new_midi_files\chopin-comp-midi\data\ronald_noerjadi\Ronald Noerjadi – Chopin Piano Competition 2015 (preliminary [0icesPnDirc].mid,2634.616145833333,2,1,1,0,0,14.396918126598589,65.0,19.57301631319403,115.0,0.3723597438628673,0.09739583333328028,0.14031748019052706,1.2286333129950526,9,1.4908439579374193,1,0,0,0,0,0,0,0,0,0,0,0,0,0,0,0
Chopin,Ruoyu Huang – Chopin Piano Competition 2015 (preliminary rou [r7b2A9D21Yk].mid,182.69764491316866,16240,10628,66.03663793103448,77.0,0.23209760493637194,62.84445812807882,8.062375014415197,0.10172413793103448,0.0500615763546798,0.0938423645320197,0.08460591133004926,0.09538177339901478,0.0812807881773399,0.058990147783251234,0.10073891625615763,0.07032019704433498,0.091564039408867,0.08780788177339902,0.08368226600985222,2.4664957348181322,0.0002382869269388294,1.1660193681331228,1.5278953805626116,0.6543932023890154,0.34210813185865574,0.011249162299930341,0.3517853625003518,new_midi_files\chopin-comp-midi\data\ruoyu_huang\Ruoyu Huang – Chopin Piano Competition 2015 (preliminary rou [r7b2A9D21Yk].mid,2014.2947916666667,2,1,1,0,0,14.233406206642536,66.0,19.11911891808594,112.0,0.4283033423329008,0.09479166666665151,0.12358663941745181,0.42987356571487384,8,1.8712579309446145,1,0,0,0,0,0,0,0,0,0,0,0,0,0,0,0
Chopin,Ruslan Kazakov – Chopin Piano Competition 2015 (preliminary  [_9PKpMs4evc].mid,201.8092530369622,18618,9506,63.17074873778064,79.0,0.18452446892791996,72.22838113653454,8.610186915640229,0.07997636695670857,0.1117735524760984,0.05677301536147814,0.09496186486196154,0.08475668707702223,0.07605543022881082,0.08561607046943817,0.07025459233000322,0.11531850896981416,0.06375550542485767,0.07691481362122676,0.0838435922225803,2.4652200136976505,0.00027832060454192057,1.2505787936335404,1.9583464815399179,0.5105537354315485,0.35613947615778085,0.010838887858475869,0.48458432581421323,new_midi_files\chopin-comp-midi\data\ruslan_kazakov\Ruslan Kazakov – Chopin Piano Competition 2015 (preliminary  [_9PKpMs4evc].mid,2162.3223958333333,2,1,1,0,0,14.525669304301266,63.0,17.700615552097712,108.0,0.41349028546480143,0.07916666666665151,0.11552137607204883,0.9556885412185242,9,1.5887901679786396,1,0,0,0,0,0,0,0,0,0,0,0,0,0,0,0
Chopin,Seong-Jin Cho – Chopin Piano Competition 2015 (preliminary round) [Cb26O5_mhx8].mid,200.99001866426332,15882,8745,64.21886412290644,79.0,0.21948094409814103,66.23290517567057,8.622244918213845,0.11698778491373882,0.06951265583679637,0.07159047978843974,0.11553960458380556,0.0724719808588339,0.08896864374763884,0.056227175418713006,0.10049112202493389,0.10439491247953658,0.0494270243042438,0.08179070646014355,0.07259790958317593,2.4523892478280076,0.0004490406578724194,1.2301681110185367,1.8159158472444545,0.5505886797204559,0.3279018716551497,0.01265441155098302,0.4274646273143678,new_midi_files\chopin-comp-midi\data\seong_jin_cho\Seong-Jin Cho – Chopin Piano Competition 2015 (preliminary round) [Cb26O5_mhx8].mid,1841.9796875,2,1,1,0,0,14.517642581423058,64.0,18.26226937002786,103.0,0.4465922270948651,0.09270833333334849,0.11174483922087189,0.5476454604007757,9,1.892418454894977,1,0,0,0,0,0,0,0,0,0,0,0,0,0,0,0
Chopin,Shaun Yung Sheng Choo – Chopin Piano Competition 2015 (preliminary round) [2SWjmx98mT0].mid,206.16131918699278,16014,9044,65.07493443237168,79.0,0.17726676657924276,68.33545647558387,9.34702504922506,0.10984138878481328,0.03703009866366929,0.10422130635693767,0.07886849007118771,0.10278506306981391,0.06975146746596728,0.05332833770450855,0.1202073185962283,0.07630823029848882,0.08917197452229299,0.0674409891345073,0.09104533533158486,2.4431417043186134,0.000543434965971321,1.213985069291383,1.770480928689884,0.5647205744614424,0.32986590712864367,0.012873013998563396,0.3129758328965288,new_midi_files\chopin-comp-midi\data\shaun_yung_sheng_choo\Shaun Yung Sheng Choo – Chopin Piano Competition 2015 (preliminary round) [2SWjmx98mT0].mid,1713.2723958333333,2,1,1,0,0,14.627304660502045,65.0,16.381992309401824,109.0,0.3496554452290083,0.08750000000009095,0.1066919911426133,0.5327493390318007,9,1.656916907611324,1,0,0,0,0,0,0,0,0,0,0,0,0,0,0,0
Chopin,Soo Jung Ann – Chopin Piano Competition 2015 (preliminary round) [JFYzmYLEHtA].mid,200.21304030949398,15156,9060,66.80351016099235,76.0,0.19799611814902784,64.96067564001056,8.317746590953917,0.07145684877276326,0.09257059910266562,0.0791765637371338,0.11810504090789127,0.08267352863552388,0.06617841119028768,0.07805489575085775,0.0785827395091053,0.11051728688308261,0.06716811823700185,0.08880971232515175,0.06670625494853523,2.4671344964655466,0.0002587180882239275,1.1376647526332064,1.6726630614722438,0.5977436168107145,0.322845256649827,0.013209278901464273,0.4880570469126021,new_midi_files\chopin-comp-midi\data\soo_jung_ann\Soo Jung Ann – Chopin Piano Competition 2015 (preliminary round) [JFYzmYLEHtA].mid,1822.128125,2,1,1,0,0,13.483406351885089,67.0,17.270579965623625,105.0,0.34330883071905016,0.09791666666660603,0.11829604503464203,0.9277785332931026,8,1.6468815367561753,1,0,0,0,0,0,0,0,0,0,0,0,0,0,0,0
Chopin,Su Yeon Kim – Chopin Piano Competition 2015 (preliminary rou [an8zxFY-wbk].mid,195.2726245408969,16386,9184,64.75765897717564,77.0,0.20917863063997716,61.75003051385329,9.02614361271017,0.10338093494446479,0.0941047235444892,0.05327718784328085,0.08543878921030147,0.10679848651287685,0.08549981691688026,0.06554375686561699,0.0742707189063835,0.10203832539973148,0.0815940436958379,0.06346881484193824,0.08458440131819846,2.4655623025379976,0.00026072560018858677,1.1890485237906878,1.7839956450734893,0.5604442545920547,0.3146135670131958,0.01191631320808549,0.41059399926807816,new_midi_files\chopin-comp-midi\data\su_yeon_kim\Su Yeon Kim – Chopin Piano Competition 2015 (preliminary rou [an8zxFY-wbk].mid,1815.3932291666667,2,1,1,0,0,13.387521091263316,65.0,18.835227189754914,108.0,0.33727438490958583,0.11041666666665151,0.11036256484589564,0.5995686141587104,8,1.8880763608664963,1,0,0,0,0,0,0,0,0,0,0,0,0,0,0,0
Chopin,Takuya Kambara – Chopin Piano Competition 2015 (preliminary  [bDz0IA_36PE].mid,194.87086542818682,15131,9460,65.84006344590576,77.0,0.20960810312162678,63.96325424624942,8.658213950111627,0.10316568633930341,0.09543321657524288,0.06225629502346177,0.10190998612120812,0.07838212940321194,0.08763465732601942,0.07216971779789835,0.08697376247439033,0.09093913158416496,0.05326812504130593,0.09173220540611988,0.07613508690767298,2.468604694814833,0.0002161732114929154,1.1695006778625385,1.5993023993235387,0.6251652127940788,0.32655828678972476,0.012878064064775761,0.4521838053008289,new_midi_files\chopin-comp-midi\data\takuya_kambara\Takuya Kambara – Chopin Piano Competition 2015 (preliminary  [bDz0IA_36PE].mid,1747.5890625,2,1,1,0,0,13.526903931334626,67.0,17.265232900006367,108.0,0.33748449991155516,0.109375,0.11415300038554747,0.6077621389923574,8,1.8148318025041144,1,0,0,0,0,0,0,0,0,0,0,0,0,0,0,0
Chopin,Tamila Salindianova – Chopin Piano Competition 2015 (prelimi [IApUbbTz-5Y].mid,206.29174329685705,14845,8239,64.01684068710003,77.0,0.16985738043112156,63.58390030313237,9.297792009269608,0.11478612327382957,0.08790838666217582,0.06359043448972718,0.08939036712697879,0.09316268103738633,0.08528123947457056,0.0597507578309195,0.09154597507578309,0.10124621084540249,0.07153923880094308,0.06668912091613338,0.07510946446615022,2.4671541407664956,0.0002471090216835774,1.2028084793117215,1.8015776699029127,0.5549643001481881,0.3067362900801868,0.01389544276551644,0.4049844383971715,new_midi_files\chopin-comp-midi\data\tamila_salimdjanova\Tamila Salindianova – Chopin Piano Competition 2015 (prelimi [IApUbbTz-5Y].mid,1596.615625,2,1,1,0,0,13.44284657116512,65.0,16.65268365251522,105.0,0.2889070692326114,0.09114583333325754,0.10686770889472738,0.8998042270439747,9,1.5792985944879512,1,0,0,0,0,0,0,0,0,0,0,0,0,0,0,0
Chopin,Thibaud Epp – Chopin Piano Competition 2015 (preliminary round) [7XAd5uNuni0].mid,201.89982123453623,14986,8611,66.0589216602162,77.0,0.1942745868366036,60.3969037768584,8.938155416953753,0.08067529694381423,0.12231415988255705,0.0423728813559322,0.10990257573735486,0.07720539169891899,0.08354464166555452,0.07980782063259041,0.0639930601895102,0.12778593353796877,0.05204857867342853,0.09121847057253436,0.06913118910983584,2.439399968028183,0.00062941423482515,1.1656260335346498,1.7401300510915003,0.5745646226729832,0.29766859038798427,0.013471663524023236,0.5310284293345762,new_midi_files\chopin-comp-midi\data\thibaud_epp\Thibaud Epp – Chopin Piano Competition 2015 (preliminary round) [7XAd5uNuni0].mid,1676.6322916666666,2,1,1,0,0,13.57859164589424,67.0,14.888049732773561,100.0,0.3678145670987449,0.09583333333330302,0.111318506006006,0.5533304345882994,8,1.7364564507100444,1,0,0,0,0,0,0,0,0,0,0,0,0,0,0,0
Chopin,Tian Lu – Chopin Piano Competition 2015 (preliminary round) [JRUKxnUDBUU].mid,189.54562713580685,13604,8381,64.45435166127609,77.0,0.21625525274429158,66.6204792708027,7.692251963801209,0.07321376065862982,0.07725668920905616,0.08049103204939724,0.08056453984122317,0.09776536312849161,0.060643928256395176,0.09680976183475448,0.10026462805057336,0.07416936195236695,0.05277859453102029,0.08306380476330491,0.12297853572478683,2.461509808349523,0.0003279864045575109,1.1946439118651064,1.6230016702457648,0.6160235207644248,0.34963006116808204,0.013932056386314359,0.41186374573696,new_midi_files\chopin-comp-midi\data\tian_lu\Tian Lu – Chopin Piano Competition 2015 (preliminary round) [JRUKxnUDBUU].mid,1768.5328124999999,2,1,1,0,0,13.735559235150445,66.0,17.69468416162796,111.0,0.4410164094994346,0.08697916666665151,0.12947814054497783,0.688636693431379,11,1.663489892604601,1,0,0,0,0,0,0,0,0,0,0,0,0,0,0,0
Chopin,Tianpeng Yu – Chopin Piano Competition 2015 (preliminary rou [AEvxVAsSixg].mid,195.09677419354034,16189,9074,64.65007103588857,77.0,0.19929047758766216,65.28111680770894,9.159186228076198,0.10130335412934709,0.07264191735128792,0.07387732410896287,0.07721292235468528,0.11236024461053802,0.08493421459015381,0.06059670146395701,0.08542837729322379,0.09296435851504108,0.08796096114645748,0.06448823275063315,0.08623139168571252,2.4705399270091246,0.00020068997871443108,1.1910272885273157,1.7839118457300276,0.5604694255713404,0.3329025532224149,0.012050449301639305,0.3679037645318399,new_midi_files\chopin-comp-midi\data\tianpeng_yu\Tianpeng Yu – Chopin Piano Competition 2015 (preliminary rou [AEvxVAsSixg].mid,1767.5151041666666,2,1,1,0,0,14.465276300359902,64.0,18.923162670483674,109.0,0.3602659972673143,0.09010416666666288,0.10851910623095297,0.5502192115475605,9,1.825338597707644,1,0,0,0,0,0,0,0,0,0,0,0,0,0,0,0
Chopin,Yike (Tony) Yang – Chopin Piano Competition 2015 (preliminar [gr8IA3RGHFM].mid,206.51223168337313,17392,9620,65.23625804967801,79.0,0.2114265598646886,65.04438822447102,9.226153012174022,0.10441582336706531,0.07371205151793929,0.06640984360625575,0.09492870285188593,0.08469411223551059,0.09389374425022999,0.07049218031278749,0.08808647654093836,0.09038638454461821,0.07526448942042319,0.078139374425023,0.07957681692732291,2.4764651814790577,0.00011789162716175597,1.21098298938081,1.8077122960191248,0.5530960731328696,0.31344845408302113,0.011873295675465597,0.40765828599396786,new_midi_files\chopin-comp-midi\data\tony_yike_yang\Yike (Tony) Yang – Chopin Piano Competition 2015 (preliminar [gr8IA3RGHFM].mid,1885.0760416666667,2,1,1,0,0,14.393044883262444,65.0,15.577339421948059,103.0,0.385662442856306,0.09166666666669698,0.10673866870795239,0.40086268132450864,9,1.9506537921491824,1,0,0,0,0,0,0,0,0,0,0,0,0,0,0,0
Chopin,Tymoteusz Bies – Chopin Piano Competition 2015 (preliminary round) [N1u74xY03s8].mid,199.7338816983229,16104,9244,65.6663561847988,79.0,0.18761736861442246,65.98335817188276,8.314998643285824,0.11195976154992549,0.06631892697466468,0.07023099850968703,0.07501241927471436,0.1036388474913065,0.10630899155489319,0.061661698956780926,0.07892449080973671,0.07228017883755589,0.10351465474416294,0.07495032290114258,0.0751987083954297,2.4647786532607863,0.00028708904622026695,1.203051355166201,1.741914548404543,0.5739832350201801,0.3287106173289033,0.012401979614922254,0.35022319672166174,new_midi_files\chopin-comp-midi\data\tymoteusz_bies\Tymoteusz Bies – Chopin Piano Competition 2015 (preliminary round) [N1u74xY03s8].mid,1936.7411458333333,2,1,1,0,0,14.256277610331502,65.0,17.269508900215545,105.0,0.3724873787513637,0.08854166666662877,0.11970909276739324,0.8676461397278914,8,1.5600381654857811,1,0,0,0,0,0,0,0,0,0,0,0,0,0,0,0
Chopin,Łukasz Piotr Byrdy – Chopin Piano Competition 2015 (preliminary round) [qWmycSlNR0Y].mid,199.53132959755592,18123,8825,64.63328367268112,77.0,0.1704744144181418,71.5560337692435,9.206144350811858,0.08607846383049164,0.09076863653920432,0.06433813386304696,0.08491971527892733,0.10478397616288694,0.07421508580257132,0.07702918942779893,0.08745792639187773,0.10710147326601556,0.08491971527892733,0.06422777685813608,0.07415990730011587,2.4727338951218285,0.00017023298473893987,1.1913366369966647,2.0533650577838207,0.48692341646435666,0.3568321913231638,0.01100923248717479,0.4240463673237149,new_midi_files\chopin-comp-midi\data\ukasz_piotr_byrdy\Łukasz Piotr Byrdy – Chopin Piano Competition 2015 (preliminary round) [qWmycSlNR0Y].mid,1968.5765625,2,1,1,0,0,15.251082936065991,65.0,16.88161428056349,109.0,0.3337790739399098,0.08541666666678793,0.10754811715962183,0.9965027559397939,9,1.5694120672535332,1,0,0,0,0,0,0,0,0,0,0,0,0,0,0,0
Chopin,Valentin Cotton – Chopin Piano Competition 2015 (preliminary round) [A2Psvv05WC8].mid,204.41815610130416,17869,10435,63.76624321450557,77.0,0.21095915645344848,68.59359785102691,9.055014221832076,0.07845990262465723,0.09049191336952264,0.06458111813755667,0.09955789355867704,0.10772846829705075,0.06228664166993116,0.08271307851586547,0.07241591583188763,0.10604958307683698,0.06519670938496838,0.0651407465442946,0.10537802898875147,2.46393670678242,0.0002924535030286205,1.2075354436898764,1.7122460712916827,0.5839395635142697,0.33392178740616896,0.011439180531690216,0.4439527711124256,new_midi_files\chopin-comp-midi\data\valentin_cotton\Valentin Cotton – Chopin Piano Competition 2015 (preliminary round) [A2Psvv05WC8].mid,1973.3817708333333,2,1,1,0,0,14.141270159938196,64.0,15.833961895158755,98.0,0.3537622194725546,0.08854166666674246,0.10938826276956944,0.5836136082799285,9,1.910238161911682,1,0,0,0,0,0,0,0,0,0,0,0,0,0,0,0
Chopin,Alexia Mouza – Chopin Piano Competition 2015 (preliminary ro [28hDYa3q4r8].mid,194.12095113275714,15208,8812,64.14018937401367,79.0,0.2239639498947928,64.16103366649132,8.708391912470393,0.060494476591267755,0.09672540768016834,0.06384797475013151,0.07048921620199895,0.13742766964755393,0.04911888479747501,0.10593108890057865,0.0760783798001052,0.08995265649658074,0.07371120462914256,0.06246712256706996,0.1137559179379274,2.442171914412287,0.0006169219499696365,1.231677042729932,1.7256325882219448,0.579393779998685,0.32882698292525847,0.012763557836330932,0.42556506628133034,new_midi_files\chopin-comp-midi\data\ven_alexia_mouza\Alexia Mouza – Chopin Piano Competition 2015 (preliminary ro [28hDYa3q4r8].mid,1746.3614583333333,2,1,1,0,0,13.762486837086957,64.0,18.559125113282157,109.0,0.5381595809369082,0.08645833333343944,0.11358632811643761,0.6335818939666207,11,1.95036584994873,1,0,0,0,0,0,0,0,0,0,0,0,0,0,0,0
Chopin,Viktor Yuandong Mattsson – Chopin Piano Competition 2015 (pr [YOzuYiv_ELM].mid,202.7058731524186,14018,8413,67.50841774860893,77.0,0.18551761574404338,63.528962762162934,8.593360574556085,0.10229704665430162,0.07269225281780568,0.09459266657155087,0.11171351119988586,0.07633043230132687,0.07761449564845199,0.06170637751462405,0.09152518190897417,0.0956627193608218,0.06684263090312455,0.08553288628905693,0.06348979883007562,2.467888565507253,0.00023701669565070517,1.1405984827868103,1.6660328024720703,0.6001141308224552,0.3118661321788633,0.014459367512120593,0.4273073198748744,new_midi_files\chopin-comp-midi\data\viktor_yuandong_mattsson\Viktor Yuandong Mattsson – Chopin Piano Competition 2015 (pr [YOzuYiv_ELM].mid,1631.259375,2,1,1,0,0,14.019907952529785,68.0,18.072397526883577,105.0,0.34394547113612106,0.09427083333321207,0.11579610918884212,0.7892510399705579,8,1.5942197650205023,1,0,0,0,0,0,0,0,0,0,0,0,0,0,0,0
Chopin,Wenbin Jin – Chopin Piano Competition 2015 (preliminary roun [IX1nWH5F0Oo].mid,207.53017474330755,16220,8766,66.5750924784217,77.0,0.15072399686600926,66.56387176325524,9.882319341864136,0.0872996300863132,0.0592478421701603,0.10770653514180024,0.06818742293464858,0.10178791615289766,0.07959309494451294,0.06393341553637484,0.0967324290998767,0.06892725030826141,0.11103575832305795,0.07860665844636251,0.07694204685573366,2.464859503571514,0.00028065809396723263,1.1565886877043172,1.8501197673092278,0.5404105788792306,0.31920498721680324,0.012793919902799307,0.33890225049355716,new_midi_files\chopin-comp-midi\data\wenbin_jin\Wenbin Jin – Chopin Piano Competition 2015 (preliminary roun [IX1nWH5F0Oo].mid,1641.3151041666667,2,1,1,0,0,14.257503999854755,67.0,15.916522425429193,104.0,0.260103505865993,0.08541666666667425,0.10071071479951497,0.4917634061739708,8,1.4895026695120424,1,0,0,0,0,0,0,0,0,0,0,0,0,0,0,0
Chopin,Xin Luo – Chopin Piano Competition 2015 (preliminary round) [d333KunQuWA].mid,200.234117271498,15988,9855,64.5738053540155,77.0,0.18893229166666622,64.30216412309233,7.889430123696412,0.07511883912934701,0.08149862396797598,0.09732299224418314,0.10551663747810858,0.07599449587190393,0.07480610457843383,0.08518889166875156,0.09676007005253941,0.08387540655491618,0.05110082561921441,0.09688516387290468,0.07593194896172129,2.4701707373015362,0.00019555059436656273,1.1924339658384064,1.6221590909090908,0.6163612483582463,0.31953907714534363,0.012523242058383764,0.4529642705783864,new_midi_files\chopin-comp-midi\data\xin_luo\Xin Luo – Chopin Piano Competition 2015 (preliminary round) [d333KunQuWA].mid,2026.5088541666667,2,1,1,0,0,14.250326249030028,64.0,19.462738154032262,106.0,0.3331991299036782,0.08854166666651508,0.12619432976793646,0.7946082310018192,8,1.4905681132139823,1,0,0,0,0,0,0,0,0,0,0,0,0,0,0,0
Chopin,Yasuko Furumi – Chopin Piano Competition 2015 (preliminary round) [iDZ3bOa2jEU].mid,196.0885121756291,12954,7313,64.67330554268952,79.0,0.2553067183238122,64.42156862745098,7.633182674858511,0.0968040759610931,0.08584221090010807,0.06986259070557357,0.11069939786938397,0.0572024085224641,0.08916164891153312,0.07241006638876023,0.08815809788482322,0.10946425814420256,0.05890072564458854,0.10174463486181874,0.05974988420565076,2.4595946569620804,0.00034603675192227995,1.2215240602837236,1.771123872026251,0.5644924739482825,0.3268661776189359,0.015136125988084068,0.48016008800418564,new_midi_files\chopin-comp-midi\data\yasuko_furumi\Yasuko Furumi – Chopin Piano Competition 2015 (preliminary round) [iDZ3bOa2jEU].mid,1697.0640624999999,2,1,1,0,0,14.061663723766982,65.0,17.842211533534805,104.0,0.5418101761428591,0.0968750000001819,0.1304587579453923,1.046620974241565,9,1.9488028190843043,1,0,0,0,0,0,0,0,0,0,0,0,0,0,0,0
Chopin,Yedam Kim – Chopin Piano Competition 2015 (preliminary round [4QdvmMzFJJw].mid,199.26347505859854,15290,7460,65.62674950948332,78.0,0.17973352000218007,65.75585349901897,9.43789535139417,0.05277959450621321,0.12347939829954219,0.04264224983649444,0.10464355788096795,0.10981033355134075,0.04362328319162852,0.0974493132766514,0.04924787442773054,0.14028776978417265,0.08129496402877698,0.05768476128188359,0.09705689993459778,2.4091596592266984,0.0010323562304802687,1.1885397249514693,2.049323147031229,0.487868680923419,0.3283467116496322,0.013031422082178964,0.5235442769789409,new_midi_files\chopin-comp-midi\data\yedam_kim\Yedam Kim – Chopin Piano Competition 2015 (preliminary round [4QdvmMzFJJw].mid,1620.0645833333333,2,1,1,0,0,14.102894005243307,67.0,16.670644044709,109.0,0.35798298016664826,0.078125,0.105309713410513,0.6805181270099874,9,1.6963061529182817,1,0,0,0,0,0,0,0,0,0,0,0,0,0,0,0
Chopin,Yihao Li – Chopin Piano Competition 2015 (preliminary round) [T9_2DXcIreg].mid,203.140803832842,16674,10203,65.44854264123785,77.0,0.2134796002259001,68.29992803166607,8.332681761274756,0.08150413817920116,0.0635120546959338,0.09343888688976851,0.09080004797888928,0.10405421614489624,0.06765023389708529,0.08282355763464076,0.09343888688976851,0.07262804366078925,0.0681899964015833,0.09109991603694374,0.09086002159050018,2.4739788735186568,0.0001493912068158644,1.176496767018721,1.63406507252058,0.6118740629685158,0.33457264177127743,0.012182357051444798,0.4008632191439777,new_midi_files\chopin-comp-midi\data\yihao_li\Yihao Li – Chopin Piano Competition 2015 (preliminary round) [T9_2DXcIreg].mid,2001.0364583333333,2,1,1,0,0,14.352015524703754,65.0,19.67778262249295,111.0,0.3723657135539355,0.09062500000004547,0.11977151807313222,0.6118931091538521,10,1.7788575712065806,1,0,0,0,0,0,0,0,0,0,0,0,0,0,0,0
Chopin,Yoonji Kim – Chopin Piano Competition 2015 (preliminary roun [bgJpFfeDXgA].mid,193.4725410065638,14938,7768,67.01874414245549,79.0,0.1853238873454723,64.53869326549739,8.941232071761897,0.04913643057972955,0.13402061855670103,0.03307002276074441,0.12933458294283037,0.0870263756861695,0.04739590306600616,0.10637300843486411,0.04739590306600616,0.15309947784174588,0.06024902932119427,0.07403936269915651,0.07885928504485205,2.3841790728419356,0.0014179335320981966,1.1787746820994198,1.9227699832668297,0.5199812571122565,0.3318653262381093,0.012950836134049388,0.5968664536088442,new_midi_files\chopin-comp-midi\data\yoonji_kim\Yoonji Kim – Chopin Piano Competition 2015 (preliminary roun [bgJpFfeDXgA].mid,1670.6869791666666,2,1,1,0,0,14.33512584127766,68.0,18.28294768027864,112.0,0.3139904468102319,0.08697916666665151,0.11138800322465467,0.8634761573970534,9,1.6570238851969168,1,0,0,0,0,0,0,0,0,0,0,0,0,0,0,0
Chopin,Yuchong Wu – Chopin Piano Competition 2015 (preliminary roun [8jdN6eZSImM].mid,210.1287553648168,14658,7830,65.5571019238641,78.0,0.17575445860053665,63.26361031518625,8.695927306524814,0.07176968208486834,0.09823986901350798,0.056760813207804614,0.09175876654386683,0.10465274935188976,0.07204257060990585,0.07777322963569382,0.06958657388456815,0.11406740346568427,0.09639787146950471,0.07136034929731205,0.07559012143539365,2.465574995225269,0.00027112262152849436,1.1898024244693468,1.8717915974971269,0.5341428473975033,0.2996446893549428,0.014334453602893567,0.45319916475690025,new_midi_files\chopin-comp-midi\data\yuchong_wu\Yuchong Wu – Chopin Piano Competition 2015 (preliminary roun [8jdN6eZSImM].mid,1685.6166666666666,2,1,1,0,0,14.627560553463447,66.0,17.783229173899223,109.0,0.3246025972588329,0.08645833333332575,0.11063705339883105,0.7124913805244755,8,1.5283479957878807,1,0,0,0,0,0,0,0,0,0,0,0,0,0,0,0
Chopin,Yurika Kimura – Chopin Piano Competition 2015 (preliminary r [-EJUYdtvyH8].mid,189.3064727184197,17554,10136,65.77144810299647,77.0,0.2169464877425856,66.2668337700809,8.701181889060427,0.06858835593027231,0.1058448216930614,0.048137176711860546,0.09240059245755954,0.09257149367665489,0.07941209980631195,0.10413580950210778,0.052523641335308194,0.12447305457445597,0.06528426569442862,0.07741825225019938,0.08921043636777942,2.450571611249031,0.0004679699950943831,1.1707207466178813,1.731676038275624,0.5773853602962119,0.34821113976575185,0.010783621345395598,0.5042720262053579,new_midi_files\chopin-comp-midi\data\yurika_kimura\Yurika Kimura – Chopin Piano Competition 2015 (preliminary r [-EJUYdtvyH8].mid,2017.4270833333333,2,1,1,0,0,14.256858234201083,66.0,18.05449852151664,112.0,0.39223938221223775,0.09010416666666288,0.11388304349683814,0.6607125334638619,9,1.8876908500410603,1,0,0,0,0,0,0,0,0,0,0,0,0,0,0,0
Chopin,Zhi Chao Julian Jia – Chopin Piano Competition 2015 (prelimi [6ckQo_TKHjA].mid,193.96962988369424,14962,9110,63.162946130196495,79.0,0.2239116873858223,64.87067237000402,7.827544132224739,0.10212538430691084,0.07973532950140355,0.07432161475738537,0.102325892260393,0.0713808314396471,0.07879962571848684,0.0694425878893196,0.09758053736131533,0.09230049458628525,0.05781312658735463,0.07579200641625451,0.09838256917524395,2.470437662074852,0.00019853413832570874,1.2507332793886092,1.6421907584238833,0.6088351266457261,0.33272193422484053,0.012963284761324216,0.4195958910577649,new_midi_files\chopin-comp-midi\data\zhi_chao_julian_jia\Zhi Chao Julian Jia – Chopin Piano Competition 2015 (prelimi [6ckQo_TKHjA].mid,1911.4552083333333,2,1,1,0,0,14.191777398838225,64.0,17.120195857664207,105.0,0.4586905982921997,0.09218750000013642,0.12652392748924982,0.6226297635944731,9,1.752678614733422,1,0,0,0,0,0,0,0,0,0,0,0,0,0,0,0
Chopin,Zhu Wang – Chopin Piano Competition 2015 (preliminary round) [VA-l8OcsdCo].mid,204.4461049878535,14122,8630,65.5302365104093,78.0,0.19706191285464675,64.84060331397819,8.402709147789869,0.06344710380965869,0.10798753717603739,0.04878912335363263,0.09991502620025493,0.10083557569749327,0.06273898881178304,0.11308596516074211,0.04609828636170514,0.11747627814757117,0.07017419628947741,0.07683047726950856,0.09262144172213567,2.4417351368550735,0.0005784274894732732,1.190290207442174,1.6361951106476653,0.6110599730935353,0.3156088226535701,0.014476110244838454,0.5152947686593455,new_midi_files\chopin-comp-midi\data\zhu_wang\Zhu Wang – Chopin Piano Competition 2015 (preliminary round) [VA-l8OcsdCo].mid,1680.6484375,2,1,1,0,0,13.873167539599281,66.0,17.630562177831962,99.0,0.3250276348390123,0.08854166666662877,0.11728310229445507,0.6559091510957752,9,1.655853937824708,1,0,0,0,0,0,0,0,0,0,0,0,0,0,0,0
Chopin,"Chopin,_Mazurkas,_Op._33,_No._4.mid",167.96267496112463,2145,1587,62.245221445221446,65.0,0.3020367132867132,48.401864801864804,6.2354651162790695,0.046153846153846156,0.08065268065268065,0.08158508158508158,0.07785547785547786,0.10862470862470862,0.0675990675990676,0.1324009324009324,0.07925407925407925,0.05034965034965035,0.0344988344988345,0.09324009324009325,0.14778554778554778,2.4105228400700156,0.0010382514403493423,1.0442568513142174,1.3507556675062973,0.7395153774464119,0.2864648349879713,0.07826778889148399,0.43449840000043444,"new_midi_files\commons.wikimedia.org\Chopin\Chopin,_Mazurkas,_Op._33,_No._4.mid",344.0,1,1,1,0,0,10.937180519898845,61.0,24.4628026699974,119.0,0.3081763442173497,0.21875,0.158222559079602,0.2255558408567464,7,1.8833393895348867,1,0,0,0,0,0,0,0,0,0,0,0,0,0,0,0
Chopin,Chopin-nocturne-8.mid,247.4427107135933,1774,958,66.67756482525367,69.0,0.16702925357008647,127.0,15.35930735930736,0.052423900789177004,0.157271702367531,0.032130777903043965,0.12401352874859076,0.048478015783540024,0.14261555806087936,0.13077790304396844,0.012965050732807215,0.13641488162344984,0.047914317925591886,0.08229988726042842,0.03269447576099211,2.2963623894502465,0.002439027705576718,1.0348308182220223,1.8498435870698644,0.5397183098591549,0.5111842470049628,0.13940434406399624,0.6307772722666962,new_midi_files\commons.wikimedia.org\Chopin\Chopin-nocturne-8.mid,115.5,3,2,1,0,0,12.911012033335764,66.0,0.0,0.0,0.18920100466260464,0.125,0.06429780033840947,0.05659813880385824,5,2.565453643578645,2,0,0,0,0,0,0,0,0,0,0,0,0,0,0,0
Chopin,Chopin_-_Funeral_March.mid,134.76779862948243,2327,854,56.86162440911044,64.0,0.7513679511200034,51.86807047700903,5.180662838056188,0.07477438762354964,0.20068758057584873,0.005156854318865492,0.0782122905027933,0.010313708637730984,0.16759776536312848,0.12634293081220455,0.015470562956596476,0.10528577567683713,0.015470562956596476,0.20068758057584873,0.0,2.038901624278044,0.005389527678427958,1.125539404467074,2.721637426900585,0.36683848797250856,0.38203514383082665,0.05788994786489795,0.7112154469280855,new_midi_files\commons.wikimedia.org\Chopin\Chopin_-_Funeral_March.mid,449.1703229374994,10,2,1,0,0,14.03690027849219,58.0,19.384718103009668,87.0,0.48701296418884804,0.8035717500000032,0.19049910608698745,0.2993977908209956,8,3.8925840220738146,2,0,0,0,0,0,0,0,0,0,0,0,0,0,0,0
Chopin,Fr-Chopin-Mazurka-en-Ut-majeur.mid,199.38461538461365,1608,659,65.30845771144278,65.0,0.3625994377072968,92.35323383084577,9.6,0.16666666666666666,0.009950248756218905,0.1896766169154229,0.006840796019900498,0.10012437810945274,0.08084577114427861,0.04228855721393035,0.17475124378109452,0.011194029850746268,0.09950248756218906,0.026119402985074626,0.09203980099502487,2.1609605777015446,0.004052859665189806,0.9952768949454822,2.4363636363636365,0.4095711622125544,0.46087986172783313,0.12391834393077293,0.09639293843293222,new_midi_files\commons.wikimedia.org\Chopin\Fr-Chopin-Mazurka-en-Ut-majeur.mid,167.5,3,2,1,0,0,12.463204674387498,67.0,3.1361480937164217,25.0,0.18006615097338072,0.25,0.10392034847542003,0.1632331779089255,6,3.48095460199005,2,0,0,0,0,0,0,0,0,0,0,0,0,0,0,0
Chopin,Chopin__Minute_Waltz_Op._64_No._1_in__D-flat_major.mid,180.0,1242,673,66.18276972624798,65.0,0.3342995169082126,57.18035426731079,8.214466809233008,0.11191626409017713,0.11030595813204509,0.008856682769726247,0.07407407407407407,0.015297906602254429,0.15942028985507245,0.107085346215781,0.040257648953301126,0.2560386473429952,0.008856682769726247,0.10547504025764895,0.0024154589371980675,2.090657543334336,0.005202215272753676,0.9821287215196796,1.8427299703264095,0.5414320193081255,0.3159135594879049,0.14481094127111827,0.6529784130441313,new_midi_files\midisheetmusic.com\Chopin\Chopin__Minute_Waltz_Op._64_No._1_in__D-flat_major.mid,151.1966666666667,2,2,1,0,0,10.01389981126563,66.0,15.815451398365965,86.0,0.16933176877687278,0.3999999999999915,0.11925866236905722,0.1265772411916202,4,2.746092285985142,2,0,0,0,0,0,0,0,0,0,0,0,0,0,0,0
Chopin,Chopin__Nocturne_Op._9_No._1_in_B-flat_minor.mid,171.42857142857136,450,296,64.27555555555556,67.0,0.4822222222222223,55.95111111111111,4.1209891900348365,0.04888888888888889,0.12,0.022222222222222223,0.09555555555555556,0.013333333333333334,0.25555555555555554,0.10444444444444445,0.0044444444444444444,0.017777777777777778,0.07111111111111111,0.22,0.02666666666666667,2.0665779419120134,0.006165020576131685,1.0423869288800265,1.5151515151515151,0.656319290465632,0.3244886311332046,0.38010769718086773,0.5577772200005578,new_midi_files\midisheetmusic.com\Chopin\Chopin__Nocturne_Op._9_No._1_in_B-flat_minor.mid,109.19708333333335,2,2,1,0,0,13.370600510997678,63.0,17.28460615335343,95.0,0.4317017002800556,0.3500000000000014,0.2104677060133631,0.1863263588728067,6,1.9872325649723552,2,0,0,0,0,0,0,0,0,0,0,0,0,0,0,0
Chopin,Chopin__Nocturne_Op._9_No._2_in_E-flat_major.mid,124.32432432432422,1234,513,65.23581847649919,67.0,0.6369529983792545,51.54457050243112,4.632219073180803,0.08833063209076175,0.019448946515397084,0.07374392220421394,0.21312803889789303,0.031604538087520256,0.12641815235008103,0.008103727714748784,0.1580226904376013,0.07050243111831442,0.03403565640194489,0.13209076175040518,0.04457050243111831,2.221976591281623,0.0036074758894764198,1.0270431265776672,2.4007782101167314,0.4153846153846154,0.41128943467542656,0.10066746908852164,0.44327346272329576,new_midi_files\midisheetmusic.com\Chopin\Chopin__Nocturne_Op._9_No._2_in_E-flat_major.mid,266.395,2,2,1,0,0,12.177854626034057,63.0,16.498662796911642,89.0,0.44767447299505303,0.5999999999999943,0.20194647201946472,0.27675738475045575,7,2.9505058278120777,2,0,0,0,0,0,0,0,0,0,0,0,0,0,0,0
Chopin,Chopin__Nocturne_in_C_minor.mid,160.95380029806338,812,505,65.12807881773399,70.0,0.5197454844006568,54.48152709359606,4.011948557794252,0.20812807881773399,0.03694581280788178,0.06403940886699508,0.11576354679802955,0.027093596059113302,0.11822660098522167,0.01600985221674877,0.24630541871921183,0.0874384236453202,0.003694581280788177,0.038177339901477834,0.038177339901477834,2.11875566237579,0.005421634567421896,1.0748052175943228,1.6047430830039526,0.6211562115621156,0.3364016589504355,0.19797515411815914,0.2943346810347771,new_midi_files\midisheetmusic.com\Chopin\Chopin__Nocturne_in_C_minor.mid,202.39541666666668,2,2,1,0,0,11.351779867548323,65.0,16.36365983468327,85.0,0.32699990210152846,0.5499999999999972,0.2366831072749692,0.212841272916679,4,2.085192146561289,2,0,0,0,0,0,0,0,0,0,0,0,0,0,0,0
Chopin,Chopin__Prelude_Op._28_No._20_in_C_minor.mid,54.85714285714279,285,61,54.92631578947368,51.0,1.379122807017544,66.63157894736842,3.9148351648351642,0.20701754385964913,0.03508771929824561,0.10877192982456141,0.12631578947368421,0.007017543859649123,0.08771929824561403,0.021052631578947368,0.18596491228070175,0.10175438596491228,0.031578947368421054,0.021052631578947368,0.06666666666666667,2.1920801924741533,0.00396250128244588,0.9285166561500418,4.596774193548387,0.21328671328671328,1.1928927177278248,0.19180819180819159,0.30526285263188424,new_midi_files\midisheetmusic.com\Chopin\Chopin__Prelude_Op._28_No._20_in_C_minor.mid,72.80000000000001,2,2,1,0,0,11.970058058980529,59.0,12.128596885839924,69.0,0.671155799889603,1.3999999999999986,0.23661971830985923,0.49418860419135213,7,5.399038461538461,2,0,0,0,0,0,0,0,0,0,0,0,0,0,0,0
Chopin,Chopin__Prelude_Op._28_No._6_in_B_minor.mid,93.74999999999991,403,186,63.74937965260546,43.0,0.8572415219189412,60.29032258064516,3.1097278666598074,0.04962779156327544,0.08188585607940446,0.19602977667493796,0.0,0.06699751861042183,0.007444168734491315,0.1662531017369727,0.10421836228287841,0.007444168734491315,0.009925558312655087,0.05459057071960298,0.2555831265508685,2.0146021410638206,0.0063137493748636,0.6745163570187968,2.1550802139037435,0.4603960396039604,0.6363094731466513,0.23205445544554434,0.31017338709708436,new_midi_files\midisheetmusic.com\Chopin\Chopin__Prelude_Op._28_No._6_in_B_minor.mid,129.59333333333333,2,2,1,0,0,8.711489140180726,66.0,6.915123903851553,31.0,0.5670805247894501,0.7999999999999972,0.300497512437811,0.36412472747396757,4,2.665787849169196,2,0,0,0,0,0,0,0,0,0,0,0,0,0,0,0
Chopin,Chopin__Prelude_Op._28_No._7_in_A_major.mid,99.99995000002525,166,49,65.19277108433735,52.0,0.7680726731927714,60.06024096385542,4.883148400066591,0.012048192771084338,0.16265060240963855,0.12650602409638553,0.018072289156626505,0.25301204819277107,0.0,0.07228915662650602,0.0,0.06626506024096386,0.1686746987951807,0.024096385542168676,0.0963855421686747,2.015657227900795,0.005962605441847711,0.7976344361109484,3.32,0.2934131736526946,0.5946561455113631,0.5988020958085344,0.34337315060275303,new_midi_files\midisheetmusic.com\Chopin\Chopin__Prelude_Op._28_No._7_in_A_major.mid,33.994461441666665,2,2,1,0,0,10.141716105970607,64.0,13.582722368136965,61.0,0.3474782250069669,0.6666670000000003,0.1858586787878788,0.3449522555223687,8,3.750612845236152,2,0,0,0,0,0,0,0,0,0,0,0,0,0,0,0
Chopin,Chopin__Waltz_Op._64_No._2_in_Csharp_minor.mid,215.31896950369568,639,336,64.2660406885759,65.0,0.45667985133020345,59.71205007824726,5.828595001869797,0.057902973395931145,0.13928012519561817,0.03286384976525822,0.10641627543035993,0.14710485133020346,0.009389671361502348,0.13458528951486698,0.018779342723004695,0.2112676056338028,0.08607198748043818,0.01564945226917058,0.0406885758998435,2.1953991484607447,0.003829962619279113,1.0114206242074277,1.8961424332344214,0.525,0.27603704943327734,0.3364358898495245,0.6071981408456777,new_midi_files\midisheetmusic.com\Chopin\Chopin__Waltz_Op._64_No._2_in_Csharp_minor.mid,109.63190954166666,2,2,1,0,0,10.732686905193741,64.0,13.078373194168412,72.0,0.25124416601008953,0.5454549999999898,0.16329452194357363,0.1765228816366521,5,2.6618018989178673,2,0,0,0,0,0,0,0,0,0,0,0,0,0,0,0
Mozart,000150_all.mid,131.2501312501302,852,267,62.96244131455399,38.0,0.5245216082746479,127.0,4.591228609704359,0.23943661971830985,0.011737089201877934,0.11032863849765258,0.029342723004694836,0.11032863849765258,0.07629107981220658,0.028169014084507043,0.2112676056338028,0.018779342723004695,0.0903755868544601,0.014084507042253521,0.05985915492957746,2.130156048873814,0.005240821559508327,0.6035344024641841,3.1791044776119404,0.3130128956623681,0.9603015044257278,0.15386885257928512,0.10211257394376408,new_midi_files\ChoralTech.us\Mozart\000150_all.mid,185.57124300000004,5,4,1,0,0,8.553806370830157,64.0,0.0,0.0,0.36947428555429196,0.42857100000000514,0.21755895652173918,0.5828224455347921,4,2.408198614318707,4,0,0,0,0,0,0,0,0,0,0,0,0,0,0,0
Mozart,000151_all.mid,186.40776699029124,2022,679,62.72749752720079,36.0,0.44459866196834824,127.0,7.157522731966533,0.23837784371909002,0.00741839762611276,0.09297725024727992,0.02126607319485658,0.13847675568743817,0.08852621167161226,0.02373887240356083,0.15578635014836795,0.027200791295746787,0.11177052423343224,0.021760633036597428,0.07270029673590504,2.1646238735188925,0.00445664375026701,0.5739109775657508,2.973529411764706,0.3356401384083045,0.6776666839351397,0.09214422490869562,0.10138466617220823,new_midi_files\ChoralTech.us\Mozart\000151_all.mid,282.499976,5,4,1,0,0,8.140058931922844,62.0,0.0,0.0,0.2705071623970566,0.30000000000001137,0.139534871845621,0.3923836078895929,4,3.1822250296403576,4,0,0,0,0,0,0,0,0,0,0,0,0,0,0,0
Mozart,000152_all.mid,116.57142857142858,215,57,64.4093023255814,31.0,0.5023255813953489,127.0,5.443037974683544,0.20465116279069767,0.0,0.10697674418604651,0.0,0.10232558139534884,0.09767441860465116,0.009302325581395349,0.31627906976744186,0.0,0.046511627906976744,0.0,0.11627906976744186,1.824734860316866,0.008817228531939185,0.48129693071354424,3.706896551724138,0.2638888888888889,1.080194410692588,0.5396825396825398,0.009302316279079069,new_midi_files\ChoralTech.us\Mozart\000152_all.mid,39.5,5,4,1,0,0,8.391574233592978,64.0,0.0,0.0,0.25287957616871043,0.5,0.169392523364486,0.44719803171555683,4,2.7341772151898733,4,0,0,0,0,0,0,0,0,0,0,0,0,0,0,0
Mozart,000153_all.mid,137.54730735862813,602,194,64.39867109634551,36.0,0.4939086976744188,127.0,6.4042617234106585,0.2159468438538206,0.0,0.11960132890365449,0.0,0.14950166112956811,0.13122923588039867,0.0033222591362126247,0.24086378737541528,0.0,0.06478405315614617,0.006644518272425249,0.0681063122923588,1.8910183858587293,0.0070068364464949484,0.5590177379145513,3.0871794871794873,0.32172470978441126,0.9166544079507943,0.2281049873277415,0.009966767441870432,new_midi_files\ChoralTech.us\Mozart\000153_all.mid,93.99990600000001,5,4,1,0,0,8.40268891238201,64.5,0.0,0.0,0.2803382678667728,0.3333330000000032,0.15529657237936773,0.39561028526754854,4,3.1631205673758878,4,0,0,0,0,0,0,0,0,0,0,0,0,0,0,0
Mozart,000155_all.mid,149.1893383785276,2413,957,63.39867384997928,36.0,0.4663622909241607,127.0,5.923901177583665,0.18773311230832987,0.005387484459179445,0.13385826771653545,0.021135515955242438,0.11852465810194779,0.07169498549523415,0.03481143804392872,0.20638209697472026,0.020306672192291753,0.0820555325321177,0.0128470783257356,0.10526315789473684,2.1543693675789406,0.004307390155254303,0.5678352124107806,2.5187891440501042,0.3964374482187241,0.8455993039926532,0.06180171432416222,0.09448809448828349,new_midi_files\ChoralTech.us\Mozart\000155_all.mid,407.33292600000004,5,4,1,0,0,8.063015279558387,64.0,0.0,0.0,0.3101240133604,0.3333330000000103,0.1684630708955224,0.3531247572034331,4,2.762684124386253,4,0,0,0,0,0,0,0,0,0,0,0,0,0,0,0
Mozart,000156_all.mid,141.1764705882353,429,126,64.58741258741259,34.0,0.5,127.0,6.451127819548872,0.19114219114219114,0.011655011655011656,0.0979020979020979,0.013986013986013986,0.10722610722610723,0.11888111888111888,0.018648018648018648,0.23776223776223776,0.02564102564102564,0.07459207459207459,0.018648018648018648,0.08391608391608392,2.1335388979754684,0.004936513240709046,0.5264183547771952,3.377952755905512,0.2930232558139535,0.893256102606537,0.32831737346101236,0.08857800000008859,new_midi_files\ChoralTech.us\Mozart\000156_all.mid,66.5,5,4,1,0,0,8.640444285711252,65.0,0.0,0.0,0.3102336231493952,0.5,0.1542056074766355,0.36713597714773166,4,3.225563909774436,4,0,0,0,0,0,0,0,0,0,0,0,0,0,0,0
Mozart,000162_all.mid,129.60012960012958,1011,338,62.22848664688427,38.0,0.5674244243323444,127.0,4.783916455840746,0.07319485657764589,0.04154302670623145,0.20870425321463898,0.016815034619188922,0.08506429277942631,0.1513353115727003,0.01582591493570722,0.12067260138476756,0.011869436201780416,0.1641938674579624,0.09396636993076163,0.016815034619188922,2.17560493624178,0.00406281399168983,0.6106527964431838,2.982300884955752,0.3339920948616601,0.9724339507843336,0.1280633691700885,0.18001960237406728,new_midi_files\ChoralTech.us\Mozart\000162_all.mid,211.333122,5,4,1,0,0,8.861179049592186,62.0,0.0,0.0,0.294775026639233,0.6666659999999922,0.20660045346534653,0.5599139746996075,4,2.714511041009465,4,0,0,0,0,0,0,0,0,0,0,0,0,0,0,0
Mozart,000198_all.mid,105.88235294117659,253,186,63.41106719367589,38.0,0.6332015810276685,127.0,1.7496542185338866,0.12648221343873517,0.03557312252964427,0.17786561264822134,0.07114624505928854,0.07114624505928854,0.1541501976284585,0.007905138339920948,0.09486166007905138,0.023715415019762844,0.06719367588932806,0.1541501976284585,0.015810276679841896,2.2373044233487303,0.003133565418751877,0.5992644672683469,1.3529411764705883,0.7322834645669292,1.1882223445239393,0.41685965724872676,0.292489826087249,new_midi_files\ChoralTech.us\Mozart\000198_all.mid,144.6,5,4,1,0,0,8.268051041875475,64.0,0.0,0.0,0.49161388943162143,0.5999999999999943,0.5523809523809523,0.7559645668309164,4,1.1078838174273868,4,0,0,0,0,0,0,0,0,0,0,0,0,0,0,0
Mozart,000204_all.mid,184.11552346570403,971,395,63.072090628218334,40.0,0.5681771369721935,127.0,5.358719646799116,0.11946446961894953,0.030895983522142123,0.1349124613800206,0.1101956745623069,0.030895983522142123,0.101956745623069,0.032955715756951595,0.16374871266735325,0.04325437693099897,0.08753861997940268,0.1184346035015448,0.025746652935118436,2.319464888119181,0.0021425419438578608,0.6341949183449004,2.452020202020202,0.4063786008230453,0.6860580767205567,0.18941926282479837,0.33573601853792595,new_midi_files\ChoralTech.us\Mozart\000204_all.mid,181.20000000000002,5,4,1,0,0,7.862683093804499,63.0,0.0,0.0,0.3811761211799836,0.5999999999999943,0.1806185567010309,0.3454126903661156,4,3.044701986754969,4,0,0,0,0,0,0,0,0,0,0,0,0,0,0,0
Mozart,000207_all.mid,98.43750000000013,2072,968,62.044401544401545,41.0,0.49575289575289566,127.0,5.849802371541501,0.11003861003861004,0.027992277992277992,0.16312741312741313,0.037644787644787646,0.10183397683397684,0.12886100386100385,0.023166023166023165,0.11824324324324324,0.02413127413127413,0.13561776061776062,0.08638996138996138,0.04295366795366795,2.3061141118279362,0.002280216475438483,0.6608170651761648,2.1382868937048505,0.46695610226724554,1.2771841609050896,0.04748552821997112,0.19932412500019933,new_midi_files\ChoralTech.us\Mozart\000207_all.mid,354.20000000000005,5,4,1,0,0,8.315970443080632,62.0,0.0,0.0,0.3979936563847511,0.39999999999997726,0.16832448092708838,0.3933673211178412,4,2.900056465273832,4,0,0,0,0,0,0,0,0,0,0,0,0,0,0,0
Mozart,000208_all.mid,178.95523879353382,1280,624,61.71328125,39.0,0.557812453515625,127.0,5.64102611111115,0.10546875,0.034375,0.15703125,0.03984375,0.1125,0.1265625,0.02109375,0.11328125,0.0265625,0.140625,0.06875,0.05390625,2.321452057348254,0.0021069675021701388,0.6319547199257903,2.048,0.48711943793911006,0.7057310520740637,0.13969963996372664,0.19062480937519063,new_midi_files\ChoralTech.us\Mozart\000208_all.mid,226.90907200000004,5,4,1,0,0,8.463052706228316,62.0,0.0,0.0,0.4306379061922308,0.5454544999999911,0.17399955903049258,0.221466645859969,4,3.1466346153846128,4,0,0,0,0,0,0,0,0,0,0,0,0,0,0,0
Mozart,000209_all.mid,193.03576254465497,253,119,60.691699604743086,36.0,0.46605934387351794,127.0,5.913619364583702,0.0,0.1422924901185771,0.19367588932806323,0.0,0.13043478260869565,0.0,0.12648221343873517,0.09090909090909091,0.03162055335968379,0.17391304347826086,0.0,0.11067193675889328,1.99761026139715,0.004932791569241132,0.5931618267619706,2.1083333333333334,0.468503937007874,0.6545185193413636,0.7599833171049408,0.3003949565220395,new_midi_files\ChoralTech.us\Mozart\000209_all.mid,42.78259800000001,5,4,1,0,0,8.105517705208378,61.0,0.0,0.0,0.28711777643383,0.26086950000000186,0.16563142857142857,0.22556832787233214,4,2.7560975609756113,4,0,0,0,0,0,0,0,0,0,0,0,0,0,0,0
Mozart,000210_all.mid,177.41953225824187,198,95,63.464646464646464,33.0,0.5123961818181819,127.0,5.417915865677059,0.11616161616161616,0.0,0.13131313131313133,0.10101010101010101,0.030303030303030304,0.18181818181818182,0.0,0.1111111111111111,0.0,0.13131313131313133,0.19696969696969696,0.0,1.994877589455175,0.004997364214535931,0.5199745262649247,2.0625,0.47738693467336685,0.7118054755136451,0.8915554384836275,0.297979500000298,new_midi_files\ChoralTech.us\Mozart\000210_all.mid,36.545418000000005,5,4,1,0,0,6.975879266564138,64.0,0.0,0.0,0.2971758118547209,0.5454539999999994,0.17997213197969547,0.22677992995785182,4,2.7761194029850733,4,0,0,0,0,0,0,0,0,0,0,0,0,0,0,0
Mozart,000212_all.mid,160.0,724,336,58.36187845303867,40.0,0.7033839779005525,127.0,5.746031746031746,0.03591160220994475,0.024861878453038673,0.2527624309392265,0.011049723756906077,0.04419889502762431,0.23204419889502761,0.004143646408839779,0.05939226519337017,0.023480662983425413,0.25,0.04005524861878453,0.022099447513812154,1.92378140858258,0.0089226816099088,0.6853788872955386,2.148367952522255,0.463448275862069,0.7888198757763976,0.2206896551724138,0.10359105662993784,new_midi_files\ChoralTech.us\Mozart\000212_all.mid,126.0,6,5,2,0,0,8.07827622377802,57.0,0.0,0.0,0.607299587539017,0.375,0.1737551867219917,0.18699553499469632,5,4.041666666666667,4,0,0,0,0,0,0,0,0,0,0,0,0,0,1,0
Mozart,000297_all.mid,159.03614457831327,865,373,63.85202312138728,37.0,0.5353179190751447,127.0,4.130850047755492,0.13988439306358383,0.019653179190751446,0.10520231213872833,0.15144508670520232,0.026589595375722544,0.08554913294797688,0.023121387283236993,0.2046242774566474,0.06127167630057803,0.04046242774566474,0.10751445086705202,0.03468208092485549,2.250897127361493,0.003267390230953999,0.579464793937626,2.3128342245989306,0.43071593533487296,0.7935707295038771,0.1836445087509391,0.36300541734140346,new_midi_files\ChoralTech.us\Mozart\000297_all.mid,209.4,6,5,1,0,0,8.240114691351877,65.0,0.0,0.0,0.45414728273853083,0.30000000000001137,0.24166666666666667,0.397965747409386,5,2.2113180515759328,5,0,0,0,0,0,0,0,0,0,0,0,0,0,0,0
Mozart,000298_all.mid,149.68944099378882,855,389,61.93801169590643,38.0,0.48350877192982467,127.0,6.447963800904978,0.20350877192982456,0.0023391812865497076,0.13099415204678364,0.004678362573099415,0.1497076023391813,0.09590643274853801,0.010526315789473684,0.2198830409356725,0.004678362573099415,0.05497076023391813,0.012865497076023392,0.10994152046783626,2.002955734328361,0.005886284098811031,0.6135166167917989,2.1923076923076925,0.4544392523364486,0.8427929598944809,0.17487084228246358,0.0350876842105614,new_midi_files\ChoralTech.us\Mozart\000298_all.mid,132.6,5,4,1,0,0,8.056940244604421,62.0,0.0,0.0,0.5559328850950184,0.29999999999999716,0.15456674473067916,0.27292369183322335,4,3.1176470588235303,4,0,0,0,0,0,0,0,0,0,0,0,0,0,0,0
Mozart,000300_all.mid,160.00000000000003,219,60,63.48401826484018,32.0,0.48356164383561645,127.0,8.902439024390244,0.0821917808219178,0.0319634703196347,0.1187214611872146,0.045662100456621,0.1689497716894977,0.0547945205479452,0.0502283105022831,0.045662100456621,0.0867579908675799,0.1872146118721461,0.0319634703196347,0.0958904109589041,2.3207287938969845,0.0024642417797794036,0.5040638631669434,3.5901639344262297,0.2727272727272727,0.7888198757763973,0.7272727272727274,0.24657509589065754,new_midi_files\ChoralTech.us\Mozart\000300_all.mid,24.6,6,5,1,0,0,8.08027477716892,64.0,0.0,0.0,0.30137297632264853,0.4499999999999993,0.1073394495412844,0.22554223023204678,5,4.304878048780488,5,0,0,0,0,0,0,0,0,0,0,0,0,0,0,0
Mozart,000301_all.mid,147.82608695652146,345,274,71.03188405797101,22.0,0.5652173913043478,127.0,2.4468085106382977,0.043478260869565216,0.07246376811594203,0.17101449275362318,0.014492753623188406,0.11594202898550725,0.12753623188405797,0.03768115942028986,0.16521739130434782,0.020289855072463767,0.1391304347826087,0.08405797101449275,0.008695652173913044,2.226272621900169,0.0032165861513687604,0.30972006419434334,1.2545454545454546,0.791907514450867,0.8533450189891923,0.4272430258859002,0.2289852782610986,new_midi_files\ChoralTech.us\Mozart\000301_all.mid,141.0,3,2,1,0,0,4.978402419775255,70.0,0.0,0.0,0.4745787107962398,0.30000000000001137,0.40813953488372096,0.5608527801438916,2,1.3829787234042554,2,0,0,0,0,0,0,0,0,0,0,0,0,0,0,0
Mozart,000303_all.mid,139.9141630901288,1040,613,67.30192307692307,35.0,0.6876923076923079,127.0,3.3722438391699088,0.08846153846153847,0.01826923076923077,0.08076923076923077,0.04326923076923077,0.1423076923076923,0.011538461538461539,0.1201923076923077,0.1605769230769231,0.021153846153846155,0.13076923076923078,0.0125,0.1701923076923077,2.2078080718409243,0.003375606097961867,0.5200445675222684,1.6938110749185669,0.5888568683957733,0.9012578807906677,0.13440361488004687,0.21538440000021544,new_midi_files\ChoralTech.us\Mozart\000303_all.mid,308.40000000000003,4,3,1,0,0,7.728145124867022,68.0,0.0,0.0,0.6494949676616063,0.5999999999999943,0.2956689124157844,0.42265660355568907,3,2.3190661478599273,3,0,0,0,0,0,0,0,0,0,0,0,0,0,0,0
Mozart,000308_all.mid,160.9596510359869,2570,680,61.782879377431904,40.0,0.3520476653696498,127.0,14.937518163324613,0.2,0.002723735408560311,0.11828793774319066,0.0015564202334630351,0.14124513618677043,0.0840466926070039,0.029961089494163425,0.19727626459143968,0.0023346303501945525,0.10894941634241245,0.0062256809338521405,0.10739299610894941,2.03734759932591,0.005078800923893204,0.6474285393565308,3.773861967694567,0.26448852586542204,0.7841459226889852,0.0626058541563543,0.042801513618719846,new_midi_files\ChoralTech.us\Mozart\000308_all.mid,172.05,9,8,1,0,0,8.613012657596927,62.0,0.0,0.0,0.2304593348591729,0.3000000000000007,0.06667964188400156,0.21332539180587076,8,5.25871839581517,8,0,0,0,0,0,0,0,0,0,0,0,0,0,0,0
Mozart,000326_all.mid,150.91478506112657,2440,808,63.46024590163935,36.0,0.4650268573770491,127.0,5.9901860229192465,0.18729508196721312,0.005327868852459016,0.13729508196721313,0.022540983606557378,0.1168032786885246,0.07172131147540983,0.03442622950819672,0.20737704918032787,0.019262295081967213,0.08032786885245902,0.012704918032786885,0.10491803278688525,2.152392139994274,0.0043418921138284215,0.5672842725588265,3.016069221260816,0.3310118803768947,0.8359949951474341,0.06182498363831486,0.0942622008197664,new_midi_files\ChoralTech.us\Mozart\000326_all.mid,407.33292600000004,9,8,1,0,0,8.01172664748109,64.0,0.0,0.0,0.31060760320066405,0.33333300000000676,0.16659816605166053,0.353319409487482,6,2.7855973813420647,8,0,0,0,0,0,0,0,0,0,0,0,0,0,0,0
Mozart,000534_all.mid,100.00000000000011,309,98,61.96440129449838,38.0,0.8427184466019417,127.0,3.366013071895425,0.1262135922330097,0.022653721682847898,0.1262135922330097,0.045307443365695796,0.09385113268608414,0.17475728155339806,0.032362459546925564,0.11326860841423948,0.02912621359223301,0.09385113268608414,0.10355987055016182,0.038834951456310676,2.3191187458734626,0.0021838987163240154,0.6132553303652846,3.121212121212121,0.3161290322580645,1.257425742574256,0.3225806451612907,0.23300947572838837,new_midi_files\ChoralTech.us\Mozart\000534_all.mid,91.8,5,4,1,0,0,7.853556161552042,62.0,0.0,0.0,0.5292606936970962,0.6000000000000014,0.2844155844155844,0.6578822645753876,4,2.836601307189542,4,0,0,0,0,0,0,0,0,0,0,0,0,0,0,0
Mozart,000538_all.mid,174.19354838709705,1253,622,61.62330407023144,39.0,0.4229848363926576,127.0,7.530048076923077,0.1077414205905826,0.030327214684756583,0.15802075019952114,0.040702314445331206,0.11332801276935354,0.12689545091779728,0.020750199521149242,0.11731843575418995,0.025538707102952914,0.13647246608140462,0.07182761372705507,0.05107741420590583,2.315014178784865,0.002167233683939957,0.6328774471858026,2.0112359550561796,0.4960127591706539,0.7249125391272314,0.13891032566754152,0.18914586033538472,new_midi_files\ChoralTech.us\Mozart\000538_all.mid,166.4,5,4,1,0,0,8.46909783468105,62.0,0.0,0.0,0.35435725421787645,0.3999999999999915,0.13035143769968052,0.16615998816580993,4,3.1850961538461573,4,0,0,0,0,0,0,0,0,0,0,0,0,0,0,0
Mozart,000540_all.mid,159.09895414320192,1280,624,61.71328125,39.0,0.38349609375,127.0,8.205128205128204,0.10546875,0.034375,0.15703125,0.03984375,0.1125,0.1265625,0.02109375,0.11328125,0.0265625,0.140625,0.06875,0.05390625,2.321452057348254,0.0021069675021701388,0.6319547199257903,2.048,0.48711943793911006,0.7932593980995262,0.12419902743419353,0.19062480937519063,new_midi_files\ChoralTech.us\Mozart\000540_all.mid,156.0,5,4,1,0,0,8.463052706228316,62.0,0.0,0.0,0.2960635851791237,0.375,0.11962470680218922,0.15225833171692288,4,3.1466346153846154,4,0,0,0,0,0,0,0,0,0,0,0,0,0,0,0
Mozart,000541_all.mid,150.00000000000009,1763,870,62.058423142370955,39.0,0.43494044242768004,127.0,6.718749999999999,0.10720363017583664,0.028927963698241632,0.16959727736812252,0.036301758366420876,0.10323312535450936,0.12081678956324447,0.021554169030062395,0.1191151446398185,0.023255813953488372,0.14293817356778218,0.08338060124787294,0.04367555303460011,2.2985050595221512,0.002401331155273589,0.6284400633591403,2.024110218140069,0.4931972789115646,0.8410596026490061,0.08503401360544223,0.19342011287597335,new_midi_files\ChoralTech.us\Mozart\000541_all.mid,262.40000000000003,5,4,1,0,0,8.394315879830687,62.0,0.0,0.0,0.33506348290433285,0.3999999999999986,0.1434733257661748,0.25813654145256865,4,2.92225609756098,4,0,0,0,0,0,0,0,0,0,0,0,0,0,0,0
Mozart,000599_all.mid,149.3333333333334,1387,229,62.483056957462146,39.0,0.4966113914924298,127.0,13.36223506743738,0.13987022350396539,0.007209805335255948,0.11391492429704397,0.03893294881038212,0.12905551550108146,0.07642393655371305,0.04253785147801009,0.17231434751261715,0.032444124008651765,0.11391492429704397,0.021629416005767843,0.11175198269646719,2.2691030111474935,0.002646493968639455,0.624169195216899,6.030434782608696,0.164985590778098,0.8447893569844785,0.10758885686839582,0.1427540028840649,new_midi_files\ChoralTech.us\Mozart\000599_all.mid,103.8,9,8,1,0,0,7.932590539902874,63.0,0.0,0.0,0.28322999682786176,0.5999999999999943,0.07272727272727272,0.19845923631057727,9,6.635838150289018,8,0,0,0,0,0,0,0,0,0,0,0,0,0,0,0
Mozart,000628_all.mid,86.66666666666667,362,116,61.110497237569064,32.0,0.9513812154696132,127.0,3.678861788617886,0.024861878453038673,0.10773480662983426,0.16022099447513813,0.0027624309392265192,0.14917127071823205,0.027624309392265192,0.08287292817679558,0.10220994475138122,0.03591160220994475,0.20165745856353592,0.022099447513812154,0.08287292817679558,2.1970314251386025,0.003684301116842859,0.5236416151542236,3.094017094017094,0.31955922865013775,1.4486692015209124,0.23875114784205695,0.2513809640886492,new_midi_files\ChoralTech.us\Mozart\000628_all.mid,98.4,5,4,1,0,0,6.70276188446424,62.0,0.0,0.0,0.5573326109291938,0.6000000000000014,0.2659279778393352,0.6449267478158007,4,3.4999999999999996,4,0,0,0,0,0,0,0,0,0,0,0,0,0,0,0
Mozart,000735_all.mid,149.99999999999986,320,153,63.059375,36.0,0.5100000000000003,127.0,3.4188034188034186,0.21875,0.0,0.125,0.021875,0.125,0.125,0.0125,0.209375,0.0125,0.053125,0.028125,0.06875,2.073230635562908,0.005363498263888889,0.570890520705438,2.0779220779220777,0.4766355140186916,0.8410596026490074,0.4672897196261678,0.074999925000075,new_midi_files\ChoralTech.us\Mozart\000735_all.mid,93.60000000000001,9,6,1,0,0,8.599758694834117,64.0,0.0,0.0,0.3154758310869469,0.40000000000000036,0.29090909090909095,0.6155346234073923,5,1.7435897435897445,6,0,0,0,0,0,0,0,0,0,0,0,0,0,0,0
Mozart,000736_all.mid,96.29629629629535,1287,453,63.065268065268064,38.0,0.7145687645687645,127.0,3.623310810810811,0.216006216006216,0.013986013986013986,0.12742812742812742,0.03108003108003108,0.09324009324009325,0.07303807303807304,0.028749028749028748,0.2097902097902098,0.024864024864024864,0.08236208236208237,0.031857031857031856,0.0675990675990676,2.192544887812402,0.004381483936650992,0.6025503508226169,2.8348017621145374,0.3517080745341615,1.30529120669967,0.07476420519898708,0.13053600000013055,new_midi_files\ChoralTech.us\Mozart\000736_all.mid,355.2,9,8,1,0,0,8.38517754106128,64.0,0.0,0.0,0.4841579940682097,0.5999999999999943,0.2757387247278383,0.6247475684388251,4,2.5891047297297294,8,0,0,0,0,0,0,0,0,0,0,0,0,0,0,0
Mozart,000737_all.mid,148.75675675675666,2335,808,62.85567451820128,36.0,0.4839025695931478,127.0,6.518704634282523,0.2278372591006424,0.009850107066381156,0.09122055674518201,0.02740899357601713,0.1323340471092077,0.09678800856531049,0.021413276231263382,0.15845824411134904,0.028693790149892935,0.10749464668094219,0.028265524625267664,0.0702355460385439,2.196386663841199,0.004025343119348319,0.5727406428012278,2.8862793572311496,0.3458904109589041,0.848041869698611,0.06368011847463897,0.11563157601724625,new_midi_files\ChoralTech.us\Mozart\000737_all.mid,358.20000000000005,9,8,1,0,0,8.106474592978737,63.0,0.0,0.0,0.28228531216949737,0.375,0.1532133676092545,0.37307778718446716,4,3.1544179229480758,8,0,0,0,0,0,0,0,0,0,0,0,0,0,0,0
Mozart,000740_all.mid,140.5715691429976,943,462,65.46023329798516,36.0,0.48073476139978805,127.0,4.148097989740219,0.20572640509013787,0.003181336161187699,0.1261930010604454,0.010604453870625663,0.13679745493107104,0.14528101802757157,0.0021208907741251328,0.19936373276776245,0.0042417815482502655,0.07635206786850478,0.02332979851537646,0.06680805938494168,2.0279867516817225,0.005455250878987649,0.5499522020670199,2.036717062634989,0.4894067796610169,0.8970727722295764,0.14891056053283644,0.04347821739134783,new_midi_files\ChoralTech.us\Mozart\000740_all.mid,227.33310600000002,9,8,1,0,0,7.933061598743154,67.0,0.0,0.0,0.2929493846735355,0.3333330000000103,0.24062254777070066,0.5418741268474002,4,1.994134897360704,8,0,0,0,0,0,0,0,0,0,0,0,0,0,0,0
Mozart,000778_all.mid,161.07158964301834,443,456,72.09706546275395,24.0,0.4334081444695261,127.0,1.6341397964469728,0.20090293453724606,0.006772009029345372,0.17155756207674944,0.009029345372460496,0.12866817155756208,0.13769751693002258,0.013544018058690745,0.09480812641083522,0.0,0.1038374717832957,0.07674943566591422,0.056433408577878104,2.114109381610317,0.004261132823889831,0.3328845565776055,0.9693654266958425,1.027027027027027,0.7836043336141293,0.3627738505473386,0.10609470203170882,new_midi_files\ChoralTech.us\Mozart\000778_all.mid,271.090638,2,1,1,0,0,4.539474762305744,72.0,0.0,0.0,0.6650479395296087,0.2727270000000033,0.608391,1.1929905851488243,1,0.7082494969818915,1,0,0,0,0,0,0,0,0,0,0,0,0,0,0,0
Mozart,000785_all.mid,137.96831375452385,1329,387,64.79006772009029,40.0,0.5834661348758463,127.0,5.974673641656825,0.2076749435665914,0.008276899924755455,0.12415349887133183,0.022573363431151242,0.12039127163280662,0.05718585402558315,0.029345372460496615,0.20692249811888638,0.01730624529721595,0.08803611738148984,0.03912716328066215,0.07900677200902935,2.170210545425423,0.004421077021765433,0.6173785703609955,3.4252577319587627,0.29097744360902256,0.9138773909593169,0.10373557425152169,0.11662892776535366,new_midi_files\ChoralTech.us\Mozart\000785_all.mid,222.43892799999998,6,5,1,0,0,8.032310077884667,67.0,0.0,0.0,0.4839583131489037,0.36585350000001426,0.16694820858433734,0.6767833212537214,6,3.4860197368421004,5,0,0,0,0,0,0,0,0,0,0,0,0,0,0,0
Mozart,000787_all.mid,212.5301204819279,2610,677,62.03946360153257,40.0,0.4664272030651341,127.0,11.548672566371682,0.20842911877394635,0.0026819923371647508,0.11839080459770115,0.0011494252873563218,0.13946360153256704,0.07701149425287357,0.029118773946360154,0.19233716475095786,0.0030651340996168583,0.11264367816091954,0.00842911877394636,0.10727969348659004,2.0387908063540983,0.005136215949071015,0.6447508897265996,3.849557522123894,0.2592876292608196,0.594763866162613,0.08139797797086476,0.04444440000004445,new_midi_files\ChoralTech.us\Mozart\000787_all.mid,226.0,9,8,1,0,0,8.540615948810345,62.0,0.0,0.0,0.30058435818656637,0.375,0.08623993867382139,0.2685888633215108,8,5.386615044247788,8,0,0,0,0,0,0,0,0,0,0,0,0,0,0,0
Mozart,000789_all.mid,213.60008544003415,772,161,64.25518134715026,38.0,0.42368290479274606,127.0,15.701701195934717,0.2344559585492228,0.0,0.10362694300518134,0.0,0.12564766839378239,0.09067357512953368,0.014248704663212436,0.24352331606217617,0.0,0.09455958549222798,0.0,0.09326424870466321,1.9021151682056665,0.00696085055228925,0.5913919875707164,4.765432098765432,0.20827943078913325,0.5917984596305657,0.27632611311776734,0.014248690414522022,new_midi_files\ChoralTech.us\Mozart\000789_all.mid,49.166647,9,8,1,0,0,8.524023448132652,65.0,0.0,0.0,0.2901208065029102,0.41666649999999805,0.06160827626459143,0.1416796184064131,8,6.6525423728813555,8,0,0,0,0,0,0,0,0,0,0,0,0,0,0,0
Mozart,001429_all.mid,150.0,844,382,61.773696682464454,38.0,0.49016587677725126,127.0,6.36500754147813,0.20734597156398105,0.004739336492890996,0.13033175355450238,0.004739336492890996,0.1552132701421801,0.0971563981042654,0.01066350710900474,0.20497630331753555,0.004739336492890996,0.058056872037914695,0.014218009478672985,0.10781990521327015,2.0227158793549522,0.005630847739768249,0.6151485409750203,2.2036553524804177,0.45207100591715976,0.8410596026490066,0.17751479289940827,0.03909948696686375,new_midi_files\ChoralTech.us\Mozart\001429_all.mid,132.6,5,4,1,0,0,8.047826239899774,62.0,0.0,0.0,0.5668136356893493,0.29999999999999716,0.15658362989323843,0.27128480579091785,5,3.119909502262444,4,0,0,0,0,0,0,0,0,0,0,0,0,0,0,0
Mozart,001430_all.mid,146.42857142857085,447,459,72.20134228187919,24.0,0.4744966442953023,127.0,1.511156186612576,0.19463087248322147,0.006711409395973154,0.17225950782997762,0.008948545861297539,0.1342281879194631,0.13870246085011187,0.008948545861297539,0.1029082774049217,0.0,0.1029082774049217,0.07829977628635347,0.05145413870246085,2.1031743008702217,0.004303380561769823,0.33240378792264696,0.9717391304347827,1.0245535714285714,0.8614341085271352,0.32684948979591705,0.10290817449674722,new_midi_files\ChoralTech.us\Mozart\001430_all.mid,295.8,2,1,1,0,0,4.565672713390233,72.0,0.0,0.0,0.7278638749508987,0.29999999999999716,0.6618834080717487,1.3119466742563963,1,0.717038539553753,1,0,0,0,0,0,0,0,0,0,0,0,0,0,0,0
Mozart,001431_all.mid,165.5172413793103,213,58,63.47417840375587,32.0,0.49859154929577465,127.0,8.658536585365853,0.07981220657276995,0.03286384976525822,0.12206572769953052,0.03755868544600939,0.17370892018779344,0.051643192488262914,0.051643192488262914,0.056338028169014086,0.08450704225352113,0.18309859154929578,0.03755868544600939,0.0892018779342723,2.324700391794867,0.0024286958055059625,0.5041420038918456,3.610169491525424,0.27102803738317754,0.762683785462829,0.7734450531743472,0.2441312112678498,new_midi_files\ChoralTech.us\Mozart\001431_all.mid,24.6,6,5,1,0,0,7.967394818478887,64.0,0.0,0.0,0.3056938345664921,0.3000000000000007,0.11037735849056603,0.2315571754990501,5,4.317073170731708,5,0,0,0,0,0,0,0,0,0,0,0,0,0,0,0
Mozart,001432_all.mid,145.054945054945,351,277,70.96296296296296,22.0,0.5555555555555556,127.0,2.4579831932773106,0.045584045584045586,0.07122507122507123,0.17094017094017094,0.014245014245014245,0.11965811965811966,0.12535612535612536,0.037037037037037035,0.15669515669515668,0.02849002849002849,0.13675213675213677,0.08547008547008547,0.008547008547008548,2.242693427447816,0.0030074498854175975,0.31002087245795223,1.2625899280575539,0.7869318181818182,0.8695357760890832,0.4120879120879119,0.2364670000002365,new_midi_files\ChoralTech.us\Mozart\001432_all.mid,142.8,3,2,1,0,0,4.944857906035216,70.0,0.0,0.0,0.4545486057043497,0.30000000000001137,0.40628571428571436,0.5953898397054572,2,1.3655462184873954,2,0,0,0,0,0,0,0,0,0,0,0,0,0,0,0
Mozart,001434_all.mid,133.3333333333334,1140,266,62.3140350877193,37.0,0.6082894736842107,127.0,9.09090909090909,0.11140350877192982,0.03245614035087719,0.1763157894736842,0.06666666666666667,0.04736842105263158,0.07368421052631578,0.06315789473684211,0.18421052631578946,0.02017543859649123,0.11052631578947368,0.0868421052631579,0.027192982456140352,2.2973972325926026,0.0026801836462501277,0.5937667068766851,4.269662921348314,0.2331288343558282,0.9454094292803965,0.11685655857435004,0.2692979763160588,new_midi_files\ChoralTech.us\Mozart\001434_all.mid,125.4,9,8,1,0,0,8.641169076942813,63.0,0.0,0.0,0.3732199441767572,0.5999999999999979,0.10904302019315189,0.2213413036202966,8,5.529904306220099,8,0,0,0,0,0,0,0,0,0,0,0,0,0,0,0
Mozart,001435_all.mid,160.00000000000054,509,519,74.9410609037328,26.0,0.4567779960707269,127.0,1.8011323425336163,0.18271119842829076,0.011787819253438114,0.13359528487229863,0.03732809430255403,0.14931237721021612,0.1512770137524558,0.011787819253438114,0.137524557956778,0.019646365422396856,0.07465618860510806,0.03339882121807466,0.05697445972495088,2.197128800582119,0.003665171853161324,0.3469393058961304,0.9788461538461538,1.0176470588235293,0.7888198757763949,0.3137254901960795,0.11394880550109628,new_midi_files\ChoralTech.us\Mozart\001435_all.mid,282.6,2,1,1,0,0,4.15992477336584,76.0,0.0,0.0,0.6303577677405086,0.3000000000000007,0.5545275590551182,0.9602453002447199,2,0.8227176220806794,1,0,0,0,0,0,0,0,0,0,0,0,0,0,0,0
Mozart,001436_all.mid,164.57142857142858,1014,604,67.30276134122288,35.0,0.5885108481262328,127.0,3.8264150943396227,0.09072978303747535,0.01775147928994083,0.08185404339250493,0.04142011834319527,0.1390532544378698,0.011834319526627219,0.1222879684418146,0.16272189349112426,0.021696252465483234,0.13313609467455623,0.010848126232741617,0.16666666666666666,2.204585365571388,0.0033857844224252968,0.5200380903023134,1.6760330578512397,0.5950738916256157,0.7670405522001725,0.16213933849401832,0.2140037307694448,new_midi_files\ChoralTech.us\Mozart\001436_all.mid,265.0,4,3,1,0,0,7.736287880238278,68.0,0.0,0.0,0.5658879683144952,0.5,0.26061204343534056,0.498558802053187,4,2.2518867924528303,3,0,0,0,0,0,0,0,0,0,0,0,0,0,0,0
Mozart,mz_311_1.mid,267.20039621818074,2970,1908,67.73468013468013,53.0,0.17092997298260412,46.283838383838386,4.237505734143021,0.013131313131313131,0.10067340067340068,0.16430976430976432,0.014141414141414142,0.1404040404040404,0.007407407407407408,0.1292929292929293,0.10909090909090909,0.034006734006734006,0.19494949494949496,0.005050505050505051,0.08754208754208755,2.136824171143738,0.0041173708654067805,0.782464744974846,1.5557883708748035,0.6422080107707843,0.172571849394982,0.08993618183042099,0.28316470000028315,new_midi_files\Classical Music MIDI (Kaggle)\Mozart\mz_311_1.mid,700.8840073229171,10,2,1,0,0,10.319882544846962,69.0,10.978027093676856,62.0,0.16281959201931062,0.10962499999999409,0.08726759572176392,0.10750180395043735,7,0.7243167406506966,2,0,0,0,0,0,0,0,0,0,0,0,0,0,0,0
Mozart,mz_311_2.mid,160.5339176109594,1659,760,67.93731163351417,53.0,0.4667993433845684,43.45931283905968,0.8249267337210643,0.09403254972875226,0.020494273658830622,0.17420132610006028,0.0108499095840868,0.11633514165159735,0.0030138637733574444,0.09282700421940929,0.15973477998794455,0.009041591320072333,0.15310427968655818,0.004822182037371911,0.161543098251959,2.0869739054562184,0.004475810246119491,0.7801309463903427,2.1800262812089355,0.4578313253012048,0.2690414092706382,0.09670717928371049,0.1380348227849482,new_midi_files\Classical Music MIDI (Kaggle)\Mozart\mz_311_2.mid,2011.087690802083,10,3,1,0,0,10.43090531353665,68.0,9.56138770210768,47.0,0.3998124121500288,0.33302178750000166,0.16747660331850597,0.22213321954419152,5,0.38507525764137024,3,0,0,0,0,0,0,0,0,0,0,0,0,0,0,0
Mozart,mz_311_3.mid,249.23699326702945,3517,2288,67.7912994029002,58.0,0.20488986667792122,47.55729314756895,5.801611370247737,0.021324992891669035,0.09269263576912141,0.17571794142735286,0.007392664202445266,0.13960762013079328,0.004264998578333807,0.123969292010236,0.10093829968723343,0.03212965595678135,0.17827694057435314,0.008529997156667614,0.11515496161501279,2.1402207045790322,0.0039882170852522094,0.8555670072013944,1.5364788117081696,0.6503695281409893,0.1900490112459922,0.07084621752900212,0.2647139803812713,new_midi_files\Classical Music MIDI (Kaggle)\Mozart\mz_311_3.mid,606.210891345833,10,2,1,0,0,11.181558166783846,69.0,10.946787639916453,74.0,0.2278084682827726,0.10777400000000625,0.10371101965182965,0.14531110351756282,8,1.1886913801671695,2,0,0,0,0,0,0,0,0,0,0,0,0,0,0,0
Mozart,mz_330_1.mid,247.00093254933546,4774,2642,69.3850020946795,46.0,0.2221008534230548,57.61290322580645,8.87751502377565,0.20025136154168413,0.009635525764558023,0.12693757855048177,0.010892333472978634,0.14034352744030162,0.08378718056137412,0.031001256807708422,0.19815668202764977,0.007959782153330541,0.08755760368663594,0.0041893590280687055,0.09928780896522832,2.093770719740909,0.0048034139424668765,0.6629674706107683,1.806280741581536,0.5532984293193717,0.2323092201048291,0.051727943989389624,0.06367819354845079,new_midi_files\Classical Music MIDI (Kaggle)\Mozart\mz_330_1.mid,537.7631000583308,8,2,1,0,0,9.11815985602518,71.0,13.955226786513606,68.0,0.19374733732991617,0.21183449999999482,0.11254012456526243,0.11076059719573224,6,1.9717036630565583,2,0,0,0,0,0,0,0,0,0,0,0,0,0,0,0
Mozart,mz_330_2.mid,128.68970595740652,1487,804,63.08742434431742,49.0,0.8039277281158921,46.773369199731,3.756480694166717,0.1862811028917283,0.04640215198386012,0.06254203093476798,0.04640215198386012,0.07330195023537324,0.21654337592468056,0.008069939475453935,0.1062542030934768,0.05245460659045057,0.09280430396772024,0.08540685944855414,0.023537323470073975,2.2449356151279862,0.0035347409999969344,0.7766999482475102,1.8472049689440995,0.5403225806451613,0.3606559892663539,0.08648501744449363,0.23873547074670817,new_midi_files\Classical Music MIDI (Kaggle)\Mozart\mz_330_2.mid,395.84923258333276,9,2,1,0,0,9.965935080449443,64.0,13.204679771520361,76.0,0.6757042768708343,0.6333331750000184,0.26219188397263304,0.33205098996283294,6,3.019938990172653,2,0,0,0,0,0,0,0,0,0,0,0,0,0,0,0
Mozart,mz_330_3.mid,188.91953356051403,4360,2480,67.19403669724771,53.0,0.2211265376672398,48.78348623853211,9.043742071070488,0.1596330275229358,0.00963302752293578,0.14954128440366973,0.00871559633027523,0.12522935779816513,0.0908256880733945,0.02981651376146789,0.2279816513761468,0.009174311926605505,0.07201834862385322,0.00871559633027523,0.10871559633027524,2.0980612371689142,0.004886910940904712,0.7887604587597346,1.7573559048770657,0.5686769089658336,0.2568639745684097,0.04332023241470168,0.06605497981657983,new_midi_files\Classical Music MIDI (Kaggle)\Mozart\mz_330_3.mid,482.101321083333,9,2,1,0,0,10.68791915272412,67.0,12.419849559294134,60.0,0.19596681550661224,0.17055150000001618,0.11055026993385324,0.11150222534647039,8,1.9998113717313686,2,0,0,0,0,0,0,0,0,0,0,0,0,0,0,0
Mozart,mz_331_2.mid,227.68536918779267,2681,1638,66.71764267064528,53.0,0.30447635100864,52.60089518836255,7.332349606018306,0.015292801193584483,0.11003356956359567,0.11189854531891086,0.022752704214845206,0.17754569190600522,0.01976874300634092,0.09362178291682208,0.061171204774337934,0.0660201417381574,0.17978366281238345,0.007459903021260724,0.13465124953375607,2.2095025636395795,0.003444546415620788,0.7943925637067901,1.6357535082367296,0.610738255033557,0.2300142565970959,0.08489387367180935,0.29988780156687955,new_midi_files\Classical Music MIDI (Kaggle)\Mozart\mz_331_2.mid,365.6399577291659,10,2,1,0,0,10.396454067651273,67.0,10.796876022059044,53.0,0.22230613397566326,0.24793399999998655,0.13611749542133056,0.15652205767806057,4,2.232527052360089,2,0,0,0,0,0,0,0,0,0,0,0,0,0,0,0
Mozart,mz_332_1.mid,226.41921192195497,5076,3010,64.74271079590228,59.0,0.24449951020734775,49.373719464145,8.89389132474985,0.16272655634357763,0.024822695035460994,0.09692671394799054,0.04018912529550828,0.08589440504334121,0.16469661150512213,0.01260835303388495,0.152876280535855,0.04058313632781718,0.11386918833727344,0.07131599684791175,0.033490937746256895,2.272262998519346,0.002802205530312768,0.9112994862803113,1.6858186648953837,0.5928698050029545,0.2171044347875452,0.044597047847538894,0.18951911702146615,new_midi_files\Classical Music MIDI (Kaggle)\Mozart\mz_332_1.mid,570.728808645834,10,2,1,0,0,10.894236700292648,65.0,16.155897159772305,70.0,0.20531480232402563,0.20421512500001882,0.11243490722085399,0.1504256666347293,8,2.1745520727387095,2,0,0,0,0,0,0,0,0,0,0,0,0,0,0,0
Mozart,mz_332_2.mid,171.83173855992462,1387,796,66.86445565969719,40.0,0.4612508818463119,43.68709444844989,5.266101249148559,0.1528478731074261,0.023792357606344627,0.11896178803172314,0.09228550829127613,0.035328046142754144,0.18457101658255226,0.02090843547224225,0.10454217736121124,0.01946647440519106,0.0958904109589041,0.13987022350396539,0.011535688536409516,2.2242319152442622,0.003267930326123124,0.5982251557591757,1.7402760351317441,0.5734870317002881,0.2527724063442352,0.12379808253596875,0.2963227029563165,new_midi_files\Classical Music MIDI (Kaggle)\Mozart\mz_332_2.mid,263.3827065562507,10,2,1,0,0,8.940503400565996,67.0,11.624074382779918,76.0,0.4292060496046207,0.4068899999999971,0.18870208193091684,0.2134441382601903,7,2.4289938450617363,2,0,0,0,0,0,0,0,0,0,0,0,0,0,0,0
Mozart,mz_332_3.mid,173.49934621790536,5874,4256,67.073544433095,55.0,0.2078923424806348,53.419645897173986,9.957174438357422,0.1947565543071161,0.022131426625808647,0.07660878447395301,0.032005447735784814,0.07048008171603677,0.15389853592100783,0.021109976166155942,0.14061967994552263,0.027238678924072182,0.11678583588695948,0.10078311201906708,0.04358188627851549,2.2589375133554985,0.0031074214193597648,0.8199954191308076,1.37984496124031,0.7244255319148937,0.3061309228658451,0.02953180361155836,0.20326843820245047,new_midi_files\Classical Music MIDI (Kaggle)\Mozart\mz_332_3.mid,589.9263929104169,10,2,1,0,0,10.601554456570286,67.0,13.460712027145654,71.0,0.21961333354042759,0.10813715000000457,0.10035693238726663,0.11690557438773821,8,2.0700203184784196,2,0,0,0,0,0,0,0,0,0,0,0,0,0,0,0
Mozart,mz_333_1.mid,247.9389516189032,5778,4298,68.19868466597438,62.0,0.22008654117485968,54.79577708549671,9.17460286936914,0.15784008307372793,0.013153340256143994,0.13568708895811699,0.09795777085496711,0.04845967462789893,0.16476289373485636,0.013153340256143994,0.09968847352024922,0.014191761855313257,0.10211145725164417,0.13776393215645552,0.01523018345448252,2.2077666803091804,0.003267070704964898,0.9091084292102858,1.344033496161898,0.7437272884582108,0.22011732888384106,0.04290343513045565,0.2762198691591547,new_midi_files\Classical Music MIDI (Kaggle)\Mozart\mz_333_1.mid,629.7820278729191,8,2,1,0,0,10.317056738452836,69.0,13.275100098190437,73.0,0.18339489538057122,0.13983839999997372,0.10852357915729081,0.10258930714430763,6,2.0192066121723906,2,0,0,0,0,0,0,0,0,0,0,0,0,0,0,0
Mozart,mz_333_2.mid,174.69947299626102,2863,1544,65.0768424729305,50.0,0.4921216403510297,51.525672371638144,5.480744090626906,0.10478519035976248,0.018861334264757248,0.09116311561299337,0.1603213412504366,0.013272790778903249,0.15089067411805798,0.011177086971707998,0.13482361159622774,0.11596227733147049,0.023751309814879495,0.1631156129933636,0.011875654907439748,2.1733095475338433,0.003668466976303576,0.7683224528368238,1.853074433656958,0.5391061452513967,0.2932602556681239,0.06099841934226991,0.46943718337455265,new_midi_files\Classical Music MIDI (Kaggle)\Mozart\mz_333_2.mid,522.3743259416661,8,2,1,0,0,9.849036800697126,67.0,12.916344164961492,63.0,0.4118173111788686,0.45623520000000894,0.18228697181458173,0.21829570931627643,5,2.697192772223525,2,0,0,0,0,0,0,0,0,0,0,0,0,0,0,0
Mozart,mz_333_3.mid,175.17162549812087,3191,2412,67.97430272641805,60.0,0.21930052490663843,64.2419304293325,9.16235393712334,0.12817298652460044,0.013788780946411783,0.15104982764023817,0.12159197743654027,0.02130993418990912,0.15951112503917267,0.013788780946411783,0.09244750861798809,0.01880288310874334,0.08774678784080225,0.18176120338451895,0.010028204324663115,2.162411396377625,0.0038925918993176177,0.8826864963779122,1.322420223787816,0.7556390977443609,0.36465537652666846,0.05487832879013812,0.34973327608935006,new_midi_files\Classical Music MIDI (Kaggle)\Mozart\mz_333_3.mid,348.2729462208336,9,2,1,0,0,10.487130684999183,70.0,13.75985137202362,84.0,0.20965613861838567,0.18181799999996429,0.109048717443835,0.11835190464777144,6,2.009309027791555,2,0,0,0,0,0,0,0,0,0,0,0,0,0,0,0
Mozart,Bona_Nox.mid,155.95959595959596,432,160,68.9074074074074,45.0,0.3799913194444444,100.0,6.472099487929773,0.2037037037037037,0.12962962962962962,0.0,0.12962962962962962,0.0,0.07407407407407407,0.0,0.05555555555555555,0.2222222222222222,0.0,0.18518518518518517,0.0,1.8537000619745188,0.007001600365797896,0.6530502458304991,2.6832298136645965,0.3695150115473441,0.637106634918592,0.36018382438705765,0.6666660000006667,new_midi_files\commons.wikimedia.org\Mozart\Bona_Nox.mid,66.748046875,5,4,1,0,0,9.646086365327262,70.0,0.0,0.0,0.19419627019596616,0.373046875,0.14965197215777262,0.19104220386135468,4,2.4593416239941477,4,0,0,0,0,0,0,0,0,0,0,0,0,0,0,0
Mozart,K520.mid,171.2595023658229,596,248,63.11073825503356,51.0,0.4990192252691553,60.538590604026844,6.572992655626402,0.18120805369127516,0.01174496644295302,0.09228187919463088,0.11577181208053691,0.0050335570469798654,0.04530201342281879,0.030201342281879196,0.22651006711409397,0.09899328859060402,0.020134228187919462,0.10570469798657718,0.06711409395973154,2.1665213847548093,0.004311617594803036,0.8081033529635349,2.393574297188755,0.4154103852596315,0.3514383228361049,0.28686683813370667,0.3624157449668054,new_midi_files\commons.wikimedia.org\Mozart\K520.mid,90.67407058333333,8,6,2,0,0,9.362452791537667,65.0,13.78916706023048,55.0,0.4545071623915002,0.520833281249999,0.15198938823529412,0.23006298523595062,6,3.2800497027105378,5,0,0,0,0,0,0,0,0,1,0,0,0,0,0,0
Mozart,Leck_mich_im_Arsch.mid,120.0,967,632,71.71458117890383,19.0,0.5898181661495989,110.0,7.110566427942247,0.11478800413650465,0.0,0.07445708376421924,0.16856256463288521,0.0,0.37745604963805585,0.0,0.04136504653567735,0.0,0.07652533609100311,0.1468459152016546,0.0,1.7199016312428537,0.011283677869759519,0.26493914379367606,1.5276461295418642,0.6528925619834711,0.9090909090909091,0.12396694214876033,0.31540816442637537,new_midi_files\commons.wikimedia.org\Mozart\Leck_mich_im_Arsch.mid,135.99479166666666,7,6,1,0,0,5.365948828566449,74.0,0.0,0.0,0.48842926492840144,0.4166666666666572,0.140527950310559,0.22576263837826935,6,4.193941250813808,6,0,0,0,0,0,0,0,0,0,0,0,0,0,0,0
Mozart,Leopold_Mozart_-_Menuet_in_C-Dur.mid,182.05128205128196,347,204,62.12968299711815,45.0,0.4962536023054755,100.0,4.819444444444445,0.1988472622478386,0.0,0.19020172910662825,0.0,0.10086455331412104,0.07492795389048991,0.011527377521613832,0.2680115273775216,0.0,0.06340057636887608,0.0,0.09221902017291066,1.8614237211274327,0.007721541210005529,0.7242914675388868,1.6926829268292682,0.5862068965517241,0.5462949992996221,0.5231358679634539,0.011527365994247838,new_midi_files\commons.wikimedia.org\Mozart\Leopold_Mozart_-_Menuet_in_C-Dur.mid,72.0,3,2,1,0,0,13.018183278204644,67.0,0.0,0.0,0.2725962785419487,0.5999999999999943,0.20635838150289018,0.19373132250600011,3,2.391666666666666,2,0,0,0,0,0,0,0,0,0,0,0,0,0,0,0
Mozart,"Mozart_-_6_Variations_on_an_aria_from_I_Filosofi_Immaginarii_K._398_(416e),_first_movement,_cadenza_written_out.mid",198.9637305699479,667,449,67.39580209895053,56.0,0.25058447338830586,91.18440779610195,7.871077184054285,0.14842578710644677,0.017991004497751123,0.08545727136431784,0.013493253373313344,0.08395802098950525,0.1889055472263868,0.035982008995502246,0.12143928035982009,0.029985007496251874,0.15742128935532235,0.08395802098950525,0.03298350824587706,2.2389479340521197,0.0032582877726554014,0.8309122738367075,1.4822222222222223,0.6721556886227545,0.4560047341395513,0.29784989606279627,0.1814091139432099,"new_midi_files\commons.wikimedia.org\Mozart\Mozart_-_6_Variations_on_an_aria_from_I_Filosofi_Immaginarii_K._398_(416e),_first_movement,_cadenza_written_out.mid",84.74062499999998,2,1,1,0,0,13.202352491626597,69.0,15.356352691235974,74.0,0.35161715160797985,0.15234375,0.12633727477477474,0.16628151774135633,8,1.972369731164953,1,0,0,0,0,0,0,0,0,0,0,0,0,0,0,0
Mozart,Mozart_-_Die_Zauberflöte_-_Wenn_Tugend_und_Gerechtigkeit.mid,169.27008732133626,2913,623,65.44833504977686,54.0,0.7520399444855679,75.43117061448679,14.646368240508735,0.25609337452797803,0.0,0.1053896326810848,0.013731548232063165,0.14383796773086166,0.04943357363542739,0.015104703055269482,0.2481977342945417,0.0,0.06591143151390319,0.017164435290078956,0.08513559903879163,1.9403841498664263,0.007533027052556328,0.8250782717979293,4.668269230769231,0.21379547014413178,0.44300893833531635,0.05808856805811128,0.04600064057677103,new_midi_files\commons.wikimedia.org\Mozart\Mozart_-_Die_Zauberflöte_-_Wenn_Tugend_und_Gerechtigkeit.mid,198.88889533333338,13,11,4,0,0,12.738793253743362,67.0,7.186506831233121,87.0,0.6020880953718674,0.5902771874999999,0.0672237506868132,0.1652951699090222,18,11.014653958507415,1,0,0,0,0,0,10,0,0,0,0,0,0,0,0,0
Mozart,Mozart_-_Die_Zauberflöte_-_Zum_Ziele_führt_dich_diese_Bahn.mid,139.39581519912534,819,303,66.73137973137973,36.0,0.6274855677083334,71.05982905982906,7.407415484615649,0.199023199023199,0.004884004884004884,0.1575091575091575,0.0,0.14407814407814407,0.05128205128205128,0.004884004884004884,0.2967032967032967,0.0,0.03907203907203907,0.0,0.10256410256410256,1.816611020402361,0.008716747346173477,0.5394763244134612,2.6940789473684212,0.3695121951219512,0.5061392247272036,0.1699948965842992,0.009768000000009769,new_midi_files\commons.wikimedia.org\Mozart\Mozart_-_Die_Zauberflöte_-_Zum_Ziele_führt_dich_diese_Bahn.mid,110.56487943750001,7,5,5,0,0,7.448881842886483,67.0,2.9185249707630554,27.0,0.5586521665195211,0.5487802500000001,0.1340133448578851,0.2904282989231978,8,4.648046310615546,1,0,0,0,0,0,1,0,0,3,0,0,0,0,0,0
Mozart,Mozart_-_Offertorium_de_Sanctissimo_Sacramento.mid,191.36700085747472,4650,805,62.32774193548387,50.0,0.37668161319892485,86.0963440860215,26.498506121073707,0.0036559139784946237,0.12731182795698925,0.08946236559139785,0.03053763440860215,0.19591397849462366,0.0,0.11010752688172043,0.011827956989247311,0.0989247311827957,0.18064516129032257,0.00989247311827957,0.14172043010752688,2.080731472525702,0.0045892974139592245,0.8022109841480309,5.769230769230769,0.1730810578370243,0.44756295883518266,0.041145345271441564,0.37677381677457034,new_midi_files\commons.wikimedia.org\Mozart\Mozart_-_Offertorium_de_Sanctissimo_Sacramento.mid,175.4815905,17,12,4,0,0,7.94687361655442,64.0,12.650987787941189,61.0,0.34505444037906374,0.32608649999999995,0.03697173381372339,0.11370877755637067,19,9.98150003304763,4,0,0,0,0,2,0,3,0,3,0,0,0,0,0,0
Mozart,Mozart_-_Sonata_Facile_1st_Movement.mid,261.0402458114312,2714,2194,68.21518054532056,53.0,0.182931917727524,52.72549742078113,10.394816703792708,0.14959469417833457,0.012527634487840826,0.15254237288135594,0.0058953574060427415,0.13190862196020633,0.0950626381724392,0.025792188651436992,0.1746499631540162,0.008106116433308769,0.1156963890935888,0.023581429624170966,0.10464259395725865,2.1592973264242072,0.0037556889830900673,0.7769531473692267,1.2364464692482915,0.8081031307550645,0.201211448483846,0.09614742018837244,0.0759026507001496,new_midi_files\commons.wikimedia.org\Mozart\Mozart_-_Sonata_Facile_1st_Movement.mid,261.0916649458336,17,2,1,0,0,9.851781717394934,67.0,12.185566192266863,61.0,0.16721079244645032,0.11821839166666592,0.0960496398620839,0.0842612167844889,5,1.9015437540508962,2,0,0,0,0,0,0,0,0,0,0,0,0,0,0,0
Mozart,Mozart_Wolfgang_Amadeus-Fuga_en_Mi-bemol_Mayor-KV153.mid,233.73537353735333,1034,594,60.83752417794971,51.0,0.3267649903288201,127.0,7.825922421948912,0.11895551257253385,0.02321083172147002,0.10638297872340426,0.16731141199226304,0.0038684719535783366,0.12282398452611218,0.010638297872340425,0.13733075435203096,0.11798839458413926,0.029980657640232108,0.1470019342359768,0.014506769825918761,2.1787139954226644,0.0034483326619834287,0.8382983997265675,1.7378151260504202,0.5739130434782609,0.5410347749730636,0.22583127878005152,0.4661504042557853,new_midi_files\commons.wikimedia.org\Mozart\Mozart_Wolfgang_Amadeus-Fuga_en_Mi-bemol_Mayor-KV153.mid,132.125,3,2,1,0,0,9.928891475886806,62.0,0.0,0.0,0.21195793051036757,0.25,0.12693610842207165,0.13527204593549222,3,2.557237464522233,2,0,0,0,0,0,0,0,0,0,0,0,0,0,0,0
Mozart,Nannerl_Notenbuch_-_Minuet_in_F.mid,180.0000000000001,357,209,64.48179271708683,55.0,0.4605042016806723,125.94117647058823,4.83739837398374,0.19887955182072828,0.0,0.06722689075630252,0.0,0.0784313725490196,0.2184873949579832,0.011204481792717087,0.16806722689075632,0.0,0.1400560224089636,0.08403361344537816,0.03361344537815126,1.9821884960152816,0.005900562839514891,0.8529539398564485,1.7,0.5837988826815642,0.6958076048098792,0.5027932960893858,0.09523800000009526,new_midi_files\commons.wikimedia.org\Mozart\Nannerl_Notenbuch_-_Minuet_in_F.mid,73.8,3,2,1,0,0,9.333703221861326,67.0,11.501767578917875,126.0,0.3775125324637844,0.30000000000000426,0.20561797752808988,0.2164172263397344,4,2.2276422764227632,2,0,0,0,0,0,0,0,0,0,0,0,0,0,0,0
Mozart,"Piano_Sonata_No._11,_Menuetto.mid",216.82309101244135,2660,1724,66.68533834586466,53.0,0.3185747572055139,127.0,7.159534164864704,0.010902255639097745,0.11541353383458647,0.11541353383458647,0.02293233082706767,0.17593984962406015,0.018796992481203006,0.09511278195488722,0.061654135338345864,0.06541353383458647,0.1800751879699248,0.007518796992481203,0.13082706766917293,2.2001751350307015,0.003498839517339715,0.7947773906512582,1.5420289855072464,0.6478767380683953,0.5830419511985815,0.08148180797160517,0.30639067105293805,"new_midi_files\commons.wikimedia.org\Mozart\Piano_Sonata_No._11,_Menuetto.mid",371.5325520833333,3,2,1,0,0,10.42357846631457,67.0,0.0,0.0,0.22237064277266724,0.25,0.13953837987338596,0.1394403563793596,5,2.2808468582763544,2,0,0,0,0,0,0,0,0,0,0,0,0,0,0,0
Mozart,"Piano_Sonata_No._11,_Tema.mid",214.36712541190158,478,180,65.18410041841004,41.0,0.3459619072524407,127.0,8.893023255813954,0.0,0.1506276150627615,0.100418410041841,0.0041841004184100415,0.2928870292887029,0.0,0.06276150627615062,0.0,0.08786610878661087,0.17154811715481172,0.0,0.1297071129707113,1.8532818651095009,0.007762639348439668,0.6289877302568799,2.6408839779005526,0.3757828810020877,0.5896907420624454,0.4475305332190012,0.30543902510490806,"new_midi_files\commons.wikimedia.org\Mozart\Piano_Sonata_No._11,_Tema.mid",53.75,3,2,1,0,0,8.166135702271164,64.0,0.0,0.0,0.14506200757621454,0.25,0.11163522012578617,0.16985309966682235,5,3.076647286821706,2,0,0,0,0,0,0,0,0,0,0,0,0,0,0,0
Mozart,"Piano_Sonata_No._11,_Variation_1.mid",237.65853658536554,672,404,64.81547619047619,48.0,0.20163690476190477,127.0,12.502325581395349,0.026785714285714284,0.13690476190476192,0.08333333333333333,0.020833333333333332,0.2916666666666667,0.008928571428571428,0.05357142857142857,0.002976190476190476,0.06547619047619048,0.20535714285714285,0.01488095238095238,0.08928571428571429,2.014419617043317,0.0071821263227513235,0.7405638603715008,1.6592592592592592,0.600297176820208,0.5321410321921315,0.35313304098865606,0.2916663750002917,"new_midi_files\commons.wikimedia.org\Mozart\Piano_Sonata_No._11,_Variation_1.mid",53.75,3,2,1,0,0,10.466579398115325,69.0,0.0,0.0,0.12250151483977065,0.125,0.07973174366616989,0.0736589162097711,5,2.5209302325581397,2,0,0,0,0,0,0,0,0,0,0,0,0,0,0,0
Mozart,"Piano_Sonata_No._11,_Variation_2.mid",190.588235294117,918,478,64.19607843137256,48.0,0.12438441811909949,127.0,17.07906976744186,0.004357298474945534,0.1655773420479303,0.0915032679738562,0.0784313725490196,0.25054466230936817,0.002178649237472767,0.05228758169934641,0.002178649237472767,0.06753812636165578,0.18082788671023964,0.002178649237472767,0.10239651416122005,2.005682819365953,0.005990988746018863,0.7477092125433201,1.9164926931106472,0.5201305767138193,0.6628799508750406,0.20738654547782046,0.36601270588271895,"new_midi_files\commons.wikimedia.org\Mozart\Piano_Sonata_No._11,_Variation_2.mid",53.75,3,2,1,0,0,8.141230621805374,64.0,0.0,0.0,0.09806735005648862,0.08333333333333393,0.05834242093784078,0.050618932587643,5,2.124370155038761,2,0,0,0,0,0,0,0,0,0,0,0,0,0,0,0
Mozart,"Piano_Sonata_No._11,_Variation_3.mid",241.88519637462477,940,426,67.6404255319149,56.0,0.14706061613475177,127.0,17.40740740740741,0.15531914893617021,0.010638297872340425,0.08936170212765958,0.029787234042553193,0.2936170212765957,0.04893617021276596,0.010638297872340425,0.00425531914893617,0.06170212765957447,0.17446808510638298,0.0,0.12127659574468085,1.969441216056694,0.0072889945173784014,0.8279072571131323,2.201405152224824,0.4527098831030818,0.5228807761676669,0.257051218251461,0.11276584468096383,"new_midi_files\commons.wikimedia.org\Mozart\Piano_Sonata_No._11,_Variation_3.mid",54.0,3,2,1,0,0,10.524766325287288,69.0,0.0,0.0,0.09432948018490574,0.125,0.05724174653887114,0.0653515586583823,6,2.559944058641975,2,0,0,0,0,0,0,0,0,0,0,0,0,0,0,0
Mozart,"Piano_Sonata_No._11,_Variation_4.mid",239.44055944055953,970,412,69.28865979381443,50.0,0.177319587628866,127.0,17.962962962962962,0.004123711340206186,0.177319587628866,0.09072164948453608,0.008247422680412371,0.24948453608247423,0.002061855670103093,0.032989690721649485,0.0,0.07628865979381444,0.22268041237113403,0.0,0.1360824742268041,1.8605342362022694,0.00780703463586873,0.7216187963105158,2.348668280871671,0.4243048403707518,0.5281970741354738,0.24659171930026727,0.2948450659796763,"new_midi_files\commons.wikimedia.org\Mozart\Piano_Sonata_No._11,_Variation_4.mid",54.0,3,2,1,0,0,10.662545258976568,69.0,0.0,0.0,0.08137292241847242,0.125,0.05546955624355005,0.0672156423135992,6,3.185185185185185,2,0,0,0,0,0,0,0,0,0,0,0,0,0,0,0
Mozart,"Piano_Sonata_No._11,_Variation_5.mid",238.87722847389063,1217,515,67.14215283483976,48.0,0.11572172007669132,127.0,22.537037037037038,0.012325390304026294,0.13557929334428923,0.10599835661462613,0.02875924404272802,0.2514379622021364,0.0016433853738701725,0.08216926869350863,0.009038619556285949,0.0657354149548069,0.1848808545603944,0.015612161051766639,0.10682004930156122,2.0654748385040307,0.005623053750014723,0.7149011054675612,2.358527131782946,0.42282430213464695,0.5294374993740737,0.1961225192724882,0.32785505423204525,"new_midi_files\commons.wikimedia.org\Mozart\Piano_Sonata_No._11,_Variation_5.mid",54.0,3,2,1,0,0,9.209352163068381,69.0,0.0,0.0,0.1268925563379825,0.0625,0.04420230263157895,0.04253094456943731,6,2.6080246913580254,2,0,0,0,0,0,0,0,0,0,0,0,0,0,0,0
Mozart,"Piano_Sonata_No._11,_Variation_6.mid",234.2550636458248,921,544,66.82193268186754,52.0,0.2262429876945349,127.0,10.525714285714285,0.008686210640608035,0.16395222584147665,0.11726384364820847,0.010857763300760043,0.21932681867535286,0.008686210640608035,0.07600434310532031,0.0,0.09229098805646037,0.16178067318132464,0.009771986970684038,0.13137893593919653,2.0344501339611263,0.005291170198092288,0.7781875970181698,1.689908256880734,0.5900216919739696,0.5398396023101029,0.254072737142977,0.352876954397747,"new_midi_files\commons.wikimedia.org\Mozart\Piano_Sonata_No._11,_Variation_6.mid",87.5,3,2,1,0,0,9.822131326755336,69.0,0.0,0.0,0.13444770668904882,0.125,0.09456521739130434,0.1009943464906485,8,2.3813690476190477,2,0,0,0,0,0,0,0,0,0,0,0,0,0,0,0
Mozart,Rondo_Alla_Turka.mid,235.12880562060877,2528,1253,68.59018987341773,43.0,0.23655063291139242,127.0,11.336322869955158,0.08306962025316456,0.10680379746835443,0.05933544303797468,0.021360759493670885,0.18670886075949367,0.027689873417721517,0.05102848101265823,0.01977848101265823,0.07634493670886076,0.24050632911392406,0.0015822784810126582,0.12579113924050633,2.1475114068611396,0.0047559197049306555,0.6269117996676219,2.0159489633173844,0.49545274812178725,0.5378420462772872,0.0929730350417591,0.25711999604456093,new_midi_files\commons.wikimedia.org\Mozart\Rondo_Alla_Turka.mid,223.0,2,1,1,0,0,10.926057517482713,69.0,0.0,0.0,0.12432407681357939,0.25,0.08804907004352988,0.10378965272314966,8,2.681614349775785,1,0,0,0,0,0,0,0,0,0,0,0,0,0,0,0
Mozart,"String_Quartet_No._14,_movement_2.mid",160.49535603715177,1261,580,65.5107057890563,52.0,0.5094129989426381,127.0,5.744874715261959,0.07692307692307693,0.05789056304520222,0.17763679619349723,0.045995241871530534,0.07057890563045202,0.02141157811260904,0.09357652656621729,0.168913560666138,0.014274385408406027,0.12212529738302934,0.063441712926249,0.08723235527359238,2.307487831032171,0.0024238677783360862,0.7937633792814873,2.17039586919105,0.4595879556259905,0.7864003220673654,0.12717540098031044,0.2751781546394505,"new_midi_files\commons.wikimedia.org\Mozart\String_Quartet_No._14,_movement_2.mid",219.5,5,4,2,0,0,9.852726206332187,67.0,0.0,0.0,0.46087556841094296,0.5,0.1738095238095238,0.23233432275138485,6,2.9265138572513285,0,0,0,0,0,4,0,0,0,0,0,0,0,0,0,0
Mozart,Mozart__Fantasy_No._3_in_D_minor.mid,187.22627737226279,1009,600,64.92765113974232,56.0,0.46246448629005626,59.45094152626363,4.706303056687085,0.07333994053518335,0.05054509415262636,0.14469772051536176,0.03865213082259663,0.12586719524281467,0.09613478691774034,0.04162537165510406,0.09415262636273539,0.04261645193260654,0.17542120911793854,0.06838453914767097,0.048562933597621406,2.3589041173679988,0.0018614200529121839,0.8624984602781025,1.6788685524126457,0.594059405940594,0.31584825645085185,0.18537255185372553,0.2418233458872587,new_midi_files\midisheetmusic.com\Mozart\Mozart__Fantasy_No._3_in_D_minor.mid,214.39333333333335,2,2,1,0,0,10.498181376942982,65.0,14.856626382804606,82.0,0.43054783682772124,0.3999999999999986,0.19365079365079366,0.27743436822464823,5,2.1764980254361124,2,0,0,0,0,0,0,0,0,0,0,0,0,0,0,0
Mozart,Mozart__Rondo_Alla_Turca.mid,196.6292134831456,1608,711,66.76741293532338,50.0,0.3059701492537313,58.944651741293534,10.468920392584515,0.06654228855721393,0.1281094527363184,0.06654228855721393,0.018656716417910446,0.1958955223880597,0.020522388059701493,0.04975124378109453,0.01927860696517413,0.06778606965174129,0.2531094527363184,0.0012437810945273632,0.11256218905472637,2.1070730713603365,0.005438061557882231,0.7488683034576459,2.258426966292135,0.44188937228091985,0.29825879839531166,0.12220585051780336,0.2655469981345939,new_midi_files\midisheetmusic.com\Mozart\Mozart__Rondo_Alla_Turca.mid,153.5975,2,2,1,0,0,12.637921013202767,68.0,18.571464663680615,100.0,0.19494974248253674,0.29999999999999716,0.09446172993154948,0.12213285378679856,8,3.203177135044512,2,0,0,0,0,0,0,0,0,0,0,0,0,0,0,0
Mozart,Mozart__Sonata_K.545_in_C_major.mid,160.0,1344,992,68.13764880952381,53.0,0.3416666666666667,57.135416666666664,5.60007777885804,0.1488095238095238,0.011160714285714286,0.15327380952380953,0.005208333333333333,0.13392857142857142,0.09523809523809523,0.026041666666666668,0.17559523809523808,0.005952380952380952,0.11458333333333333,0.023809523809523808,0.10639880952380952,2.1483026571624615,0.0038355728576152676,0.777837218456455,1.353474320241692,0.737546468401487,0.3548783643892339,0.11895910780669144,0.07217254687507217,new_midi_files\midisheetmusic.com\Mozart\Mozart__Sonata_K.545_in_C_major.mid,239.99666666666667,2,2,1,0,0,9.882551925851008,67.0,14.929480916014025,87.0,0.30410550591884855,0.20000000000000284,0.1727475800446761,0.1445696829261635,5,1.9133599077764918,2,0,0,0,0,0,0,0,0,0,0,0,0,0,0,0
