source,composer,path,status,duplicate_of,recommended_split,total_duration,estimated_tempo,num_notes,notes_per_second
BigSynthPiano,Beethoven,..\data\new_midi_files\BigSynthPiano\midi\Beethoven_WoO80_var10_8bars_Score_8.mid,duplicate_of_candidate,..\data\new_midi_files\BigSynthPiano\midi\Beethoven_WoO80_var10_8bars_Score2_8.mid,,15.994452441666667,179.99991000004508,255,15.943027804797318
BigSynthPiano,Beethoven,..\data\new_midi_files\BigSynthPiano\midi\Beethoven_WoO80_var12_8bars_Score_9.mid,duplicate_of_candidate,..\data\new_midi_files\BigSynthPiano\midi\Beethoven_WoO80_var12_8bars_Score2_9.mid,,22.140386460416668,82.10525631579002,66,2.9809777764266685
BigSynthPiano,Beethoven,..\data\new_midi_files\BigSynthPiano\midi\Beethoven_WoO80_var17_8bars_Score_11.mid,duplicate_of_candidate,..\data\new_midi_files\BigSynthPiano\midi\Beethoven_WoO80_var17_8bars_Score2_11.mid,,14.39875,199.99999999999997,172,11.945481378591891
BigSynthPiano,Beethoven,..\data\new_midi_files\BigSynthPiano\midi\Beethoven_WoO80_var25_8bars_Score_14.mid,duplicate_of_candidate,..\data\new_midi_files\BigSynthPiano\midi\Beethoven_WoO80_var25_8bars_Score2_14.mid,,13.082965447916665,219.99981666681967,131,10.013020405924902
BigSynthPiano,Beethoven,..\data\new_midi_files\BigSynthPiano\midi\Beethoven_WoO80_var27_8bars_Score_15.mid,duplicate_of_candidate,..\data\new_midi_files\BigSynthPiano\midi\Beethoven_WoO80_var27_8bars_Score2_15.mid,,13.076147260416665,219.99981666681956,224,17.130428064088836
BigSynthPiano,Beethoven,..\data\new_midi_files\BigSynthPiano\midi\Beethoven_WoO80_var28_8bars_Score_16.mid,duplicate_of_candidate,..\data\new_midi_files\BigSynthPiano\midi\Beethoven_WoO80_var28_8bars_Score2_16.mid,,13.062510885416666,219.99981666681956,117,8.95693033493445
BigSynthPiano,Beethoven,..\data\new_midi_files\BigSynthPiano\midi\Beethoven_WoO80_var6_8bars_Score_5.mid,duplicate_of_candidate,..\data\new_midi_files\BigSynthPiano\midi\Beethoven_WoO80_var6_8bars_Score2_5.mid,,11.736458333333333,180.0,158,13.462323599893494
commons.wikimedia.org,Beethoven,..\data\new_midi_files\commons.wikimedia.org\Beethoven\Beethoven_-_Moonlight_Sonata_1st_Movement.mid,duplicate_of_midiclassics,..\data\midiclassics\Beethoven\Piano Sonatas\Piano Sonata n14 op27 1mov ''Moonlight''.mid,,361.9839022166672,141.04527229234452,1144,3.1603615326386896
commons.wikimedia.org,Beethoven,..\data\new_midi_files\commons.wikimedia.org\Beethoven\Beethoven_Op._33_no._4.mid,duplicate_of_midiclassics,..\data\midiclassics\Beethoven\Op33 No.4.mid | ..\data\midiclassics\Beethoven\Sonatina op33 4mov.mid,,172.0,220.12279163012158,1060,6.162790697674419
commons.wikimedia.org,Beethoven,..\data\new_midi_files\commons.wikimedia.org\Beethoven\Beethoven_Waldstein_1st_movement.mid,duplicate_of_midiclassics,..\data\midiclassics\Beethoven\Piano Sonatas\Piano Sonata n21 1mov ''Waldstein''.mid,,621.5064377249968,173.2845684598635,8573,13.793903778987673
commons.wikimedia.org,Beethoven,..\data\new_midi_files\commons.wikimedia.org\Beethoven\Beethoven_Waldstein_2nd_movement.mid,duplicate_of_midiclassics,..\data\midiclassics\Beethoven\Piano Sonatas\Piano Sonata n21 2mov ''Waldstein''.mid,,246.082407125,101.80588971335705,493,2.003393927098477
commons.wikimedia.org,Beethoven,..\data\new_midi_files\commons.wikimedia.org\Beethoven\Beethoven_Waldstein_3rd_movement.mid,duplicate_of_midiclassics,..\data\midiclassics\Beethoven\Piano Sonatas\Piano Sonata n21 3mov ''Waldstein''.mid,,579.5972556666671,179.26616898797138,7359,12.69674748810792
midi-classical-music,Beethoven,..\data\new_midi_files\midi-classical-music\data\beethoven-137.mid,duplicate_of_midiclassics,..\data\midiclassics\Beethoven\Sonata for Piano & Cello n2 op05.MID,,548.1284717499999,186.1884447255736,7280,13.281557837631158
midi-classical-music,Beethoven,..\data\new_midi_files\midi-classical-music\data\beethoven-32_variations_on_a_theme.mid,duplicate_of_midiclassics,..\data\midiclassics\Beethoven\32 Variations on a theme.mid,,618.9428055749989,195.84794803796157,7318,11.823386481084574
midi-classical-music,Beethoven,..\data\new_midi_files\midi-classical-music\data\beethoven-andante_in_f_major.mid,duplicate_of_midiclassics,..\data\midiclassics\Beethoven\Andante in F Major.mid,,250.5,161.1172363101802,4323,17.25748502994012
midi-classical-music,Beethoven,..\data\new_midi_files\midi-classical-music\data\beethoven-anh06_rondo.mid,duplicate_of_midiclassics,..\data\midiclassics\Beethoven\Anh06 Rondo.mid,,336.8752695,281.7091763420629,4438,13.174015434813626
midi-classical-music,Beethoven,..\data\new_midi_files\midi-classical-music\data\beethoven-anh08nb1_gavotte_4_hands.mid,duplicate_of_midiclassics,..\data\midiclassics\Beethoven\Anh08Nb1 Gavotte 4 hands.mid,,167.17611335833334,188.6304200169305,1571,9.397275534409887
midi-classical-music,Beethoven,..\data\new_midi_files\midi-classical-music\data\beethoven-bagatelle_fur_elise.mid,duplicate_of_midiclassics,..\data\midiclassics\Beethoven\Bagatella Fur Elise.mid,,131.09667836666665,204.42063411085428,950,7.246560415077245
midi-classical-music,Beethoven,..\data\new_midi_files\midi-classical-music\data\beethoven-bagatelle_op33_n1.mid,duplicate_of_midiclassics,..\data\midiclassics\Beethoven\Bagatella op33 n1.mid,,204.80967741666666,194.4298819811104,1663,8.119733505642792
midi-classical-music,Beethoven,..\data\new_midi_files\midi-classical-music\data\beethoven-bagatelle_op33_n2.mid,duplicate_of_midiclassics,"..\data\midiclassics\Beethoven\Bagatella op33 n2.mid | ..\data\midiclassics\Beethoven\Sieben Bagatellen, C Major, Opus.33, No.2.mid",,202.08313125,201.65105135310412,1869,9.248669042483476
midi-classical-music,Beethoven,..\data\new_midi_files\midi-classical-music\data\beethoven-bagatelle_op33_n3.mid,duplicate_of_midiclassics,"..\data\midiclassics\Beethoven\Bagatella op33 n3.mid | ..\data\midiclassics\Beethoven\Sieben Bagatellen, in F Major, Opus.33, No.3.mid",,99.575658,166.18721654692877,1019,10.233424719121615
midi-classical-music,Beethoven,..\data\new_midi_files\midi-classical-music\data\beethoven-bagatelle_op33_n4.mid,duplicate_of_midiclassics,"..\data\midiclassics\Beethoven\Bagatella op33 n4.mid | ..\data\midiclassics\Beethoven\Sieben Bagatellen, in A Major, Opus.33, No.4.mid",,97.237998,202.42764306088876,1074,11.045064913821035
midi-classical-music,Beethoven,..\data\new_midi_files\midi-classical-music\data\beethoven-bagatelle_op33_n5.mid,duplicate_of_midiclassics,"..\data\midiclassics\Beethoven\Bagatella op33 n5.mid | ..\data\midiclassics\Beethoven\Sieben Bagatellen, in C Major, Opus.33, No.5.mid",,143.08333333333331,193.57833655705974,2393,16.72451951077461
midi-classical-music,Beethoven,..\data\new_midi_files\midi-classical-music\data\beethoven-bagatelle_op33_n6.mid,duplicate_of_midiclassics,"..\data\midiclassics\Beethoven\Bagatella op33 n6.mid | ..\data\midiclassics\Beethoven\Sieben Bagatellen, in D Major, Opus.33, No.6.mid",,134.029878,181.6282831177393,1017,7.58786037244621
midi-classical-music,Beethoven,..\data\new_midi_files\midi-classical-music\data\beethoven-fur_elise.mid,duplicate_of_midiclassics,..\data\midiclassics\Beethoven\Fur Elise.mid,,157.61258591666663,183.00530940491342,2102,13.336498400650411
midi-classical-music,Beethoven,..\data\new_midi_files\midi-classical-music\data\beethoven-hess057_bagatelle.mid,duplicate_of_midiclassics,..\data\midiclassics\Beethoven\Hess057 Bagatella.mid,,45.588212500000004,198.40009920004957,408,8.949681894195784
midi-classical-music,Beethoven,..\data\new_midi_files\midi-classical-music\data\beethoven-hess059_exercizio_per_pianoforte.mid,duplicate_of_midiclassics,..\data\midiclassics\Beethoven\Hess059 Exercizio Per Pianoforte.mid,,31.973697,151.24746425348968,461,14.418101228644282
midi-classical-music,Beethoven,..\data\new_midi_files\midi-classical-music\data\beethoven-hess061_anglaise.mid,duplicate_of_midiclassics,..\data\midiclassics\Beethoven\Hess061 Anglaise.mid,,42.765966,187.99996240000743,357,8.347759524477945
midi-classical-music,Beethoven,..\data\new_midi_files\midi-classical-music\data\beethoven-hess063_keyboard_kaplied.mid,duplicate_of_midiclassics,..\data\midiclassics\Beethoven\Hess063 keyb Kaplied.mid,,27.580054233333335,198.06326352847728,141,5.112390237057148
midi-classical-music,Beethoven,..\data\new_midi_files\midi-classical-music\data\beethoven-hess073_bagatelle.mid,duplicate_of_midiclassics,..\data\midiclassics\Beethoven\Hess073 Bagatella.mid,,27.0000045,195.99996733333893,176,6.518517432098947
midi-classical-music,Beethoven,..\data\new_midi_files\midi-classical-music\data\beethoven-hess074_bagatelle.mid,duplicate_of_midiclassics,..\data\midiclassics\Beethoven\Hess074 Bagatella.mid,,41.5232398,205.29434955843095,534,12.860268191308137
midi-classical-music,Beethoven,..\data\new_midi_files\midi-classical-music\data\beethoven-hessa21_bagatelle.mid,duplicate_of_midiclassics,..\data\midiclassics\Beethoven\HessA21 Bagatella.mid,,63.7219936,166.0319992003383,393,6.167415327068487
midi-classical-music,Beethoven,..\data\new_midi_files\midi-classical-music\data\beethoven-lieder_op46_adelaide.mid,duplicate_of_midiclassics,..\data\midiclassics\Beethoven\Lieder op46 ''Adelaide''.mid,,441.0016184833334,200.938707458403,3725,8.44668101856587
midi-classical-music,Beethoven,..\data\new_midi_files\midi-classical-music\data\beethoven-lieder_op48_n1_bitten.mid,duplicate_of_midiclassics,..\data\midiclassics\Beethoven\Lieder op48 n1 ''Bitten''.mid,,112.65307999999999,92.76334331806878,489,4.340760146105193
midi-classical-music,Beethoven,..\data\new_midi_files\midi-classical-music\data\beethoven-lieder_op48_n2_die_liebe_des_nachsten.mid,duplicate_of_midiclassics,..\data\midiclassics\Beethoven\Lieder op48 n2 ''Die Liebe Des Nachsten''.mid,,54.923021999999996,260.00026000026,310,5.64426334734458
midi-classical-music,Beethoven,..\data\new_midi_files\midi-classical-music\data\beethoven-lieder_op48_n3_vom_tode.mid,duplicate_of_midiclassics,..\data\midiclassics\Beethoven\Lieder op48 n3 ''Vom Tode''.mid,,110.25,66.66666666666667,409,3.709750566893424
midi-classical-music,Beethoven,..\data\new_midi_files\midi-classical-music\data\beethoven-lieder_op48_n4_die_ehre_gottes_aus_der_natur.mid,duplicate_of_midiclassics,..\data\midiclassics\Beethoven\Lieder op48 n4 ''Die Ehre Gottes Aus Der Natur''.mid,,124.28101674999999,84.80147437241514,708,5.696767040651042
midi-classical-music,Beethoven,..\data\new_midi_files\midi-classical-music\data\beethoven-lieder_op48_n5_gottes_macht_und_vorsehung.mid,duplicate_of_midiclassics,..\data\midiclassics\Beethoven\Lieder op48 n5 ''Gottes Macht Und Vorsehung''.mid,,32.142825,122.50012250012249,196,6.097783875561653
midi-classical-music,Beethoven,..\data\new_midi_files\midi-classical-music\data\beethoven-lieder_op48_n6_busslied.mid,duplicate_of_midiclassics,..\data\midiclassics\Beethoven\Lieder op48 n6 ''Busslied''.mid,,260.5006142083333,191.81061938265447,1977,7.589233545602737
midi-classical-music,Beethoven,..\data\new_midi_files\midi-classical-music\data\beethoven-lieder_op82_n1_dimmi_den_mio_che_mi_ami.mid,duplicate_of_midiclassics,..\data\midiclassics\Beethoven\Lieder op82 n1 ''Dimmi Den Mio Che Mi Ami''.mid,,107.65656478333331,212.82155499837697,1202,11.165134262077865
midi-classical-music,Beethoven,..\data\new_midi_files\midi-classical-music\data\beethoven-lieder_op99_der_mann_von_wort.mid,duplicate_of_midiclassics,..\data\midiclassics\Beethoven\Lieder op99 ''Der Mann Von Wort''.mid,,115.94597300000001,133.1999689200073,817,7.046385302230376
midi-classical-music,Beethoven,..\data\new_midi_files\midi-classical-music\data\beethoven-march_no3.mid,duplicate_of_midiclassics,..\data\midiclassics\Beethoven\March No.3.mid,,624.746837497915,218.70080000320985,10415,16.6707526551261
midi-classical-music,Beethoven,..\data\new_midi_files\midi-classical-music\data\beethoven-minuetto.mid,duplicate_of_midiclassics,..\data\midiclassics\Beethoven\Minuetto.mid,,54.32344691666667,167.42743889964035,352,6.479706645640059
midi-classical-music,Beethoven,..\data\new_midi_files\midi-classical-music\data\beethoven-op051_3_rondos.mid,duplicate_of_midiclassics,..\data\midiclassics\Beethoven\op051 3 Rondos.mid,,1063.0281744145934,185.01366857698247,6664,6.268883704488685
midi-classical-music,Beethoven,..\data\new_midi_files\midi-classical-music\data\beethoven-op077_fantaisie.mid,duplicate_of_midiclassics,..\data\midiclassics\Beethoven\op077 Fantaisie.mid,,504.79944980833307,185.90131197191695,4879,9.665224480439715
midi-classical-music,Beethoven,..\data\new_midi_files\midi-classical-music\data\beethoven-op089_polonaise.mid,duplicate_of_midiclassics,..\data\midiclassics\Beethoven\op089 Polonaise.mid,,330.8564958776043,197.63577684014152,4458,13.474119612417024
midi-classical-music,Beethoven,..\data\new_midi_files\midi-classical-music\data\beethoven-op119_douze_bagatelles.mid,duplicate_of_midiclassics,..\data\midiclassics\Beethoven\op119 Douze Bagatellas.mid,,831.5000899687496,188.7990591582521,5757,6.923631241238189
midi-classical-music,Beethoven,..\data\new_midi_files\midi-classical-music\data\beethoven-op126_six_bagatelles.mid,duplicate_of_midiclassics,..\data\midiclassics\Beethoven\op126 Six Bagatellas.mid,,908.273976968749,199.29654894694457,6010,6.616946155451491
midi-classical-music,Beethoven,..\data\new_midi_files\midi-classical-music\data\beethoven-op33_no4.mid,duplicate_of_midiclassics,..\data\midiclassics\Beethoven\Op33 No.4.mid | ..\data\midiclassics\Beethoven\Sonatina op33 4mov.mid,,172.0,220.12279163012175,1060,6.162790697674419
midi-classical-music,Beethoven,..\data\new_midi_files\midi-classical-music\data\beethoven-op51.mid,duplicate_of_midiclassics,..\data\midiclassics\Beethoven\Op.51.mid,,269.45,225.27330952994467,2702,10.027834477639637
midi-classical-music,Beethoven,..\data\new_midi_files\midi-classical-music\data\beethoven-opus045_three_grandes_marches.mid,duplicate_of_midiclassics,..\data\midiclassics\Beethoven\Opus045 Three Grandes Marches.mid,,623.4046450104149,218.94627128297896,10495,16.834972411578143
midi-classical-music,Beethoven,..\data\new_midi_files\midi-classical-music\data\beethoven-overture_corolian_op62.mid,duplicate_of_midiclassics,..\data\midiclassics\Beethoven\Overture ''Corolian'' op62.mid,,462.61565420000176,199.59419110848535,10842,23.436301607106227
midi-classical-music,Beethoven,..\data\new_midi_files\midi-classical-music\data\beethoven-overture_creatures_of_prometheus_op43.mid,duplicate_of_midiclassics,..\data\midiclassics\Beethoven\Overture ''Creatures Of Prometeus'' op43.mid,,287.92274299999997,151.74231949978665,9603,33.352696976772
midi-classical-music,Beethoven,..\data\new_midi_files\midi-classical-music\data\beethoven-overture_egmont.mid,duplicate_of_midiclassics,..\data\midiclassics\Beethoven\Overture ''Egmont''.mid,,486.663472325,181.31278547668006,12755,26.209076138514973
midi-classical-music,Beethoven,..\data\new_midi_files\midi-classical-music\data\beethoven-overture_fidelio_op72b.mid,duplicate_of_midiclassics,..\data\midiclassics\Beethoven\Overture ''Fidelio'' op72b.mid,,365.0780024166658,203.46342458202844,13251,36.296352867836035
midi-classical-music,Beethoven,..\data\new_midi_files\midi-classical-music\data\beethoven-overture_inauguration_of_the_house_op214.mid,duplicate_of_midiclassics,..\data\midiclassics\Beethoven\Overture ''Inauguration of the House'' op214.mid,,641.7492816833335,271.10744042148093,25315,39.44686924089383
midi-classical-music,Beethoven,..\data\new_midi_files\midi-classical-music\data\beethoven-overture_king_stephen.mid,duplicate_of_midiclassics,..\data\midiclassics\Beethoven\Overture ''King Stephen''.mid,,442.50637948333355,214.45786270501048,17601,39.77569774372692
midi-classical-music,Beethoven,..\data\new_midi_files\midi-classical-music\data\beethoven-overture_leonore_no2_op72.mid,duplicate_of_midiclassics,..\data\midiclassics\Beethoven\Overture ''Leonore'' n2 op72.mid,,784.8103089583313,214.87482265322845,20394,25.985897187141557
midi-classical-music,Beethoven,..\data\new_midi_files\midi-classical-music\data\beethoven-overture_leonore_no3_op72.mid,duplicate_of_midiclassics,..\data\midiclassics\Beethoven\Overture ''Leonore'' n3 op72.mid,,819.7730247916711,202.45137041550745,21885,26.696413931846116
midi-classical-music,Beethoven,..\data\new_midi_files\midi-classical-music\data\beethoven-overture_leonore_op138_no1.mid,duplicate_of_midiclassics,..\data\midiclassics\Beethoven\Overture ''Leonore'' op138 n1.mid,,581.1668133333329,219.16037179942475,12965,22.30856907612827
midi-classical-music,Beethoven,..\data\new_midi_files\midi-classical-music\data\beethoven-piano_concerto_no1_op15_1mov.mid,duplicate_of_midiclassics,..\data\midiclassics\Beethoven\Piano Concerto n1 op15 1mov.mid,,888.2074670000003,236.93512022275448,16895,19.02145684168178
midi-classical-music,Beethoven,..\data\new_midi_files\midi-classical-music\data\beethoven-piano_concerto_no1_op15_2mov.mid,duplicate_of_midiclassics,..\data\midiclassics\Beethoven\Piano Concerto n1 op15 2mov.mid,,482.48896599999995,203.88190515217806,5692,11.79716097383251
midi-classical-music,Beethoven,..\data\new_midi_files\midi-classical-music\data\beethoven-piano_concerto_no1_op15_3mov.mid,duplicate_of_midiclassics,..\data\midiclassics\Beethoven\Piano Concerto n1 op15 3mov.mid,,570.3535140000001,246.5597754195441,15118,26.506367768253984
midi-classical-music,Beethoven,..\data\new_midi_files\midi-classical-music\data\beethoven-piano_concerto_no2_op19_1mov.mid,duplicate_of_midiclassics,..\data\midiclassics\Beethoven\Piano Concerto n2 op19 1mov.mid,,786.9069635333323,208.805102256168,14150,17.981795378279973
midi-classical-music,Beethoven,..\data\new_midi_files\midi-classical-music\data\beethoven-piano_concerto_no2_op19_2mov.mid,duplicate_of_midiclassics,..\data\midiclassics\Beethoven\Piano Concerto n2 op19 2mov.mid,,245.91768099999996,230.4862291000917,3987,16.21274234445957
midi-classical-music,Beethoven,..\data\new_midi_files\midi-classical-music\data\beethoven-piano_concerto_no2_op19_3mov.mid,duplicate_of_midiclassics,..\data\midiclassics\Beethoven\Piano Concerto n2 op19 3mov.mid,,355.1120409999999,168.0934252751832,8240,23.203944244740498
midi-classical-music,Beethoven,..\data\new_midi_files\midi-classical-music\data\beethoven-piano_concerto_no3_op37_1mov.mid,duplicate_of_midiclassics,..\data\midiclassics\Beethoven\Piano Concerto n3 op37 1mov.mid,,918.4963207999998,243.32940876743746,18917,20.595618699401548
midi-classical-music,Beethoven,..\data\new_midi_files\midi-classical-music\data\beethoven-piano_concerto_no3_op37_2mov.mid,duplicate_of_midiclassics,..\data\midiclassics\Beethoven\Piano Concerto n3 op37 2mov.mid,,313.1526756166668,174.08956964776243,3818,12.192135968442596
midi-classical-music,Beethoven,..\data\new_midi_files\midi-classical-music\data\beethoven-piano_concerto_no3_op37_3mov.mid,duplicate_of_midiclassics,..\data\midiclassics\Beethoven\Piano Concerto n3 op37 3mov.mid,,455.68217164166697,229.52914660274087,14520,31.864314435847703
midi-classical-music,Beethoven,..\data\new_midi_files\midi-classical-music\data\beethoven-piano_concerto_no4_op58_1mov.mid,duplicate_of_midiclassics,..\data\midiclassics\Beethoven\Piano Concerto n4 op58 1mov.mid,,1045.9008861333334,198.5050608734644,19125,18.285671475721372
midi-classical-music,Beethoven,..\data\new_midi_files\midi-classical-music\data\beethoven-piano_concerto_no4_op58_2mov.mid,duplicate_of_midiclassics,..\data\midiclassics\Beethoven\Piano Concerto n4 op58 2mov.mid,,231.42530895833337,182.40866891834082,1678,7.250719498022202
midi-classical-music,Beethoven,..\data\new_midi_files\midi-classical-music\data\beethoven-piano_concerto_no4_op58_3mov.mid,duplicate_of_midiclassics,..\data\midiclassics\Beethoven\Piano Concerto n4 op58 3mov.mid,,552.8420231250013,232.59611301607828,13073,23.646899933734066
midi-classical-music,Beethoven,..\data\new_midi_files\midi-classical-music\data\beethoven-piano_concerto_no5_mov1.mid,duplicate_of_midiclassics,"..\data\midiclassics\Beethoven\Piano Concerto No5,Mov.1.mid",,1129.310826366666,233.60793190332268,26014,23.035287887653475
midi-classical-music,Beethoven,..\data\new_midi_files\midi-classical-music\data\beethoven-piano_concerto_no5_mov3.mid,duplicate_of_midiclassics,"..\data\midiclassics\Beethoven\Piano Concerto No5,Mov.3.mid",,601.9531908500007,244.893289578604,16539,27.47555831815719
midi-classical-music,Beethoven,..\data\new_midi_files\midi-classical-music\data\beethoven-piano_concerto_no5_op73_1mov_emperor.mid,duplicate_of_midiclassics,..\data\midiclassics\Beethoven\Piano Concerto n5 op73 1mov ''Emperor''.mid,,1225.9136724000002,220.44817065716185,29540,24.096313357994323
midi-classical-music,Beethoven,..\data\new_midi_files\midi-classical-music\data\beethoven-piano_concerto_no5_op73_2_3mov_emperor.mid,duplicate_of_midiclassics,..\data\midiclassics\Beethoven\Piano Concerto n5 op73 2-3mov ''Emperor''.mid,,1108.8457434583347,235.63340931023924,20530,18.51474844099577
midi-classical-music,Beethoven,..\data\new_midi_files\midi-classical-music\data\beethoven-piano_romance_no50.mid,duplicate_of_midiclassics,..\data\midiclassics\Beethoven\Piano Romance  No.50.mid,,530.3520566250003,198.12797123086082,3525,6.646528388014617
midi-classical-music,Beethoven,..\data\new_midi_files\midi-classical-music\data\beethoven-piano_sonata_no27.mid,duplicate_of_midiclassics,..\data\midiclassics\Beethoven\Piano Sonata No.27.mid,,91.58800000000001,208.4327541195295,1443,15.755339127396601
midi-classical-music,Beethoven,..\data\new_midi_files\midi-classical-music\data\beethoven-piano_sonata_no27_3rd_mov.mid,duplicate_of_midiclassics,"..\data\midiclassics\Beethoven\Piano Sonata No.27,  3rd mov.mid",,414.9311825000001,181.41357192572485,6517,15.706218946318884
midi-classical-music,Beethoven,..\data\new_midi_files\midi-classical-music\data\beethoven-piano_sonata_no28_in_b_flat_hammerklavier_op106_2nd_mov_scherzo.mid,duplicate_of_midiclassics,"..\data\midiclassics\Beethoven\Piano Sonata No 28 in B flat -Hammerklavier- Op.106, 2nd Mov Scherzo.mid | ..\data\midiclassics\Beethoven\Piano Sonata No2 Assai vivace.mid",,150.84936554166683,210.81892350565604,1888,12.515796756722231
midi-classical-music,Beethoven,..\data\new_midi_files\midi-classical-music\data\beethoven-piano_sonata_no2_assai_vivace.mid,duplicate_of_midiclassics,"..\data\midiclassics\Beethoven\Piano Sonata No 28 in B flat -Hammerklavier- Op.106, 2nd Mov Scherzo.mid | ..\data\midiclassics\Beethoven\Piano Sonata No2 Assai vivace.mid",,150.84936554166683,210.81892350565604,1888,12.515796756722231
midi-classical-music,Beethoven,..\data\new_midi_files\midi-classical-music\data\beethoven-piano_sonatas-piano_sonata_n01.mid,duplicate_of_midiclassics,..\data\midiclassics\Beethoven\Piano Sonatas\Piano Sonata n01.mid,,861.4073896354173,189.0638877421881,7332,8.511652080327755
midi-classical-music,Beethoven,..\data\new_midi_files\midi-classical-music\data\beethoven-piano_sonatas-piano_sonata_n02.mid,duplicate_of_midiclassics,..\data\midiclassics\Beethoven\Piano Sonatas\Piano Sonata n02.mid,,1243.8248561875016,229.45977080021424,9340,7.509095797159429
midi-classical-music,Beethoven,..\data\new_midi_files\midi-classical-music\data\beethoven-piano_sonatas-piano_sonata_n03.mid,duplicate_of_midiclassics,..\data\midiclassics\Beethoven\Piano Sonatas\Piano Sonata n03.mid,,1489.6845186479152,189.83263983476624,11915,7.998337802969471
midi-classical-music,Beethoven,..\data\new_midi_files\midi-classical-music\data\beethoven-piano_sonatas-piano_sonata_n04.mid,duplicate_of_midiclassics,..\data\midiclassics\Beethoven\Piano Sonatas\Piano Sonata n04.mid,,1281.9909186562504,167.5093819688877,12248,9.553889830076203
midi-classical-music,Beethoven,..\data\new_midi_files\midi-classical-music\data\beethoven-piano_sonatas-piano_sonata_n05.mid,duplicate_of_midiclassics,..\data\midiclassics\Beethoven\Piano Sonatas\Piano Sonata n05.mid,,1047.229054641667,171.89450603037056,7229,6.902978835392955
midi-classical-music,Beethoven,..\data\new_midi_files\midi-classical-music\data\beethoven-piano_sonatas-piano_sonata_n06.mid,duplicate_of_midiclassics,..\data\midiclassics\Beethoven\Piano Sonatas\Piano Sonata n06.mid,,549.724925527083,190.36201122599886,7171,13.044705937472923
midi-classical-music,Beethoven,..\data\new_midi_files\midi-classical-music\data\beethoven-piano_sonatas-piano_sonata_n07.mid,duplicate_of_midiclassics,..\data\midiclassics\Beethoven\Piano Sonatas\Piano Sonata n07.mid,,1364.7792388395812,160.87323425391796,9201,6.741749682405231
midi-classical-music,Beethoven,..\data\new_midi_files\midi-classical-music\data\beethoven-piano_sonatas-piano_sonata_n08_op13_1mov_pathetique.mid,duplicate_of_midiclassics,..\data\midiclassics\Beethoven\Piano Sonatas\Piano Sonata n08 op13 1mov ''Pathetique''.mid,,498.6432980000002,171.69839490702532,5890,11.812050866068189
midi-classical-music,Beethoven,..\data\new_midi_files\midi-classical-music\data\beethoven-piano_sonatas-piano_sonata_n08_op13_2mov_pathetique.mid,duplicate_of_midiclassics,..\data\midiclassics\Beethoven\Piano Sonatas\Piano Sonata n08 op13 2mov ''Pathetique''.mid,,290.8768454333334,196.95553410723062,1637,5.6278113081200445
midi-classical-music,Beethoven,..\data\new_midi_files\midi-classical-music\data\beethoven-piano_sonatas-piano_sonata_n08_op13_3mov_pathetique.mid,duplicate_of_midiclassics,..\data\midiclassics\Beethoven\Piano Sonatas\Piano Sonata n08 op13 3mov ''Pathetique''.mid,,272.39252423333335,207.83310943640666,2391,8.777773937554368
midi-classical-music,Beethoven,..\data\new_midi_files\midi-classical-music\data\beethoven-piano_sonatas-piano_sonata_n09.mid,duplicate_of_midiclassics,..\data\midiclassics\Beethoven\Piano Sonatas\Piano Sonata n09.mid,,651.3169484479163,210.87110488726876,5706,8.76071168360866
midi-classical-music,Beethoven,..\data\new_midi_files\midi-classical-music\data\beethoven-piano_sonatas-piano_sonata_n10.mid,duplicate_of_midiclassics,..\data\midiclassics\Beethoven\Piano Sonatas\Piano Sonata n10.mid,,892.3582478333333,208.97453954502475,7428,8.324011144666795
midi-classical-music,Beethoven,..\data\new_midi_files\midi-classical-music\data\beethoven-piano_sonatas-piano_sonata_n10_1mov.mid,duplicate_of_midiclassics,..\data\midiclassics\Beethoven\Piano Sonatas\Piano Sonata n10 1mov.mid,,355.2447620666669,210.9241050510915,3395,9.556791155059672
midi-classical-music,Beethoven,..\data\new_midi_files\midi-classical-music\data\beethoven-piano_sonatas-piano_sonata_n10_2mov.mid,duplicate_of_midiclassics,..\data\midiclassics\Beethoven\Piano Sonatas\Piano Sonata n10 2mov.mid,,317.2451500083333,193.0303287676827,2049,6.458727580062854
midi-classical-music,Beethoven,..\data\new_midi_files\midi-classical-music\data\beethoven-piano_sonatas-piano_sonata_n11.mid,duplicate_of_midiclassics,..\data\midiclassics\Beethoven\Piano Sonatas\Piano Sonata n11.mid,,1389.973535427094,204.2377945787747,12752,9.174275390848878
midi-classical-music,Beethoven,..\data\new_midi_files\midi-classical-music\data\beethoven-piano_sonatas-piano_sonata_n12_op26.mid,duplicate_of_midiclassics,..\data\midiclassics\Beethoven\Piano Sonatas\Piano Sonata n12 op26.mid,,1011.3325850833345,285.26827556253386,9053,8.951555733027257
midi-classical-music,Beethoven,..\data\new_midi_files\midi-classical-music\data\beethoven-piano_sonatas-piano_sonata_n13.mid,duplicate_of_midiclassics,..\data\midiclassics\Beethoven\Piano Sonatas\Piano Sonata n13.mid,,799.143617012497,256.88632804793747,8347,10.444931076599552
midi-classical-music,Beethoven,..\data\new_midi_files\midi-classical-music\data\beethoven-piano_sonatas-piano_sonata_n14_op27_1mov_moonlight.mid,duplicate_of_midiclassics,..\data\midiclassics\Beethoven\Piano Sonatas\Piano Sonata n14 op27 1mov ''Moonlight''.mid,,361.9839022166672,141.04527229234452,1144,3.1603615326386896
midi-classical-music,Beethoven,..\data\new_midi_files\midi-classical-music\data\beethoven-piano_sonatas-piano_sonata_n14_op27_2mov_moonlight.mid,duplicate_of_midiclassics,..\data\midiclassics\Beethoven\Piano Sonatas\Piano Sonata n14 op27 2mov ''Moonlight''.mid,,124.19588765,181.4998190279799,895,7.2063577702526285
midi-classical-music,Beethoven,..\data\new_midi_files\midi-classical-music\data\beethoven-piano_sonatas-piano_sonata_n14_op27_3mov_moonlight.mid,duplicate_of_midiclassics,..\data\midiclassics\Beethoven\Piano Sonatas\Piano Sonata n14 op27 3mov ''Moonlight''.mid,,410.35698690833357,173.03477418379154,6532,15.91784765068258
midi-classical-music,Beethoven,..\data\new_midi_files\midi-classical-music\data\beethoven-piano_sonatas-piano_sonata_n14_op27_moonlight.mid,duplicate_of_midiclassics,..\data\midiclassics\Beethoven\Piano Sonatas\Piano Sonata n14 op27  ''Moonlight''.mid,,848.0117210000003,176.12572190819566,8613,10.156699237415372
midi-classical-music,Beethoven,..\data\new_midi_files\midi-classical-music\data\beethoven-piano_sonatas-piano_sonata_n15_2mov_pastoral.mid,duplicate_of_midiclassics,..\data\midiclassics\Beethoven\Piano Sonatas\Piano Sonata n15 2mov ''Pastoral''.mid,,391.01477100000005,155.54104949925716,2390,6.112301061895177
midi-classical-music,Beethoven,..\data\new_midi_files\midi-classical-music\data\beethoven-piano_sonatas-piano_sonata_n15_3mov_pastoral.mid,duplicate_of_midiclassics,..\data\midiclassics\Beethoven\Piano Sonatas\Piano Sonata n15 3mov ''Pastoral''.mid,,115.2217425625,169.66209763616237,1212,10.518848032024616
midi-classical-music,Beethoven,..\data\new_midi_files\midi-classical-music\data\beethoven-piano_sonatas-piano_sonata_n15_pastoral.mid,duplicate_of_midiclassics,..\data\midiclassics\Beethoven\Piano Sonatas\Piano Sonata n15 ''Pastoral''.mid,,1471.3009020541715,190.41421907378015,11581,7.871265479298674
midi-classical-music,Beethoven,..\data\new_midi_files\midi-classical-music\data\beethoven-piano_sonatas-piano_sonata_n16.mid,duplicate_of_midiclassics,..\data\midiclassics\Beethoven\Piano Sonatas\Piano Sonata n16.mid,,1183.7978451083313,193.87689124616875,12239,10.338758471789571
midi-classical-music,Beethoven,..\data\new_midi_files\midi-classical-music\data\beethoven-piano_sonatas-piano_sonata_n17_tempestat.mid,duplicate_of_midiclassics,..\data\midiclassics\Beethoven\Piano Sonatas\Piano Sonata n17 ''Tempestat''.mid,,1072.3852240437516,221.10826663018048,7905,7.371418239232928
midi-classical-music,Beethoven,..\data\new_midi_files\midi-classical-music\data\beethoven-piano_sonatas-piano_sonata_n18_the_hunt.mid,duplicate_of_midiclassics,..\data\midiclassics\Beethoven\Piano Sonatas\Piano Sonata n18 ''The Hunt''.mid,,908.4173546375029,243.97448279951124,8972,9.876517609662146
midi-classical-music,Beethoven,..\data\new_midi_files\midi-classical-music\data\beethoven-piano_sonatas-piano_sonata_n19.mid,duplicate_of_midiclassics,..\data\midiclassics\Beethoven\Piano Sonatas\Piano Sonata n19.mid,,455.9233505104167,263.2727750371028,3362,7.374046528295082
midi-classical-music,Beethoven,..\data\new_midi_files\midi-classical-music\data\beethoven-piano_sonatas-piano_sonata_n20.mid,duplicate_of_midiclassics,..\data\midiclassics\Beethoven\Piano Sonatas\Piano Sonata n20.mid,,429.5267598333331,209.32480524439907,2937,6.837757910914859
midi-classical-music,Beethoven,..\data\new_midi_files\midi-classical-music\data\beethoven-piano_sonatas-piano_sonata_n21_1mov_waldstein.mid,duplicate_of_midiclassics,..\data\midiclassics\Beethoven\Piano Sonatas\Piano Sonata n21 1mov ''Waldstein''.mid,,621.5064377249968,173.2845684598635,8573,13.793903778987673
midi-classical-music,Beethoven,..\data\new_midi_files\midi-classical-music\data\beethoven-piano_sonatas-piano_sonata_n21_2mov_waldstein.mid,duplicate_of_midiclassics,..\data\midiclassics\Beethoven\Piano Sonatas\Piano Sonata n21 2mov ''Waldstein''.mid,,246.082407125,101.80588971335705,493,2.003393927098477
midi-classical-music,Beethoven,..\data\new_midi_files\midi-classical-music\data\beethoven-piano_sonatas-piano_sonata_n21_3mov_waldstein.mid,duplicate_of_midiclassics,..\data\midiclassics\Beethoven\Piano Sonatas\Piano Sonata n21 3mov ''Waldstein''.mid,,579.5972556666671,179.26616898797138,7359,12.69674748810792
midi-classical-music,Beethoven,..\data\new_midi_files\midi-classical-music\data\beethoven-piano_sonatas-piano_sonata_n22.mid,duplicate_of_midiclassics,..\data\midiclassics\Beethoven\Piano Sonatas\Piano Sonata n22.mid,,493.5484150354143,220.494073646703,5802,11.755685609047454
midi-classical-music,Beethoven,..\data\new_midi_files\midi-classical-music\data\beethoven-piano_sonatas-piano_sonata_n23_op57_1mov_apassionata.mid,duplicate_of_midiclassics,..\data\midiclassics\Beethoven\Piano Sonatas\Piano Sonata n23 op57 1mov ''Apassionata''.mid,,558.1766815208332,176.79109048555685,6377,11.424697969511984
midi-classical-music,Beethoven,..\data\new_midi_files\midi-classical-music\data\beethoven-piano_sonatas-piano_sonata_n23_op57_2mov_apassionata.mid,duplicate_of_midiclassics,..\data\midiclassics\Beethoven\Piano Sonatas\Piano Sonata n23 op57 2mov ''Apassionata''.mid,,369.88355275000015,193.1243366959805,1981,5.355739624732474
midi-classical-music,Beethoven,..\data\new_midi_files\midi-classical-music\data\beethoven-piano_sonatas-piano_sonata_n23_op57_3mov_apassionata.mid,duplicate_of_midiclassics,..\data\midiclassics\Beethoven\Piano Sonatas\Piano Sonata n23 op57 3mov ''Apassionata''.mid,,465.00277304999923,265.2596375198475,7223,15.533240700100835
midi-classical-music,Beethoven,..\data\new_midi_files\midi-classical-music\data\beethoven-piano_sonatas-piano_sonata_n24.mid,duplicate_of_midiclassics,..\data\midiclassics\Beethoven\Piano Sonatas\Piano Sonata n24.mid,,436.34827116666645,183.95012930872122,4619,10.585581071858398
midi-classical-music,Beethoven,..\data\new_midi_files\midi-classical-music\data\beethoven-piano_sonatas-piano_sonata_n25.mid,duplicate_of_midiclassics,..\data\midiclassics\Beethoven\Piano Sonatas\Piano Sonata n25.mid,,415.7076697083333,198.25187667971707,4260,10.247585768597629
midi-classical-music,Beethoven,..\data\new_midi_files\midi-classical-music\data\beethoven-piano_sonatas-piano_sonata_n26_les_adieux.mid,duplicate_of_midiclassics,..\data\midiclassics\Beethoven\Piano Sonatas\Piano sonata n26 ''Les Adieux''.mid,,799.0127908270821,173.62587210647882,7416,9.281453419942721
midi-classical-music,Beethoven,..\data\new_midi_files\midi-classical-music\data\beethoven-piano_sonatas-piano_sonata_n27.mid,duplicate_of_midiclassics,..\data\midiclassics\Beethoven\Piano Sonatas\Piano Sonata n27.mid,,716.4216344666654,162.87119630218228,6643,9.272472634003202
midi-classical-music,Beethoven,..\data\new_midi_files\midi-classical-music\data\beethoven-piano_sonatas-piano_sonata_n28.mid,duplicate_of_midiclassics,..\data\midiclassics\Beethoven\Piano Sonatas\Piano Sonata n28.mid,,952.9894750958298,232.3075253112403,8467,8.884673148303746
midi-classical-music,Beethoven,..\data\new_midi_files\midi-classical-music\data\beethoven-piano_sonatas-piano_sonata_n29_op106_hammerklavier.mid,duplicate_of_midiclassics,..\data\midiclassics\Beethoven\Piano Sonatas\Piano Sonata n29 Op106 ''Hammerklavier''.mid,,2499.9681628125018,235.95179909622223,24208,9.683323315912006
midi-classical-music,Beethoven,..\data\new_midi_files\midi-classical-music\data\beethoven-piano_sonatas-piano_sonata_n30.mid,duplicate_of_midiclassics,..\data\midiclassics\Beethoven\Piano Sonatas\Piano Sonata n30.mid,,918.9623383020852,189.9517595308173,8713,9.48134611925285
midi-classical-music,Beethoven,..\data\new_midi_files\midi-classical-music\data\beethoven-piano_sonatas-piano_sonata_n31_op110.mid,duplicate_of_midiclassics,..\data\midiclassics\Beethoven\Piano Sonatas\Piano Sonata n31 op110.mid,,1151.7275933708356,176.80218866603644,8075,7.011206509662911
midi-classical-music,Beethoven,..\data\new_midi_files\midi-classical-music\data\beethoven-piano_sonatas-piano_sonata_n32_op111.mid,duplicate_of_midiclassics,..\data\midiclassics\Beethoven\Piano Sonatas\Piano sonata n32 op111.mid,,1260.4536849395834,204.43007524524873,13470,10.686628283883076
midi-classical-music,Beethoven,..\data\new_midi_files\midi-classical-music\data\beethoven-piano_sonatina_in_g_op79.mid,duplicate_of_midiclassics,..\data\midiclassics\Beethoven\Piano Sonatina in G Op79.mid,,625.49375,191.02023459371395,5930,9.480510396786539
midi-classical-music,Beethoven,..\data\new_midi_files\midi-classical-music\data\beethoven-piano_sonatina_no2_op_49.mid,duplicate_of_midiclassics,..\data\midiclassics\Beethoven\Piano Sonatina No.2 Op 49.mid | ..\data\midiclassics\Beethoven\Sonata Presto.mid,,270.7,277.80218187746505,3422,12.64130033247137
midi-classical-music,Beethoven,..\data\new_midi_files\midi-classical-music\data\beethoven-preludes_2_through_major_keys_39.mid,duplicate_of_midiclassics,..\data\midiclassics\Beethoven\Preludes 2 Through Major keys 39.mid,,617.5089010312494,131.24683284540697,2546,4.123017491323835
midi-classical-music,Beethoven,..\data\new_midi_files\midi-classical-music\data\beethoven-rage_over_a_lost_pennny.mid,duplicate_of_midiclassics,..\data\midiclassics\Beethoven\Rage over a lost pennny.mid,,402.1281693,274.1312924647218,5595,13.913474427169406
midi-classical-music,Beethoven,..\data\new_midi_files\midi-classical-music\data\beethoven-romance_pianomid.mid,duplicate_of_midiclassics,..\data\midiclassics\Beethoven\Romance piano.mid,,529.7093981249994,198.12786122085643,3525,6.6545921451976575
midi-classical-music,Beethoven,..\data\new_midi_files\midi-classical-music\data\beethoven-rondo_in_b_flat.mid,duplicate_of_midiclassics,..\data\midiclassics\Beethoven\Rondo in B flat.mid,,337.8222834895833,276.2236537358363,4393,13.003878709900016
midi-classical-music,Beethoven,..\data\new_midi_files\midi-classical-music\data\beethoven-rondo_opus51_no1.mid,duplicate_of_midiclassics,"..\data\midiclassics\Beethoven\Rondo Opus.51, No.1.mid",,228.70089,243.48396557544862,2689,11.757715503424583
midi-classical-music,Beethoven,..\data\new_midi_files\midi-classical-music\data\beethoven-rondo_opus51_no2.mid,duplicate_of_midiclassics,"..\data\midiclassics\Beethoven\Rondo Opus.51, No.2.mid",,330.17782124999997,180.1079286201566,3991,12.087426056937192
midi-classical-music,Beethoven,..\data\new_midi_files\midi-classical-music\data\beethoven-sechs_variationen.mid,duplicate_of_midiclassics,..\data\midiclassics\Beethoven\Sechs Variationen.mid,,272.363364,218.85840373706813,2479,9.101811505015778
midi-classical-music,Beethoven,..\data\new_midi_files\midi-classical-music\data\beethoven-seven_inversions_of_god_save_the_king.mid,duplicate_of_midiclassics,..\data\midiclassics\Beethoven\Seven Inversions of God Save the King.mid,,448.44233144166657,229.0860140171288,3774,8.415797830385962
midi-classical-music,Beethoven,..\data\new_midi_files\midi-classical-music\data\beethoven-sieben_bagatellen_c_major_opus33_no2.mid,duplicate_of_midiclassics,"..\data\midiclassics\Beethoven\Bagatella op33 n2.mid | ..\data\midiclassics\Beethoven\Sieben Bagatellen, C Major, Opus.33, No.2.mid",,202.08313125,201.65105135310412,1869,9.248669042483476
midi-classical-music,Beethoven,..\data\new_midi_files\midi-classical-music\data\beethoven-sieben_bagatellen_in_a_major_opus33_no4.mid,duplicate_of_midiclassics,"..\data\midiclassics\Beethoven\Bagatella op33 n4.mid | ..\data\midiclassics\Beethoven\Sieben Bagatellen, in A Major, Opus.33, No.4.mid",,97.237998,202.42764306088876,1074,11.045064913821035
midi-classical-music,Beethoven,..\data\new_midi_files\midi-classical-music\data\beethoven-sieben_bagatellen_in_c_major_opus33_no5.mid,duplicate_of_midiclassics,"..\data\midiclassics\Beethoven\Bagatella op33 n5.mid | ..\data\midiclassics\Beethoven\Sieben Bagatellen, in C Major, Opus.33, No.5.mid",,143.08333333333331,193.57833655705974,2393,16.72451951077461
midi-classical-music,Beethoven,..\data\new_midi_files\midi-classical-music\data\beethoven-sieben_bagatellen_in_d_major_opus33_no6.mid,duplicate_of_midiclassics,"..\data\midiclassics\Beethoven\Bagatella op33 n6.mid | ..\data\midiclassics\Beethoven\Sieben Bagatellen, in D Major, Opus.33, No.6.mid",,134.029878,181.6282831177393,1017,7.58786037244621
midi-classical-music,Beethoven,..\data\new_midi_files\midi-classical-music\data\beethoven-sieben_bagatellen_in_e_flat_major_opus33_no1.mid,duplicate_of_midiclassics,"..\data\midiclassics\Beethoven\Sieben Bagatellen, in E flat Major, Opus.33, No.1.mid",,204.80931900000002,194.43022223374396,1663,8.119747715190634
midi-classical-music,Beethoven,..\data\new_midi_files\midi-classical-music\data\beethoven-sieben_bagatellen_in_f_major_opus33_no3.mid,duplicate_of_midiclassics,"..\data\midiclassics\Beethoven\Bagatella op33 n3.mid | ..\data\midiclassics\Beethoven\Sieben Bagatellen, in F Major, Opus.33, No.3.mid",,99.575658,166.18721654692877,1019,10.233424719121615
midi-classical-music,Beethoven,..\data\new_midi_files\midi-classical-music\data\beethoven-sketch_for_piano_alla_marcia.mid,duplicate_of_midiclassics,..\data\midiclassics\Beethoven\Sketch for Piano Alla Marcia.mid,,26.76769023333332,162.86074195377884,252,9.41433488669818
midi-classical-music,Beethoven,..\data\new_midi_files\midi-classical-music\data\beethoven-sketch_for_piano_allegretto.mid,duplicate_of_midiclassics,..\data\midiclassics\Beethoven\Sketch for Piano Allegretto.mid,,66.4044645,175.17468200321017,350,5.270729952200728
midi-classical-music,Beethoven,..\data\new_midi_files\midi-classical-music\data\beethoven-sketch_for_piano_allegro.mid,duplicate_of_midiclassics,..\data\midiclassics\Beethoven\Sketch for Piano Allegro.mid,,31.258079649999996,237.70208860995237,214,6.846229915470832
midi-classical-music,Beethoven,..\data\new_midi_files\midi-classical-music\data\beethoven-sketch_for_piano_allegro_giocoso.mid,duplicate_of_midiclassics,..\data\midiclassics\Beethoven\Sketch for Piano Allegro Giocoso.mid,,21.86867756666667,182.62876623258876,133,6.08175778322898
midi-classical-music,Beethoven,..\data\new_midi_files\midi-classical-music\data\beethoven-sketch_for_piano_presto.mid,duplicate_of_midiclassics,..\data\midiclassics\Beethoven\Sketch for Piano Presto.mid,,40.580336,161.17081766508647,690,17.00330918896285
midi-classical-music,Beethoven,..\data\new_midi_files\midi-classical-music\data\beethoven-sonata_for_piano_cello_n2_op05.mid,duplicate_of_midiclassics,..\data\midiclassics\Beethoven\Sonata for Piano & Cello n2 op05.MID,,548.1284717499999,186.1884447255736,7280,13.281557837631158
midi-classical-music,Beethoven,..\data\new_midi_files\midi-classical-music\data\beethoven-sonata_in_bflat_major_op106.mid,duplicate_of_midiclassics,..\data\midiclassics\Beethoven\Sonata in Bflat Major Op.106.mid,,149.49533091666686,208.9065291053657,1888,12.629156967132488
midi-classical-music,Beethoven,..\data\new_midi_files\midi-classical-music\data\beethoven-sonata_no14_op_27_moonlight_sonata.mid,duplicate_of_midiclassics,..\data\midiclassics\Beethoven\Sonata No.14 Op 27 Moonlight Sonata.mid,,347.11533599999996,149.058292114932,1145,3.2986154204376614
midi-classical-music,Beethoven,..\data\new_midi_files\midi-classical-music\data\beethoven-sonata_no14_op_27_sonata_quasi_una_fantasia.mid,duplicate_of_midiclassics,..\data\midiclassics\Beethoven\Sonata No.14 Op 27 Sonata Quasi Una Fantasia.mid,,169.95088900000002,136.30832887195706,894,5.26034318067027
midi-classical-music,Beethoven,..\data\new_midi_files\midi-classical-music\data\beethoven-sonata_op78_1st_mov.mid,duplicate_of_midiclassics,..\data\midiclassics\Beethoven\Sonata op78 1st mov.mid,,234.49040541666665,172.3836376430921,3362,14.33747361230432
midi-classical-music,Beethoven,..\data\new_midi_files\midi-classical-music\data\beethoven-sonata_opus111_c_minor_no1.mid,duplicate_of_midiclassics,"..\data\midiclassics\Beethoven\Sonata, Opus.111 C minor No.1.mid",,504.07921606666696,213.24753320806775,5477,10.86535573265064
midi-classical-music,Beethoven,..\data\new_midi_files\midi-classical-music\data\beethoven-sonata_opus111_c_minor_no2.mid,duplicate_of_midiclassics,"..\data\midiclassics\Beethoven\Sonata, Opus.111 C minor No.2.mid",,666.5618751166667,180.000045000011,8036,12.055895033890858
midi-classical-music,Beethoven,..\data\new_midi_files\midi-classical-music\data\beethoven-sonata_opus81a_les_adieux_e_flat_no1.mid,duplicate_of_midiclassics,..\data\midiclassics\Beethoven\Sonata Opus.81a -Les Adieux- E flat No.1.mid,,376.3572292499999,204.80333065721157,3319,8.818749161837712
midi-classical-music,Beethoven,..\data\new_midi_files\midi-classical-music\data\beethoven-sonata_opus81a_les_adieux_e_flat_no2_3.mid,duplicate_of_midiclassics,..\data\midiclassics\Beethoven\Sonata Opus.81a -Les Adieux- E flat No.2 & 3.mid,,548.5150619416661,163.83090747725427,6228,11.354291672417812
midi-classical-music,Beethoven,..\data\new_midi_files\midi-classical-music\data\beethoven-sonata_presto.mid,duplicate_of_midiclassics,..\data\midiclassics\Beethoven\Piano Sonatina No.2 Op 49.mid | ..\data\midiclassics\Beethoven\Sonata Presto.mid,,270.7,277.80218187746505,3422,12.64130033247137
midi-classical-music,Beethoven,..\data\new_midi_files\midi-classical-music\data\beethoven-sonatina_fa_maj_woo.mid,duplicate_of_midiclassics,..\data\midiclassics\Beethoven\Sonatina Fa maj woo.mid,,308.7187413333334,215.2654151195036,2387,7.731956892836255
midi-classical-music,Beethoven,..\data\new_midi_files\midi-classical-music\data\beethoven-sonatina_in_c.mid,duplicate_of_midiclassics,..\data\midiclassics\Beethoven\Sonatina In C.mid,,539.9651212666666,177.73410283061372,2854,5.285526578651969
midi-classical-music,Beethoven,..\data\new_midi_files\midi-classical-music\data\beethoven-sonatina_n1_op05.mid,duplicate_of_midiclassics,..\data\midiclassics\Beethoven\Sonatina n1 op05.mid,,212.44378970833333,218.8677971364086,1164,5.479096384027369
midi-classical-music,Beethoven,..\data\new_midi_files\midi-classical-music\data\beethoven-sonatina_op33_4mov.mid,duplicate_of_midiclassics,..\data\midiclassics\Beethoven\Op33 No.4.mid | ..\data\midiclassics\Beethoven\Sonatina op33 4mov.mid,,172.0,220.12279163012158,1060,6.162790697674419
midi-classical-music,Beethoven,..\data\new_midi_files\midi-classical-music\data\beethoven-sonatina_woo050.mid,duplicate_of_midiclassics,..\data\midiclassics\Beethoven\Sonatina WoO050.mid,,249.96434096041642,229.4555542899088,1845,7.38105280501657
midi-classical-music,Beethoven,..\data\new_midi_files\midi-classical-music\data\beethoven-string_quartet_n16_op135_1mov.mid,duplicate_of_midiclassics,..\data\midiclassics\Beethoven\String Quartet n16 op135 1mov.mid,,362.539155109375,201.67892816228462,3369,9.292789351218081
midi-classical-music,Beethoven,..\data\new_midi_files\midi-classical-music\data\beethoven-string_quartet_n16_op135_2mov.mid,duplicate_of_midiclassics,..\data\midiclassics\Beethoven\String Quartet n16 op135 2mov.mid,,258.40358775,247.1173642344817,3927,15.197157416402785
midi-classical-music,Beethoven,..\data\new_midi_files\midi-classical-music\data\beethoven-string_quartet_n16_op135_3mov.mid,duplicate_of_midiclassics,..\data\midiclassics\Beethoven\String Quartet n16 op135 3mov.mid,,368.7338735937501,58.00001450000359,1063,2.882837938483386
midi-classical-music,Beethoven,..\data\new_midi_files\midi-classical-music\data\beethoven-string_quartet_n16_op135_4mov.mid,duplicate_of_midiclassics,..\data\midiclassics\Beethoven\String Quartet n16 op135 4mov.mid,,685.6434316770839,225.20087217999338,6258,9.127193101949407
midi-classical-music,Beethoven,..\data\new_midi_files\midi-classical-music\data\beethoven-string_quartet_n1_op18_1mov.mid,duplicate_of_midiclassics,..\data\midiclassics\Beethoven\String Quartet n1 op18 1mov.mid,,490.15844024999996,155.19324518428564,6101,12.446995703854965
midi-classical-music,Beethoven,..\data\new_midi_files\midi-classical-music\data\beethoven-string_quartet_n1_op18_2mov.mid,duplicate_of_midiclassics,..\data\midiclassics\Beethoven\String Quartet n1 op18 2mov.mid,,575.4806924999999,169.89792055095407,3220,5.5953223834698855
midi-classical-music,Beethoven,..\data\new_midi_files\midi-classical-music\data\beethoven-string_quartet_n1_op18_3mov.mid,duplicate_of_midiclassics,..\data\midiclassics\Beethoven\String Quartet n1 op18 3mov.mid,,239.22,238.61062169645103,3190,13.335005434328233
midi-classical-music,Beethoven,..\data\new_midi_files\midi-classical-music\data\beethoven-string_quartet_n1_op18_4mov.mid,duplicate_of_midiclassics,..\data\midiclassics\Beethoven\String Quartet n1 op18 4mov.mid,,389.36473125,211.28590073437095,5386,13.832788559736818
midi-classical-music,Beethoven,..\data\new_midi_files\midi-classical-music\data\beethoven-string_quartet_n2_op18_n2_1mov.mid,duplicate_of_midiclassics,..\data\midiclassics\Beethoven\String Quartet n2 op18 n2 1mov.mid,,393.08803875000007,185.5136062703156,4208,10.704981035243977
midi-classical-music,Beethoven,..\data\new_midi_files\midi-classical-music\data\beethoven-string_quartet_n2_op18_n2_2mov.mid,duplicate_of_midiclassics,..\data\midiclassics\Beethoven\String Quartet n2 op18 n2 2mov.mid,,263.225908,201.56349578665785,2243,8.521197693047753
midi-classical-music,Beethoven,..\data\new_midi_files\midi-classical-music\data\beethoven-string_quartet_n2_op18_n2_3mov.mid,duplicate_of_midiclassics,..\data\midiclassics\Beethoven\String Quartet n2 op18 n2 3mov.mid,,260.99993475,232.00005800001446,3012,11.540232770115663
midi-classical-music,Beethoven,..\data\new_midi_files\midi-classical-music\data\beethoven-string_quartet_n2_op18_n2_4mov.mid,duplicate_of_midiclassics,..\data\midiclassics\Beethoven\String Quartet n2 op18 n2 4mov.mid,,323.15625,161.3613159387408,4146,12.829706991586887
midi-classical-music,Beethoven,..\data\new_midi_files\midi-classical-music\data\beethoven-symphonies-symphony_n1_1mov.mid,duplicate_of_midiclassics,..\data\midiclassics\Beethoven\Symphonies\Symphony n1 1mov.mid,,531.3617532916683,217.47561582679594,16262,30.60438561725701
midi-classical-music,Beethoven,..\data\new_midi_files\midi-classical-music\data\beethoven-symphonies-symphony_n1_2mov.mid,duplicate_of_midiclassics,..\data\midiclassics\Beethoven\Symphonies\Symphony n1 2mov.mid,,534.906453916666,156.73225138051671,7471,13.966928133501115
midi-classical-music,Beethoven,..\data\new_midi_files\midi-classical-music\data\beethoven-symphonies-symphony_n1_3mov.mid,duplicate_of_midiclassics,..\data\midiclassics\Beethoven\Symphonies\Symphony n1 3mov.mid,,223.74529050000058,205.55483507811104,6915,30.905678437061816
midi-classical-music,Beethoven,..\data\new_midi_files\midi-classical-music\data\beethoven-symphonies-symphony_n1_4mov.mid,duplicate_of_midiclassics,..\data\midiclassics\Beethoven\Symphonies\Symphony n1 4mov.mid,,348.8248097083334,197.21967055353775,11008,31.55738838990333
midi-classical-music,Beethoven,..\data\new_midi_files\midi-classical-music\data\beethoven-symphonies-symphony_n2_op36_1mov.mid,duplicate_of_midiclassics,..\data\midiclassics\Beethoven\Symphonies\Symphony n2 op36 1mov.mid,,719.298343874996,214.43503990632442,24374,33.88580024902137
midi-classical-music,Beethoven,..\data\new_midi_files\midi-classical-music\data\beethoven-symphonies-symphony_n2_op36_2mov.mid,duplicate_of_midiclassics,..\data\midiclassics\Beethoven\Symphonies\Symphony n2 op36 2mov.mid,,648.8262727249986,180.64559409324946,8754,13.49205537444433
midi-classical-music,Beethoven,..\data\new_midi_files\midi-classical-music\data\beethoven-symphonies-symphony_n2_op36_3mov.mid,duplicate_of_midiclassics,..\data\midiclassics\Beethoven\Symphonies\Symphony n2 op36 3mov.mid,,232.32161329999846,210.4897545545724,5610,24.147559584806125
midi-classical-music,Beethoven,..\data\new_midi_files\midi-classical-music\data\beethoven-symphonies-symphony_n2_op36_4mov.mid,duplicate_of_midiclassics,..\data\midiclassics\Beethoven\Symphonies\Symphony n2 op36 4mov.mid,,380.2354198833321,194.41830835822313,14130,37.16118820370684
midi-classical-music,Beethoven,..\data\new_midi_files\midi-classical-music\data\beethoven-symphonies-symphony_n3_1mov_eroica.mid,duplicate_of_midiclassics,..\data\midiclassics\Beethoven\Symphonies\Symphony n3 1mov ''Eroica''.mid,,841.3297142250001,178.2927394510023,30730,36.52551369626505
midi-classical-music,Beethoven,..\data\new_midi_files\midi-classical-music\data\beethoven-symphonies-symphony_n3_2mov_eroica.mid,duplicate_of_midiclassics,..\data\midiclassics\Beethoven\Symphonies\Symphony n3 2mov ''Eroica''.mid,,769.2309999999999,185.30129022587968,9863,12.821896153431156
midi-classical-music,Beethoven,..\data\new_midi_files\midi-classical-music\data\beethoven-symphonies-symphony_n3_3mov_eroica.mid,duplicate_of_midiclassics,..\data\midiclassics\Beethoven\Symphonies\Symphony n3 3mov ''Eroica''.mid,,330.685102325,172.15623893852617,11873,35.9042482304846
midi-classical-music,Beethoven,..\data\new_midi_files\midi-classical-music\data\beethoven-symphonies-symphony_n3_4mov_eroica.mid,duplicate_of_midiclassics,..\data\midiclassics\Beethoven\Symphonies\Symphony n3 4mov ''Eroica''.mid,,556.5022101583334,158.39652935460626,17326,31.133748768168395
midi-classical-music,Beethoven,..\data\new_midi_files\midi-classical-music\data\beethoven-symphonies-symphony_n4_1mov.mid,duplicate_of_midiclassics,..\data\midiclassics\Beethoven\Symphonies\Symphony n4 1mov.mid,,721.7324124000002,242.31949375856757,17243,23.891125995937045
midi-classical-music,Beethoven,..\data\new_midi_files\midi-classical-music\data\beethoven-symphonies-symphony_n4_2mov.mid,duplicate_of_midiclassics,..\data\midiclassics\Beethoven\Symphonies\Symphony n4 2mov.mid,,629.724775725,190.54707766467712,6611,10.498237094751081
midi-classical-music,Beethoven,..\data\new_midi_files\midi-classical-music\data\beethoven-symphonies-symphony_n4_3mov.mid,duplicate_of_midiclassics,..\data\midiclassics\Beethoven\Symphonies\Symphony n4 3mov.mid,,315.88242475,199.4553391651755,8843,27.994593263612714
midi-classical-music,Beethoven,..\data\new_midi_files\midi-classical-music\data\beethoven-symphonies-symphony_n4_4mov.mid,duplicate_of_midiclassics,..\data\midiclassics\Beethoven\Symphonies\Symphony n4 4mov.mid,,421.0659254583336,264.3328115016632,14658,34.81165089301551
midi-classical-music,Beethoven,..\data\new_midi_files\midi-classical-music\data\beethoven-symphonies-symphony_n5_op67_1mov.mid,duplicate_of_midiclassics,..\data\midiclassics\Beethoven\Symphonies\Symphony n5 op67 1mov.mid,,401.75285027500036,190.15625582531885,9305,23.161005562575884
midi-classical-music,Beethoven,..\data\new_midi_files\midi-classical-music\data\beethoven-symphonies-symphony_n5_op67_3_4mov.mid,duplicate_of_midiclassics,..\data\midiclassics\Beethoven\Symphonies\Symphony n5 op67 3-4mov.mid,,789.1101735291663,198.17319150793742,33835,42.877409435337135
midi-classical-music,Beethoven,..\data\new_midi_files\midi-classical-music\data\beethoven-symphonies-symphony_n7_1mov.mid,duplicate_of_midiclassics,..\data\midiclassics\Beethoven\Symphonies\Symphony n7 1mov.mid,,946.8106685,235.43989616212173,25182,26.596658484948197
midi-classical-music,Beethoven,..\data\new_midi_files\midi-classical-music\data\beethoven-symphonies-symphony_n7_2mov.mid,duplicate_of_midiclassics,..\data\midiclassics\Beethoven\Symphonies\Symphony n7 2mov.mid,,279.9375,216.175141897368,6059,21.64411699039964
midi-classical-music,Beethoven,..\data\new_midi_files\midi-classical-music\data\beethoven-symphonies-symphony_n7_3mov.mid,duplicate_of_midiclassics,..\data\midiclassics\Beethoven\Symphonies\Symphony n7 3mov.mid,,727.38339,187.68446582353693,16481,22.657927341453316
midi-classical-music,Beethoven,..\data\new_midi_files\midi-classical-music\data\beethoven-symphonies-symphony_n7_4mov.mid,duplicate_of_midiclassics,..\data\midiclassics\Beethoven\Symphonies\Symphony n7 4mov.mid,,506.1568513125001,163.8050077983452,25970,51.308206008983134
midi-classical-music,Beethoven,..\data\new_midi_files\midi-classical-music\data\beethoven-symphonies-symphony_op125_n9_1mov_choral.mid,duplicate_of_midiclassics,..\data\midiclassics\Beethoven\Symphonies\Symphony op125 n9 1mov ''Choral''.mid,,890.1538619833332,177.31974652649194,29473,33.11000632444803
midi-classical-music,Beethoven,..\data\new_midi_files\midi-classical-music\data\beethoven-symphonies-symphony_op125_n9_2mov_choral.mid,duplicate_of_midiclassics,..\data\midiclassics\Beethoven\Symphonies\Symphony op125 n9 2mov ''Choral''.mid,,837.9603011145801,176.825238180289,34834,41.56998840358776
midi-classical-music,Beethoven,..\data\new_midi_files\midi-classical-music\data\beethoven-symphonies-symphony_op125_n9_3mov_choral.mid,duplicate_of_midiclassics,..\data\midiclassics\Beethoven\Symphonies\Symphony op125 n9 3mov ''Choral''.mid,,858.975,170.88204038257197,8498,9.893186646875636
midi-classical-music,Beethoven,..\data\new_midi_files\midi-classical-music\data\beethoven-symphonies-symphony_op125_n9_4mov_choral.mid,duplicate_of_midiclassics,..\data\midiclassics\Beethoven\Symphonies\Symphony op125 n9 4mov ''Choral''.mid,,1275.9826960666664,230.27898069758817,47745,37.41821903006862
midi-classical-music,Beethoven,..\data\new_midi_files\midi-classical-music\data\beethoven-symphonies-symphony_op68_n6_1mov_pastorale.mid,duplicate_of_midiclassics,..\data\midiclassics\Beethoven\Symphonies\Symphony op68 n6 1mov ''Pastorale''.mid,,762.5192582500032,212.69869364991584,16013,21.000125343391527
midi-classical-music,Beethoven,..\data\new_midi_files\midi-classical-music\data\beethoven-symphonies-symphony_op68_n6_2mov_pastorale.mid,duplicate_of_midiclassics,..\data\midiclassics\Beethoven\Symphonies\Symphony op68 n6 2mov ''Pastorale''.mid,,822.4247717666619,222.53097142063535,13613,16.552273797344075
midi-classical-music,Beethoven,..\data\new_midi_files\midi-classical-music\data\beethoven-symphonies-symphony_op68_n6_3mov_pastorale.mid,duplicate_of_midiclassics,..\data\midiclassics\Beethoven\Symphonies\Symphony op68 n6 3mov ''Pastorale''.mid,,1082.416965333322,208.17728256305418,32982,30.47069757433398
midi-classical-music,Beethoven,..\data\new_midi_files\midi-classical-music\data\beethoven-symphonies-symphony_op68_n6_pastorale.mid,duplicate_of_midiclassics,..\data\midiclassics\Beethoven\Symphonies\Symphony op68 n6 ''Pastorale''.mid,,1713.1202579166675,184.5730143657101,44853,26.18204985477547
midi-classical-music,Beethoven,..\data\new_midi_files\midi-classical-music\data\beethoven-symphonies-symphony_op93_n8_1mov.mid,duplicate_of_midiclassics,..\data\midiclassics\Beethoven\Symphonies\Symphony op93 n8 1mov.mid,,529.6812966250011,208.8402916362848,19577,36.95996087598302
midi-classical-music,Beethoven,..\data\new_midi_files\midi-classical-music\data\beethoven-symphonies-symphony_op93_n8_2mov_.mid,duplicate_of_midiclassics,..\data\midiclassics\Beethoven\Symphonies\Symphony op93 n8 2mov .mid,,232.00444380833343,196.80438973019272,5730,24.69780279180231
midi-classical-music,Beethoven,..\data\new_midi_files\midi-classical-music\data\beethoven-symphonies-symphony_op93_n8_3mov_.mid,duplicate_of_midiclassics,..\data\midiclassics\Beethoven\Symphonies\Symphony op93 n8 3mov .mid,,319.29899575,213.0480558124987,5930,18.571934390432546
midi-classical-music,Beethoven,..\data\new_midi_files\midi-classical-music\data\beethoven-symphonies-symphony_op93_n8_4mov.mid,duplicate_of_midiclassics,..\data\midiclassics\Beethoven\Symphonies\Symphony op93 n8 4mov.mid,,458.0031174166679,229.04156328452945,20768,45.3446695235184
midi-classical-music,Beethoven,..\data\new_midi_files\midi-classical-music\data\beethoven-violin_concerto_op61_1mov.mid,duplicate_of_midiclassics,..\data\midiclassics\Beethoven\Violin Concerto op61 1mov.mid,,1318.2037809666679,205.04668624470372,19880,15.08112803729144
midi-classical-music,Beethoven,..\data\new_midi_files\midi-classical-music\data\beethoven-violin_concerto_op61_2_3movs.mid,duplicate_of_midiclassics,..\data\midiclassics\Beethoven\Violin Concerto op61 2-3movs.mid,,1029.5147300166661,240.80910271539938,13628,13.237304530630063
midi-classical-music,Beethoven,..\data\new_midi_files\midi-classical-music\data\beethoven-woo010_six_menuets_for_orchestra.mid,duplicate_of_midiclassics,..\data\midiclassics\Beethoven\WoO010 Six Menuets for Orchestra.mid,,607.1656526000002,194.25584478667025,4482,7.38184049247057
midi-classical-music,Beethoven,..\data\new_midi_files\midi-classical-music\data\beethoven-woo048_rondo.mid,duplicate_of_midiclassics,..\data\midiclassics\Beethoven\WoO048 Rondo.mid,,142.22517051666665,209.15544882597672,1203,8.458418405334424
midi-classical-music,Beethoven,..\data\new_midi_files\midi-classical-music\data\beethoven-woo049_rondo.mid,duplicate_of_midiclassics,..\data\midiclassics\Beethoven\WoO049 Rondo.mid,,135.41671487499988,199.52978333182858,1187,8.765535341007888
midi-classical-music,Beethoven,..\data\new_midi_files\midi-classical-music\data\beethoven-woo051_sonatina_1_2_movs.mid,duplicate_of_midiclassics,..\data\midiclassics\Beethoven\WoO051 Sonatina 1-2 movs.mid,,5032.305478291666,212.76854112695946,2998,0.5957507971113354
midi-classical-music,Beethoven,..\data\new_midi_files\midi-classical-music\data\beethoven-woo052_bagatella.mid,duplicate_of_midiclassics,..\data\midiclassics\Beethoven\WoO052 Bagatella.mid,,353.90372608333325,220.49997019438578,4066,11.489000257212846
midi-classical-music,Beethoven,..\data\new_midi_files\midi-classical-music\data\beethoven-woo054_lustig_traurig.mid,duplicate_of_midiclassics,..\data\midiclassics\Beethoven\WoO054 Lustig Traurig.mid,,67.72820586666667,195.70169290927004,636,9.390474645852324
midi-classical-music,Beethoven,..\data\new_midi_files\midi-classical-music\data\beethoven-woo055_prelude.mid,duplicate_of_midiclassics,..\data\midiclassics\Beethoven\WoO055 Prelude.mid,,247.70975189374994,144.25599566767536,883,3.564655784640828
midi-classical-music,Beethoven,..\data\new_midi_files\midi-classical-music\data\beethoven-woo056_bagatella.mid,duplicate_of_midiclassics,..\data\midiclassics\Beethoven\WoO056 Bagatella.mid,,119.49309983333329,226.85258732211196,695,5.816235422542162
midi-classical-music,Beethoven,..\data\new_midi_files\midi-classical-music\data\beethoven-woo060_mouvement_pour_pianomid.mid,duplicate_of_midiclassics,..\data\midiclassics\Beethoven\WoO060 Mouvement Pour Piano.mid,,55.65578199999999,172.0001032000619,303,5.444178288609799
midi-classical-music,Beethoven,..\data\new_midi_files\midi-classical-music\data\beethoven-woo061_mouvement_pour_pianomid.mid,duplicate_of_midiclassics,..\data\midiclassics\Beethoven\WoO061 Mouvement Pour Piano.mid,,106.65124431666659,125.71418095246864,486,4.556908858531263
midi-classical-music,Beethoven,..\data\new_midi_files\midi-classical-music\data\beethoven-woo061a_mouvement_pour_pianomid.mid,duplicate_of_midiclassics,..\data\midiclassics\Beethoven\WoO061a Mouvement Pour Piano.mid,,30.967019616666672,115.7894833333342,90,2.9063177895092416
midi-classical-music,Beethoven,..\data\new_midi_files\midi-classical-music\data\beethoven-woo081_allemande.mid,duplicate_of_midiclassics,..\data\midiclassics\Beethoven\WoO081 Allemande.mid,,72.9,198.9528795811519,604,8.285322359396433
midi-classical-music,Beethoven,..\data\new_midi_files\midi-classical-music\data\beethoven-woo082_menuet.mid,duplicate_of_midiclassics,..\data\midiclassics\Beethoven\WoO082 Menuet.mid,,253.777524,191.7365489300287,1780,7.014017521898433
midi-classical-music,Beethoven,..\data\new_midi_files\midi-classical-music\data\beethoven-woo083_six_escotish_dances_for_pianomid.mid,duplicate_of_midiclassics,..\data\midiclassics\Beethoven\WoO083 Six Escotish Dances for Piano.mid,,245.09693605833334,169.05152942731615,1239,5.055142752601022
midi-classical-music,Beethoven,..\data\new_midi_files\midi-classical-music\data\beethoven-woo086_scotish.mid,duplicate_of_midiclassics,..\data\midiclassics\Beethoven\WoO086 Scotish.mid,,30.072899374999988,150.98270064074174,211,7.016283909605576
piano-midi.de,Beethoven,..\data\new_midi_files\piano-midi.de\Beethoven\appass_2.mid,duplicate_of_midiclassics,..\data\midiclassics\Beethoven\Piano Sonatas\Piano Sonata n23 op57 2mov ''Apassionata''.mid,,369.88355275000015,193.1243366959805,1981,5.355739624732474
piano-midi.de,Beethoven,..\data\new_midi_files\piano-midi.de\Beethoven\mond_1.mid,duplicate_of_midiclassics,..\data\midiclassics\Beethoven\Piano Sonatas\Piano Sonata n14 op27 1mov ''Moonlight''.mid,,361.9839022166672,141.04527229234452,1144,3.1603615326386896
BigSynthPiano,Beethoven,..\data\new_midi_files\BigSynthPiano\midi\Beethoven_WoO80_var10_8bars_Score2_8.mid,keep_candidate_representative,,test,15.994452441666667,179.99991000004508,255,15.943027804797318
BigSynthPiano,Beethoven,..\data\new_midi_files\BigSynthPiano\midi\Beethoven_WoO80_var12_8bars_Score2_9.mid,keep_candidate_representative,,train,22.140386460416668,82.10525631579002,66,2.9809777764266685
BigSynthPiano,Beethoven,..\data\new_midi_files\BigSynthPiano\midi\Beethoven_WoO80_var17_8bars_Score2_11.mid,keep_candidate_representative,,train,14.39875,199.99999999999997,172,11.945481378591891
BigSynthPiano,Beethoven,..\data\new_midi_files\BigSynthPiano\midi\Beethoven_WoO80_var25_8bars_Score2_14.mid,keep_candidate_representative,,train,13.082965447916665,219.99981666681967,131,10.013020405924902
BigSynthPiano,Beethoven,..\data\new_midi_files\BigSynthPiano\midi\Beethoven_WoO80_var27_8bars_Score2_15.mid,keep_candidate_representative,,dev,13.076147260416665,219.99981666681956,224,17.130428064088836
BigSynthPiano,Beethoven,..\data\new_midi_files\BigSynthPiano\midi\Beethoven_WoO80_var28_8bars_Score2_16.mid,keep_candidate_representative,,train,13.062510885416666,219.99981666681956,117,8.95693033493445
BigSynthPiano,Beethoven,..\data\new_midi_files\BigSynthPiano\midi\Beethoven_WoO80_var6_8bars_Score2_5.mid,keep_candidate_representative,,train,11.736458333333333,180.0,158,13.462323599893494
BigSynthPiano,Beethoven,..\data\new_midi_files\BigSynthPiano\midi\Beethoven_WoO80_thema_8bars_11_1.mid,keep_unique,,train,14.94375,166.47398843930617,64,4.282726892513593
BigSynthPiano,Beethoven,..\data\new_midi_files\BigSynthPiano\midi\Beethoven_WoO80_thema_8bars_14_1.mid,keep_unique,,test,18.139583333333334,155.67567567567536,64,3.5281957046054897
BigSynthPiano,Beethoven,..\data\new_midi_files\BigSynthPiano\midi\Beethoven_WoO80_thema_8bars_18_1.mid,keep_unique,,train,19.92395833333333,142.75092936803,64,3.212213101897841
BigSynthPiano,Beethoven,..\data\new_midi_files\BigSynthPiano\midi\Beethoven_WoO80_thema_8bars_19_1.mid,keep_unique,,test,15.563541666666666,135.3171495693029,64,4.112174553242755
BigSynthPiano,Beethoven,..\data\new_midi_files\BigSynthPiano\midi\Beethoven_WoO80_thema_8bars_1_1.mid,keep_unique,,train,17.763541666666665,153.35463258785964,64,3.6028851228522845
BigSynthPiano,Beethoven,..\data\new_midi_files\BigSynthPiano\midi\Beethoven_WoO80_thema_8bars_22_1.mid,keep_unique,,train,15.559375,172.51965555971563,64,4.113275758184375
BigSynthPiano,Beethoven,..\data\new_midi_files\BigSynthPiano\midi\Beethoven_WoO80_thema_8bars_24_1.mid,keep_unique,,train,15.077083333333333,145.94594594594588,64,4.24485283957441
BigSynthPiano,Beethoven,..\data\new_midi_files\BigSynthPiano\midi\Beethoven_WoO80_thema_8bars_26_1.mid,keep_unique,,train,17.709375,136.2104640851312,64,3.6139050644079758
BigSynthPiano,Beethoven,..\data\new_midi_files\BigSynthPiano\midi\Beethoven_WoO80_thema_8bars_2_1.mid,keep_unique,,train,17.485416666666666,203.98406374501943,64,3.6601930179911832
BigSynthPiano,Beethoven,..\data\new_midi_files\BigSynthPiano\midi\Beethoven_WoO80_thema_8bars_3_1.mid,keep_unique,,train,16.9,169.8113207547169,65,3.8461538461538463
BigSynthPiano,Beethoven,..\data\new_midi_files\BigSynthPiano\midi\Beethoven_WoO80_thema_8bars_4_1.mid,keep_unique,,dev,15.369791666666666,177.96086508753874,64,4.16401219925449
BigSynthPiano,Beethoven,..\data\new_midi_files\BigSynthPiano\midi\Beethoven_WoO80_thema_8bars_7_1.mid,keep_unique,,train,17.079166666666666,148.8372093023258,64,3.7472554281532084
BigSynthPiano,Beethoven,..\data\new_midi_files\BigSynthPiano\midi\Beethoven_WoO80_thema_8bars_Score2_1.mid,keep_unique,,train,13.94875,128.00000000000003,64,4.588224751321803
BigSynthPiano,Beethoven,..\data\new_midi_files\BigSynthPiano\midi\Beethoven_WoO80_thema_8bars_Score_1.mid,keep_unique,,test,12.141154889583333,148.48010888541322,64,5.271327199269129
BigSynthPiano,Beethoven,..\data\new_midi_files\BigSynthPiano\midi\Beethoven_WoO80_var10_8bars_11_8.mid,keep_unique,,train,16.085416666666667,202.34192037470672,257,15.977205025255795
BigSynthPiano,Beethoven,..\data\new_midi_files\BigSynthPiano\midi\Beethoven_WoO80_var10_8bars_14_8.mid,keep_unique,,dev,19.8,216.40576080150322,269,13.585858585858585
BigSynthPiano,Beethoven,..\data\new_midi_files\BigSynthPiano\midi\Beethoven_WoO80_var10_8bars_18_8.mid,keep_unique,,train,16.528125,195.79728059332513,257,15.549253166950274
BigSynthPiano,Beethoven,..\data\new_midi_files\BigSynthPiano\midi\Beethoven_WoO80_var10_8bars_19_8.mid,keep_unique,,test,15.140625,206.6985645933013,255,16.842105263157894
BigSynthPiano,Beethoven,..\data\new_midi_files\BigSynthPiano\midi\Beethoven_WoO80_var10_8bars_1_8.mid,keep_unique,,train,14.904166666666667,212.43414120126445,259,17.377690802348337
BigSynthPiano,Beethoven,..\data\new_midi_files\BigSynthPiano\midi\Beethoven_WoO80_var10_8bars_22_8.mid,keep_unique,,test,16.66875,187.01298701298708,257,15.418072740907387
BigSynthPiano,Beethoven,..\data\new_midi_files\BigSynthPiano\midi\Beethoven_WoO80_var10_8bars_24_8.mid,keep_unique,,train,17.066666666666666,183.05084745762716,255,14.94140625
BigSynthPiano,Beethoven,..\data\new_midi_files\BigSynthPiano\midi\Beethoven_WoO80_var10_8bars_26_8.mid,keep_unique,,train,18.561458333333334,187.01298701298708,255,13.738144677030135
BigSynthPiano,Beethoven,..\data\new_midi_files\BigSynthPiano\midi\Beethoven_WoO80_var10_8bars_2_8.mid,keep_unique,,dev,16.320833333333333,187.012987012987,256,15.685473576716875
BigSynthPiano,Beethoven,..\data\new_midi_files\BigSynthPiano\midi\Beethoven_WoO80_var10_8bars_3_8.mid,keep_unique,,test,17.935416666666665,196.7419863373624,257,14.329190382158208
BigSynthPiano,Beethoven,..\data\new_midi_files\BigSynthPiano\midi\Beethoven_WoO80_var10_8bars_4_8.mid,keep_unique,,dev,16.703125,201.28130460104848,255,15.266604303086996
BigSynthPiano,Beethoven,..\data\new_midi_files\BigSynthPiano\midi\Beethoven_WoO80_var10_8bars_7_8.mid,keep_unique,,train,17.527083333333334,193.6134453781511,259,14.777130631166052
BigSynthPiano,Beethoven,..\data\new_midi_files\BigSynthPiano\midi\Beethoven_WoO80_var12_8bars_11_9.mid,keep_unique,,train,19.536458333333332,108.64995957962816,66,3.378299120234604
BigSynthPiano,Beethoven,..\data\new_midi_files\BigSynthPiano\midi\Beethoven_WoO80_var12_8bars_14_9.mid,keep_unique,,train,25.894791666666666,79.61299239806495,66,2.548775091516151
BigSynthPiano,Beethoven,..\data\new_midi_files\BigSynthPiano\midi\Beethoven_WoO80_var12_8bars_18_9.mid,keep_unique,,train,27.89375,78.55973813420626,68,2.4378220927627154
BigSynthPiano,Beethoven,..\data\new_midi_files\BigSynthPiano\midi\Beethoven_WoO80_var12_8bars_19_9.mid,keep_unique,,train,23.520833333333332,95.4274353876739,66,2.8060230292294066
BigSynthPiano,Beethoven,..\data\new_midi_files\BigSynthPiano\midi\Beethoven_WoO80_var12_8bars_1_9.mid,keep_unique,,train,24.120833333333334,95.8402662229618,67,2.777681810329936
BigSynthPiano,Beethoven,..\data\new_midi_files\BigSynthPiano\midi\Beethoven_WoO80_var12_8bars_22_9.mid,keep_unique,,dev,21.839583333333334,101.20481927710847,67,3.0678240961556806
BigSynthPiano,Beethoven,..\data\new_midi_files\BigSynthPiano\midi\Beethoven_WoO80_var12_8bars_24_9.mid,keep_unique,,train,19.380208333333332,103.04114490160998,66,3.405536146197259
BigSynthPiano,Beethoven,..\data\new_midi_files\BigSynthPiano\midi\Beethoven_WoO80_var12_8bars_26_9.mid,keep_unique,,train,24.051041666666666,91.1032028469751,66,2.744163887565507
BigSynthPiano,Beethoven,..\data\new_midi_files\BigSynthPiano\midi\Beethoven_WoO80_var12_8bars_2_9.mid,keep_unique,,train,21.202083333333334,97.75137887144678,64,3.0185712881988795
BigSynthPiano,Beethoven,..\data\new_midi_files\BigSynthPiano\midi\Beethoven_WoO80_var12_8bars_3_9.mid,keep_unique,,dev,20.855208333333334,100.17391304347828,66,3.164677089056491
BigSynthPiano,Beethoven,..\data\new_midi_files\BigSynthPiano\midi\Beethoven_WoO80_var12_8bars_4_9.mid,keep_unique,,train,22.995833333333334,98.66392600205532,66,2.8700851603551367
BigSynthPiano,Beethoven,..\data\new_midi_files\BigSynthPiano\midi\Beethoven_WoO80_var12_8bars_7_9.mid,keep_unique,,dev,23.305208333333333,99.86130374479889,68,2.9178027086219998
BigSynthPiano,Beethoven,..\data\new_midi_files\BigSynthPiano\midi\Beethoven_WoO80_var15_8bars_11_10.mid,keep_unique,,train,19.354166666666668,251.11716621253413,170,8.783638320775026
BigSynthPiano,Beethoven,..\data\new_midi_files\BigSynthPiano\midi\Beethoven_WoO80_var15_8bars_14_10.mid,keep_unique,,dev,24.773958333333333,210.6583072100316,169,6.821679350796788
BigSynthPiano,Beethoven,..\data\new_midi_files\BigSynthPiano\midi\Beethoven_WoO80_var15_8bars_18_10.mid,keep_unique,,train,22.363541666666666,220.7954000958313,170,7.60165820485351
BigSynthPiano,Beethoven,..\data\new_midi_files\BigSynthPiano\midi\Beethoven_WoO80_var15_8bars_19_10.mid,keep_unique,,dev,18.848958333333332,245.52429667519274,172,9.125172699640785
BigSynthPiano,Beethoven,..\data\new_midi_files\BigSynthPiano\midi\Beethoven_WoO80_var15_8bars_1_10.mid,keep_unique,,test,20.052083333333332,226.7191479509149,166,8.278441558441559
BigSynthPiano,Beethoven,..\data\new_midi_files\BigSynthPiano\midi\Beethoven_WoO80_var15_8bars_22_10.mid,keep_unique,,train,17.738541666666666,239.8236590742101,168,9.470902577955252
BigSynthPiano,Beethoven,..\data\new_midi_files\BigSynthPiano\midi\Beethoven_WoO80_var15_8bars_24_10.mid,keep_unique,,train,19.229166666666668,246.1538461538458,169,8.788732394366196
BigSynthPiano,Beethoven,..\data\new_midi_files\BigSynthPiano\midi\Beethoven_WoO80_var15_8bars_26_10.mid,keep_unique,,train,20.233333333333334,234.037613187834,168,8.303130148270181
BigSynthPiano,Beethoven,..\data\new_midi_files\BigSynthPiano\midi\Beethoven_WoO80_var15_8bars_2_10.mid,keep_unique,,dev,16.8625,197.4534769833496,169,10.022238695329873
BigSynthPiano,Beethoven,..\data\new_midi_files\BigSynthPiano\midi\Beethoven_WoO80_var15_8bars_3_10.mid,keep_unique,,train,18.247916666666665,256.12306213195524,170,9.316131978536363
BigSynthPiano,Beethoven,..\data\new_midi_files\BigSynthPiano\midi\Beethoven_WoO80_var15_8bars_4_10.mid,keep_unique,,train,17.185416666666665,259.02192242833047,168,9.775730391562615
BigSynthPiano,Beethoven,..\data\new_midi_files\BigSynthPiano\midi\Beethoven_WoO80_var15_8bars_7_10.mid,keep_unique,,dev,16.646875,204.18949403802773,173,10.392340904824477
BigSynthPiano,Beethoven,..\data\new_midi_files\BigSynthPiano\midi\Beethoven_WoO80_var15_8bars_Score2_10.mid,keep_unique,,train,16.9396974125,255.00012750006377,170,10.035598385279009
BigSynthPiano,Beethoven,..\data\new_midi_files\BigSynthPiano\midi\Beethoven_WoO80_var15_8bars_Score_10.mid,keep_unique,,test,16.9279327125,255.00012750006377,168,9.92442508209787
BigSynthPiano,Beethoven,..\data\new_midi_files\BigSynthPiano\midi\Beethoven_WoO80_var17_8bars_11_11.mid,keep_unique,,train,17.076041666666665,188.7905604719761,173,10.131153541145611
BigSynthPiano,Beethoven,..\data\new_midi_files\BigSynthPiano\midi\Beethoven_WoO80_var17_8bars_14_11.mid,keep_unique,,train,28.334374999999998,232.31661204940738,170,5.99977941987427
BigSynthPiano,Beethoven,..\data\new_midi_files\BigSynthPiano\midi\Beethoven_WoO80_var17_8bars_18_11.mid,keep_unique,,test,19.684375,206.32835820895522,173,8.788696618510874
BigSynthPiano,Beethoven,..\data\new_midi_files\BigSynthPiano\midi\Beethoven_WoO80_var17_8bars_19_11.mid,keep_unique,,train,18.429166666666667,200.8810572687224,173,9.38729369206421
BigSynthPiano,Beethoven,..\data\new_midi_files\BigSynthPiano\midi\Beethoven_WoO80_var17_8bars_1_11.mid,keep_unique,,train,21.497916666666665,194.4303797468355,168,7.814710727783701
BigSynthPiano,Beethoven,..\data\new_midi_files\BigSynthPiano\midi\Beethoven_WoO80_var17_8bars_22_11.mid,keep_unique,,train,21.48645833333333,187.70552510739168,171,7.958500993843022
BigSynthPiano,Beethoven,..\data\new_midi_files\BigSynthPiano\midi\Beethoven_WoO80_var17_8bars_24_11.mid,keep_unique,,train,16.2125,209.57178841309832,174,10.732459521973787
BigSynthPiano,Beethoven,..\data\new_midi_files\BigSynthPiano\midi\Beethoven_WoO80_var17_8bars_26_11.mid,keep_unique,,train,21.64270833333333,196.15665288251037,171,7.901044424122829
BigSynthPiano,Beethoven,..\data\new_midi_files\BigSynthPiano\midi\Beethoven_WoO80_var17_8bars_2_11.mid,keep_unique,,test,16.872916666666665,207.6163610719322,173,10.253117668848008
BigSynthPiano,Beethoven,..\data\new_midi_files\BigSynthPiano\midi\Beethoven_WoO80_var17_8bars_3_11.mid,keep_unique,,train,17.633333333333333,181.73719376391986,169,9.584120982986768
BigSynthPiano,Beethoven,..\data\new_midi_files\BigSynthPiano\midi\Beethoven_WoO80_var17_8bars_4_11.mid,keep_unique,,train,19.855208333333334,232.6489397509262,172,8.66271444310372
BigSynthPiano,Beethoven,..\data\new_midi_files\BigSynthPiano\midi\Beethoven_WoO80_var17_8bars_7_11.mid,keep_unique,,train,21.727083333333333,200.64692709629205,173,7.9624125035957425
BigSynthPiano,Beethoven,..\data\new_midi_files\BigSynthPiano\midi\Beethoven_WoO80_var18_8bars_11_12.mid,keep_unique,,train,15.898958333333333,196.252129471891,178,11.195702024503703
BigSynthPiano,Beethoven,..\data\new_midi_files\BigSynthPiano\midi\Beethoven_WoO80_var18_8bars_14_12.mid,keep_unique,,train,20.664583333333333,191.808191808192,180,8.710555499546325
BigSynthPiano,Beethoven,..\data\new_midi_files\BigSynthPiano\midi\Beethoven_WoO80_var18_8bars_18_12.mid,keep_unique,,test,17.603125,201.53953813855838,180,10.22545712764069
BigSynthPiano,Beethoven,..\data\new_midi_files\BigSynthPiano\midi\Beethoven_WoO80_var18_8bars_19_12.mid,keep_unique,,train,16.898958333333333,201.14285714285717,178,10.533193614004809
BigSynthPiano,Beethoven,..\data\new_midi_files\BigSynthPiano\midi\Beethoven_WoO80_var18_8bars_1_12.mid,keep_unique,,train,19.08125,210.53914102954639,181,9.485751719620046
BigSynthPiano,Beethoven,..\data\new_midi_files\BigSynthPiano\midi\Beethoven_WoO80_var18_8bars_22_12.mid,keep_unique,,train,16.679166666666667,236.42893791688064,181,10.85186110417187
BigSynthPiano,Beethoven,..\data\new_midi_files\BigSynthPiano\midi\Beethoven_WoO80_var18_8bars_24_12.mid,keep_unique,,train,16.997916666666665,201.86915887850475,175,10.295379335702906
BigSynthPiano,Beethoven,..\data\new_midi_files\BigSynthPiano\midi\Beethoven_WoO80_var18_8bars_26_12.mid,keep_unique,,test,18.873958333333334,232.88409703504135,178,9.430984049892377
BigSynthPiano,Beethoven,..\data\new_midi_files\BigSynthPiano\midi\Beethoven_WoO80_var18_8bars_2_12.mid,keep_unique,,train,16.584375,211.47826086956536,177,10.672696438665913
BigSynthPiano,Beethoven,..\data\new_midi_files\BigSynthPiano\midi\Beethoven_WoO80_var18_8bars_3_12.mid,keep_unique,,test,17.93125,229.71086739780617,178,9.926803764377834
BigSynthPiano,Beethoven,..\data\new_midi_files\BigSynthPiano\midi\Beethoven_WoO80_var18_8bars_4_12.mid,keep_unique,,train,18.498958333333334,223.49206349206403,176,9.514049214482798
BigSynthPiano,Beethoven,..\data\new_midi_files\BigSynthPiano\midi\Beethoven_WoO80_var18_8bars_7_12.mid,keep_unique,,train,16.707291666666666,226.42878742062325,183,10.95330132801297
BigSynthPiano,Beethoven,..\data\new_midi_files\BigSynthPiano\midi\Beethoven_WoO80_var18_8bars_Score2_12.mid,keep_unique,,test,13.94875,230.76923076923077,176,12.617618066134957
BigSynthPiano,Beethoven,..\data\new_midi_files\BigSynthPiano\midi\Beethoven_WoO80_var18_8bars_Score_12.mid,keep_unique,,test,14.08375,230.76923076923077,176,12.496671696103665
BigSynthPiano,Beethoven,..\data\new_midi_files\BigSynthPiano\midi\Beethoven_WoO80_var23_8bars_11_13.mid,keep_unique,,train,18.409375,200.81348053457316,218,11.841792564929554
BigSynthPiano,Beethoven,..\data\new_midi_files\BigSynthPiano\midi\Beethoven_WoO80_var23_8bars_14_13.mid,keep_unique,,train,28.666666666666668,216.3786626596542,226,7.883720930232558
BigSynthPiano,Beethoven,..\data\new_midi_files\BigSynthPiano\midi\Beethoven_WoO80_var23_8bars_18_13.mid,keep_unique,,train,21.053125,196.5870307167235,223,10.592251744099746
BigSynthPiano,Beethoven,..\data\new_midi_files\BigSynthPiano\midi\Beethoven_WoO80_var23_8bars_19_13.mid,keep_unique,,test,19.957291666666666,214.50611810604724,223,11.173860848687301
BigSynthPiano,Beethoven,..\data\new_midi_files\BigSynthPiano\midi\Beethoven_WoO80_var23_8bars_1_13.mid,keep_unique,,train,18.982291666666665,213.66306027820738,220,11.589749218021183
BigSynthPiano,Beethoven,..\data\new_midi_files\BigSynthPiano\midi\Beethoven_WoO80_var23_8bars_22_13.mid,keep_unique,,train,18.9875,202.9757243539546,221,11.639236339697169
BigSynthPiano,Beethoven,..\data\new_midi_files\BigSynthPiano\midi\Beethoven_WoO80_var23_8bars_24_13.mid,keep_unique,,dev,16.339583333333334,216.86746987951815,217,13.280632411067193
BigSynthPiano,Beethoven,..\data\new_midi_files\BigSynthPiano\midi\Beethoven_WoO80_var23_8bars_26_13.mid,keep_unique,,train,24.563541666666666,200.18957345971558,226,9.200627623934524
BigSynthPiano,Beethoven,..\data\new_midi_files\BigSynthPiano\midi\Beethoven_WoO80_var23_8bars_2_13.mid,keep_unique,,train,16.441666666666666,226.90565294465247,220,13.380638621388748
BigSynthPiano,Beethoven,..\data\new_midi_files\BigSynthPiano\midi\Beethoven_WoO80_var23_8bars_3_13.mid,keep_unique,,test,18.336458333333333,206.45161290322582,220,11.99795489405215
BigSynthPiano,Beethoven,..\data\new_midi_files\BigSynthPiano\midi\Beethoven_WoO80_var23_8bars_4_13.mid,keep_unique,,train,22.539583333333333,208.9227421109905,227,10.071171087900915
BigSynthPiano,Beethoven,..\data\new_midi_files\BigSynthPiano\midi\Beethoven_WoO80_var23_8bars_7_13.mid,keep_unique,,train,19.097916666666666,203.48862883638762,226,11.833751499945457
BigSynthPiano,Beethoven,..\data\new_midi_files\BigSynthPiano\midi\Beethoven_WoO80_var23_8bars_Score2_13.mid,keep_unique,,train,13.090919999999999,219.99981666681956,228,17.416652152789876
BigSynthPiano,Beethoven,..\data\new_midi_files\BigSynthPiano\midi\Beethoven_WoO80_var23_8bars_Score_13.mid,keep_unique,,train,13.082965447916665,219.99981666681956,228,17.427241622525784
BigSynthPiano,Beethoven,..\data\new_midi_files\BigSynthPiano\midi\Beethoven_WoO80_var25_8bars_11_14.mid,keep_unique,,train,13.670833333333333,219.0552441953563,131,9.582444376714417
BigSynthPiano,Beethoven,..\data\new_midi_files\BigSynthPiano\midi\Beethoven_WoO80_var25_8bars_14_14.mid,keep_unique,,train,19.427083333333332,174.73456121343455,132,6.794638069705094
BigSynthPiano,Beethoven,..\data\new_midi_files\BigSynthPiano\midi\Beethoven_WoO80_var25_8bars_18_14.mid,keep_unique,,test,13.117708333333333,229.29936305732494,132,10.062733264512032
BigSynthPiano,Beethoven,..\data\new_midi_files\BigSynthPiano\midi\Beethoven_WoO80_var25_8bars_19_14.mid,keep_unique,,train,13.189583333333333,195.71865443425068,143,10.841889117043122
BigSynthPiano,Beethoven,..\data\new_midi_files\BigSynthPiano\midi\Beethoven_WoO80_var25_8bars_1_14.mid,keep_unique,,train,14.821875,215.0591163658991,132,8.905755850727388
BigSynthPiano,Beethoven,..\data\new_midi_files\BigSynthPiano\midi\Beethoven_WoO80_var25_8bars_22_14.mid,keep_unique,,train,13.9125,218.73417721518976,131,9.415992812219228
BigSynthPiano,Beethoven,..\data\new_midi_files\BigSynthPiano\midi\Beethoven_WoO80_var25_8bars_24_14.mid,keep_unique,,train,13.890625,222.7722772277227,132,9.50281214848144
BigSynthPiano,Beethoven,..\data\new_midi_files\BigSynthPiano\midi\Beethoven_WoO80_var25_8bars_26_14.mid,keep_unique,,train,13.594791666666666,216.7635990420802,132,9.709600796873804
BigSynthPiano,Beethoven,..\data\new_midi_files\BigSynthPiano\midi\Beethoven_WoO80_var25_8bars_2_14.mid,keep_unique,,train,12.984375,241.66666666666694,131,10.089049338146811
BigSynthPiano,Beethoven,..\data\new_midi_files\BigSynthPiano\midi\Beethoven_WoO80_var25_8bars_3_14.mid,keep_unique,,train,14.785416666666666,214.9983033593486,133,8.995350147949837
BigSynthPiano,Beethoven,..\data\new_midi_files\BigSynthPiano\midi\Beethoven_WoO80_var25_8bars_4_14.mid,keep_unique,,train,15.261458333333334,211.76470588235324,132,8.649238959797966
BigSynthPiano,Beethoven,..\data\new_midi_files\BigSynthPiano\midi\Beethoven_WoO80_var25_8bars_7_14.mid,keep_unique,,train,13.620833333333334,228.20919175911246,132,9.691037014377486
BigSynthPiano,Beethoven,..\data\new_midi_files\BigSynthPiano\midi\Beethoven_WoO80_var27_8bars_11_15.mid,keep_unique,,train,14.31875,235.90443686006824,236,16.481885639458753
BigSynthPiano,Beethoven,..\data\new_midi_files\BigSynthPiano\midi\Beethoven_WoO80_var27_8bars_14_15.mid,keep_unique,,train,14.933333333333334,207.51415337107568,230,15.401785714285714
BigSynthPiano,Beethoven,..\data\new_midi_files\BigSynthPiano\midi\Beethoven_WoO80_var27_8bars_18_15.mid,keep_unique,,dev,14.909374999999999,234.54085930918288,228,15.29239153217355
BigSynthPiano,Beethoven,..\data\new_midi_files\BigSynthPiano\midi\Beethoven_WoO80_var27_8bars_19_15.mid,keep_unique,,test,14.520833333333334,238.23053407660504,231,15.908177905308465
BigSynthPiano,Beethoven,..\data\new_midi_files\BigSynthPiano\midi\Beethoven_WoO80_var27_8bars_1_15.mid,keep_unique,,train,14.979166666666666,219.26514399205544,213,14.219749652294855
BigSynthPiano,Beethoven,..\data\new_midi_files\BigSynthPiano\midi\Beethoven_WoO80_var27_8bars_22_15.mid,keep_unique,,train,16.136458333333334,223.97072278133587,226,14.005551610612613
BigSynthPiano,Beethoven,..\data\new_midi_files\BigSynthPiano\midi\Beethoven_WoO80_var27_8bars_24_15.mid,keep_unique,,train,14.416666666666666,240.35767511177352,234,16.23121387283237
BigSynthPiano,Beethoven,..\data\new_midi_files\BigSynthPiano\midi\Beethoven_WoO80_var27_8bars_26_15.mid,keep_unique,,train,15.619791666666666,213.4998049161139,221,14.14871623874625
BigSynthPiano,Beethoven,..\data\new_midi_files\BigSynthPiano\midi\Beethoven_WoO80_var27_8bars_2_15.mid,keep_unique,,train,14.301041666666666,236.49635036496335,230,16.082744555320854
BigSynthPiano,Beethoven,..\data\new_midi_files\BigSynthPiano\midi\Beethoven_WoO80_var27_8bars_3_15.mid,keep_unique,,train,14.86875,221.1458948611931,244,16.41025641025641
BigSynthPiano,Beethoven,..\data\new_midi_files\BigSynthPiano\midi\Beethoven_WoO80_var27_8bars_4_15.mid,keep_unique,,train,14.234375,227.18446601941753,210,14.753018660812295
BigSynthPiano,Beethoven,..\data\new_midi_files\BigSynthPiano\midi\Beethoven_WoO80_var27_8bars_7_15.mid,keep_unique,,train,15.344791666666666,220.85889570552146,230,14.988799131084109
BigSynthPiano,Beethoven,..\data\new_midi_files\BigSynthPiano\midi\Beethoven_WoO80_var28_8bars_11_16.mid,keep_unique,,train,15.476041666666667,208.58768753233306,117,7.5600726930066635
BigSynthPiano,Beethoven,..\data\new_midi_files\BigSynthPiano\midi\Beethoven_WoO80_var28_8bars_14_16.mid,keep_unique,,train,20.975,199.3079584775087,117,5.578069129916567
BigSynthPiano,Beethoven,..\data\new_midi_files\BigSynthPiano\midi\Beethoven_WoO80_var28_8bars_18_16.mid,keep_unique,,train,18.545833333333334,209.41828254847647,117,6.308694675353853
BigSynthPiano,Beethoven,..\data\new_midi_files\BigSynthPiano\midi\Beethoven_WoO80_var28_8bars_19_16.mid,keep_unique,,dev,17.402083333333334,199.65337954939332,116,6.665868550221477
BigSynthPiano,Beethoven,..\data\new_midi_files\BigSynthPiano\midi\Beethoven_WoO80_var28_8bars_1_16.mid,keep_unique,,train,17.5625,206.63677130044837,118,6.7188612099644125
BigSynthPiano,Beethoven,..\data\new_midi_files\BigSynthPiano\midi\Beethoven_WoO80_var28_8bars_22_16.mid,keep_unique,,dev,19.934375,188.5090909090911,117,5.869258504467785
BigSynthPiano,Beethoven,..\data\new_midi_files\BigSynthPiano\midi\Beethoven_WoO80_var28_8bars_24_16.mid,keep_unique,,train,16.5375,213.20172732880937,117,7.074829931972788
BigSynthPiano,Beethoven,..\data\new_midi_files\BigSynthPiano\midi\Beethoven_WoO80_var28_8bars_26_16.mid,keep_unique,,dev,17.541666666666668,197.790385189609,117,6.669833729216151
BigSynthPiano,Beethoven,..\data\new_midi_files\BigSynthPiano\midi\Beethoven_WoO80_var28_8bars_2_16.mid,keep_unique,,train,18.240625,210.98901098901092,117,6.414253897550111
BigSynthPiano,Beethoven,..\data\new_midi_files\BigSynthPiano\midi\Beethoven_WoO80_var28_8bars_3_16.mid,keep_unique,,dev,16.461458333333333,209.12863070539416,117,7.107511232044549
BigSynthPiano,Beethoven,..\data\new_midi_files\BigSynthPiano\midi\Beethoven_WoO80_var28_8bars_4_16.mid,keep_unique,,train,18.240625,206.67954733646155,117,6.414253897550111
BigSynthPiano,Beethoven,..\data\new_midi_files\BigSynthPiano\midi\Beethoven_WoO80_var28_8bars_7_16.mid,keep_unique,,train,19.675,197.26027397260304,119,6.048284625158831
BigSynthPiano,Beethoven,..\data\new_midi_files\BigSynthPiano\midi\Beethoven_WoO80_var30_8bars_11_17.mid,keep_unique,,train,18.75625,86.90867134108454,95,5.064978340553148
BigSynthPiano,Beethoven,..\data\new_midi_files\BigSynthPiano\midi\Beethoven_WoO80_var30_8bars_14_17.mid,keep_unique,,dev,38.483333333333334,44.312561819980225,96,2.494586401039411
BigSynthPiano,Beethoven,..\data\new_midi_files\BigSynthPiano\midi\Beethoven_WoO80_var30_8bars_18_17.mid,keep_unique,,train,23.403125,73.76340643508884,96,4.1020162905594875
BigSynthPiano,Beethoven,..\data\new_midi_files\BigSynthPiano\midi\Beethoven_WoO80_var30_8bars_19_17.mid,keep_unique,,test,31.583333333333332,59.51291512915131,96,3.0395778364116097
BigSynthPiano,Beethoven,..\data\new_midi_files\BigSynthPiano\midi\Beethoven_WoO80_var30_8bars_1_17.mid,keep_unique,,test,29.375,62.217954872779615,98,3.3361702127659574
BigSynthPiano,Beethoven,..\data\new_midi_files\BigSynthPiano\midi\Beethoven_WoO80_var30_8bars_22_17.mid,keep_unique,,train,25.152083333333334,63.88957357653438,96,3.8167812474115794
BigSynthPiano,Beethoven,..\data\new_midi_files\BigSynthPiano\midi\Beethoven_WoO80_var30_8bars_24_17.mid,keep_unique,,train,20.415625,86.40000000000003,96,4.702280728608603
BigSynthPiano,Beethoven,..\data\new_midi_files\BigSynthPiano\midi\Beethoven_WoO80_var30_8bars_26_17.mid,keep_unique,,dev,26.901041666666668,59.99107275703022,96,3.5686350435624394
BigSynthPiano,Beethoven,..\data\new_midi_files\BigSynthPiano\midi\Beethoven_WoO80_var30_8bars_2_17.mid,keep_unique,,test,22.136458333333334,87.24794092587335,96,4.336737094724954
BigSynthPiano,Beethoven,..\data\new_midi_files\BigSynthPiano\midi\Beethoven_WoO80_var30_8bars_3_17.mid,keep_unique,,dev,24.079166666666666,64.92884317317174,96,3.9868489358020422
BigSynthPiano,Beethoven,..\data\new_midi_files\BigSynthPiano\midi\Beethoven_WoO80_var30_8bars_4_17.mid,keep_unique,,train,25.692708333333332,71.07820453493754,95,3.697547131562944
BigSynthPiano,Beethoven,..\data\new_midi_files\BigSynthPiano\midi\Beethoven_WoO80_var30_8bars_7_17.mid,keep_unique,,train,28.883333333333333,68.54422848076157,98,3.3929601846508946
BigSynthPiano,Beethoven,..\data\new_midi_files\BigSynthPiano\midi\Beethoven_WoO80_var30_8bars_Score2_17.mid,keep_unique,,train,19.496875997916664,80.0,96,4.923865752147066
BigSynthPiano,Beethoven,..\data\new_midi_files\BigSynthPiano\midi\Beethoven_WoO80_var30_8bars_Score_17.mid,keep_unique,,dev,17.9609375,80.0,96,5.34493257938234
BigSynthPiano,Beethoven,..\data\new_midi_files\BigSynthPiano\midi\Beethoven_WoO80_var3_8bars_11_2.mid,keep_unique,,test,11.827083333333333,246.4675892206848,184,15.557512770829664
BigSynthPiano,Beethoven,..\data\new_midi_files\BigSynthPiano\midi\Beethoven_WoO80_var3_8bars_14_2.mid,keep_unique,,train,15.640625,201.2813046010484,183,11.7002997002997
BigSynthPiano,Beethoven,..\data\new_midi_files\BigSynthPiano\midi\Beethoven_WoO80_var3_8bars_18_2.mid,keep_unique,,train,15.941666666666666,209.57487552661803,184,11.542080501829588
BigSynthPiano,Beethoven,..\data\new_midi_files\BigSynthPiano\midi\Beethoven_WoO80_var3_8bars_19_2.mid,keep_unique,,dev,11.476041666666667,228.15988476773484,187,16.29481710084415
BigSynthPiano,Beethoven,..\data\new_midi_files\BigSynthPiano\midi\Beethoven_WoO80_var3_8bars_1_2.mid,keep_unique,,train,14.207291666666666,236.06557377049182,188,13.232641689273407
BigSynthPiano,Beethoven,..\data\new_midi_files\BigSynthPiano\midi\Beethoven_WoO80_var3_8bars_22_2.mid,keep_unique,,dev,12.682291666666666,236.94633119678556,183,14.429568788501028
BigSynthPiano,Beethoven,..\data\new_midi_files\BigSynthPiano\midi\Beethoven_WoO80_var3_8bars_24_2.mid,keep_unique,,test,12.501041666666666,237.5634517766497,184,14.718773435547039
BigSynthPiano,Beethoven,..\data\new_midi_files\BigSynthPiano\midi\Beethoven_WoO80_var3_8bars_26_2.mid,keep_unique,,test,14.5625,205.4522292993631,184,12.63519313304721
BigSynthPiano,Beethoven,..\data\new_midi_files\BigSynthPiano\midi\Beethoven_WoO80_var3_8bars_2_2.mid,keep_unique,,train,12.523958333333333,247.17372003551344,182,14.532146718788988
BigSynthPiano,Beethoven,..\data\new_midi_files\BigSynthPiano\midi\Beethoven_WoO80_var3_8bars_3_2.mid,keep_unique,,dev,13.4625,230.75730162832758,187,13.890436397400185
BigSynthPiano,Beethoven,..\data\new_midi_files\BigSynthPiano\midi\Beethoven_WoO80_var3_8bars_4_2.mid,keep_unique,,train,12.704166666666666,235.04773637203556,179,14.089865529681864
BigSynthPiano,Beethoven,..\data\new_midi_files\BigSynthPiano\midi\Beethoven_WoO80_var3_8bars_7_2.mid,keep_unique,,train,14.09375,223.12769010043024,190,13.481152993348115
BigSynthPiano,Beethoven,..\data\new_midi_files\BigSynthPiano\midi\Beethoven_WoO80_var3_8bars_Score2_2.mid,keep_unique,,train,12.803419760416665,219.99981666681953,184,14.371160474552156
BigSynthPiano,Beethoven,..\data\new_midi_files\BigSynthPiano\midi\Beethoven_WoO80_var3_8bars_Score_2.mid,keep_unique,,train,12.141154889583333,232.00017013345817,184,15.155065697898745
BigSynthPiano,Beethoven,..\data\new_midi_files\BigSynthPiano\midi\Beethoven_WoO80_var4_8bars_11_3.mid,keep_unique,,train,12.896875,177.9975278121137,107,8.296583474678943
BigSynthPiano,Beethoven,..\data\new_midi_files\BigSynthPiano\midi\Beethoven_WoO80_var4_8bars_14_3.mid,keep_unique,,test,22.130208333333332,217.54613143412098,107,4.8350200047069904
BigSynthPiano,Beethoven,..\data\new_midi_files\BigSynthPiano\midi\Beethoven_WoO80_var4_8bars_18_3.mid,keep_unique,,train,16.246875,232.82134195634632,107,6.585881900365456
BigSynthPiano,Beethoven,..\data\new_midi_files\BigSynthPiano\midi\Beethoven_WoO80_var4_8bars_19_3.mid,keep_unique,,train,13.583333333333334,177.07509881422928,107,7.877300613496932
BigSynthPiano,Beethoven,..\data\new_midi_files\BigSynthPiano\midi\Beethoven_WoO80_var4_8bars_1_3.mid,keep_unique,,train,15.367708333333333,195.45300305395315,107,6.962651664068325
BigSynthPiano,Beethoven,..\data\new_midi_files\BigSynthPiano\midi\Beethoven_WoO80_var4_8bars_22_3.mid,keep_unique,,train,12.989583333333334,170.65179505054027,107,8.237369687249398
BigSynthPiano,Beethoven,..\data\new_midi_files\BigSynthPiano\midi\Beethoven_WoO80_var4_8bars_24_3.mid,keep_unique,,train,12.935416666666667,183.67346938775503,107,8.271863424061845
BigSynthPiano,Beethoven,..\data\new_midi_files\BigSynthPiano\midi\Beethoven_WoO80_var4_8bars_26_3.mid,keep_unique,,dev,14.85625,172.45508982035918,108,7.269667648296172
BigSynthPiano,Beethoven,..\data\new_midi_files\BigSynthPiano\midi\Beethoven_WoO80_var4_8bars_2_3.mid,keep_unique,,train,12.988541666666666,190.33457249070628,107,8.23803031518165
BigSynthPiano,Beethoven,..\data\new_midi_files\BigSynthPiano\midi\Beethoven_WoO80_var4_8bars_3_3.mid,keep_unique,,train,14.488541666666666,166.67105090096018,106,7.316126249191171
BigSynthPiano,Beethoven,..\data\new_midi_files\BigSynthPiano\midi\Beethoven_WoO80_var4_8bars_4_3.mid,keep_unique,,train,13.197916666666666,181.04098566758864,108,8.183109707971587
BigSynthPiano,Beethoven,..\data\new_midi_files\BigSynthPiano\midi\Beethoven_WoO80_var4_8bars_7_3.mid,keep_unique,,train,15.942708333333334,240.73911130664322,107,6.711532179026461
BigSynthPiano,Beethoven,..\data\new_midi_files\BigSynthPiano\midi\Beethoven_WoO80_var4_8bars_Score2_3.mid,keep_unique,,test,15.88750794375,269.9998650000675,107,6.734851077893108
BigSynthPiano,Beethoven,..\data\new_midi_files\BigSynthPiano\midi\Beethoven_WoO80_var4_8bars_Score_3.mid,keep_unique,,train,12.404085731250001,174.00012760009355,107,8.626189976293984
BigSynthPiano,Beethoven,..\data\new_midi_files\BigSynthPiano\midi\Beethoven_WoO80_var5_8bars_11_4.mid,keep_unique,,test,15.740625,210.2737940026076,161,10.228310502283104
BigSynthPiano,Beethoven,..\data\new_midi_files\BigSynthPiano\midi\Beethoven_WoO80_var5_8bars_14_4.mid,keep_unique,,dev,27.565625,150.50953749673357,150,5.441559913841968
BigSynthPiano,Beethoven,..\data\new_midi_files\BigSynthPiano\midi\Beethoven_WoO80_var5_8bars_18_4.mid,keep_unique,,train,18.434375,183.18945933666544,146,7.919986438379387
BigSynthPiano,Beethoven,..\data\new_midi_files\BigSynthPiano\midi\Beethoven_WoO80_var5_8bars_19_4.mid,keep_unique,,train,16.246875,197.26027397260276,159,9.786497403346798
BigSynthPiano,Beethoven,..\data\new_midi_files\BigSynthPiano\midi\Beethoven_WoO80_var5_8bars_1_4.mid,keep_unique,,train,16.172916666666666,192.34523503724637,147,9.089269612263301
BigSynthPiano,Beethoven,..\data\new_midi_files\BigSynthPiano\midi\Beethoven_WoO80_var5_8bars_22_4.mid,keep_unique,,dev,15.819791666666667,202.4395286334505,157,9.924277342463949
BigSynthPiano,Beethoven,..\data\new_midi_files\BigSynthPiano\midi\Beethoven_WoO80_var5_8bars_24_4.mid,keep_unique,,test,15.190624999999999,210.5144784931122,160,10.532812178564082
BigSynthPiano,Beethoven,..\data\new_midi_files\BigSynthPiano\midi\Beethoven_WoO80_var5_8bars_26_4.mid,keep_unique,,train,17.073958333333334,199.5957262489172,161,9.429565005185772
BigSynthPiano,Beethoven,..\data\new_midi_files\BigSynthPiano\midi\Beethoven_WoO80_var5_8bars_2_4.mid,keep_unique,,train,13.383333333333333,219.01140684410635,144,10.759651307596513
BigSynthPiano,Beethoven,..\data\new_midi_files\BigSynthPiano\midi\Beethoven_WoO80_var5_8bars_3_4.mid,keep_unique,,train,14.971874999999999,214.22594142259427,156,10.419536631183469
BigSynthPiano,Beethoven,..\data\new_midi_files\BigSynthPiano\midi\Beethoven_WoO80_var5_8bars_4_4.mid,keep_unique,,train,18.375,178.7306064880111,157,8.54421768707483
BigSynthPiano,Beethoven,..\data\new_midi_files\BigSynthPiano\midi\Beethoven_WoO80_var5_8bars_7_4.mid,keep_unique,,train,16.245833333333334,213.6930860033726,162,9.97178763785586
BigSynthPiano,Beethoven,..\data\new_midi_files\BigSynthPiano\midi\Beethoven_WoO80_var5_8bars_Score2_4.mid,keep_unique,,train,14.08375,199.9999999999999,161,11.431614449276648
BigSynthPiano,Beethoven,..\data\new_midi_files\BigSynthPiano\midi\Beethoven_WoO80_var5_8bars_Score_4.mid,keep_unique,,dev,12.141154889583333,232.0001701334581,161,13.260682485661402
BigSynthPiano,Beethoven,..\data\new_midi_files\BigSynthPiano\midi\Beethoven_WoO80_var6_8bars_11_5.mid,keep_unique,,dev,12.239583333333334,197.26027397260248,164,13.399148936170212
BigSynthPiano,Beethoven,..\data\new_midi_files\BigSynthPiano\midi\Beethoven_WoO80_var6_8bars_14_5.mid,keep_unique,,train,13.269791666666666,199.35394554683873,162,12.208179605934532
BigSynthPiano,Beethoven,..\data\new_midi_files\BigSynthPiano\midi\Beethoven_WoO80_var6_8bars_18_5.mid,keep_unique,,train,15.997916666666667,175.66331198536128,159,9.938794113816904
BigSynthPiano,Beethoven,..\data\new_midi_files\BigSynthPiano\midi\Beethoven_WoO80_var6_8bars_19_5.mid,keep_unique,,test,12.135416666666666,194.59459459459467,158,13.019742489270387
BigSynthPiano,Beethoven,..\data\new_midi_files\BigSynthPiano\midi\Beethoven_WoO80_var6_8bars_1_5.mid,keep_unique,,dev,12.065625,211.1925897336934,164,13.592333592333592
BigSynthPiano,Beethoven,..\data\new_midi_files\BigSynthPiano\midi\Beethoven_WoO80_var6_8bars_22_5.mid,keep_unique,,dev,13.961458333333333,183.0993377483444,158,11.316869357606507
BigSynthPiano,Beethoven,..\data\new_midi_files\BigSynthPiano\midi\Beethoven_WoO80_var6_8bars_24_5.mid,keep_unique,,train,13.614583333333334,184.34854429072885,162,11.899005355776588
BigSynthPiano,Beethoven,..\data\new_midi_files\BigSynthPiano\midi\Beethoven_WoO80_var6_8bars_26_5.mid,keep_unique,,train,12.86875,190.39224327897762,163,12.66634288489558
BigSynthPiano,Beethoven,..\data\new_midi_files\BigSynthPiano\midi\Beethoven_WoO80_var6_8bars_2_5.mid,keep_unique,,test,12.989583333333334,200.389646534929,159,12.240577385725741
BigSynthPiano,Beethoven,..\data\new_midi_files\BigSynthPiano\midi\Beethoven_WoO80_var6_8bars_3_5.mid,keep_unique,,train,12.988541666666666,182.14285714285717,162,12.47253187906007
BigSynthPiano,Beethoven,..\data\new_midi_files\BigSynthPiano\midi\Beethoven_WoO80_var6_8bars_4_5.mid,keep_unique,,dev,11.221875,207.04892162019993,158,14.079643553327763
BigSynthPiano,Beethoven,..\data\new_midi_files\BigSynthPiano\midi\Beethoven_WoO80_var6_8bars_7_5.mid,keep_unique,,test,13.670833333333333,174.54545454545448,161,11.776897287412375
BigSynthPiano,Beethoven,..\data\new_midi_files\BigSynthPiano\midi\Beethoven_WoO80_var8_8bars_11_6.mid,keep_unique,,dev,16.558333333333334,219.34501142421936,373,22.526421741318572
BigSynthPiano,Beethoven,..\data\new_midi_files\BigSynthPiano\midi\Beethoven_WoO80_var8_8bars_14_6.mid,keep_unique,,dev,28.972916666666666,202.94682895579714,363,12.528942259293881
BigSynthPiano,Beethoven,..\data\new_midi_files\BigSynthPiano\midi\Beethoven_WoO80_var8_8bars_18_6.mid,keep_unique,,train,20.49375,203.39880821010857,354,17.27355901189387
BigSynthPiano,Beethoven,..\data\new_midi_files\BigSynthPiano\midi\Beethoven_WoO80_var8_8bars_19_6.mid,keep_unique,,test,17.922916666666666,222.65546218487367,348,19.416482622341046
BigSynthPiano,Beethoven,..\data\new_midi_files\BigSynthPiano\midi\Beethoven_WoO80_var8_8bars_1_6.mid,keep_unique,,test,18.989583333333332,217.64836630362322,324,17.061985737794846
BigSynthPiano,Beethoven,..\data\new_midi_files\BigSynthPiano\midi\Beethoven_WoO80_var8_8bars_22_6.mid,keep_unique,,train,18.497916666666665,212.70310192023624,368,19.894132222097085
BigSynthPiano,Beethoven,..\data\new_midi_files\BigSynthPiano\midi\Beethoven_WoO80_var8_8bars_24_6.mid,keep_unique,,dev,16.858333333333334,230.18335684062038,367,21.76964903608502
BigSynthPiano,Beethoven,..\data\new_midi_files\BigSynthPiano\midi\Beethoven_WoO80_var8_8bars_26_6.mid,keep_unique,,train,18.555208333333333,216.88107938500184,364,19.61713355414585
BigSynthPiano,Beethoven,..\data\new_midi_files\BigSynthPiano\midi\Beethoven_WoO80_var8_8bars_2_6.mid,keep_unique,,train,16.9875,217.4496644295301,349,20.544518027961736
BigSynthPiano,Beethoven,..\data\new_midi_files\BigSynthPiano\midi\Beethoven_WoO80_var8_8bars_3_6.mid,keep_unique,,test,15.732291666666667,230.88607594936693,377,23.963450970005958
BigSynthPiano,Beethoven,..\data\new_midi_files\BigSynthPiano\midi\Beethoven_WoO80_var8_8bars_4_6.mid,keep_unique,,train,19.995833333333334,201.62291169451095,348,17.403625755365702
BigSynthPiano,Beethoven,..\data\new_midi_files\BigSynthPiano\midi\Beethoven_WoO80_var8_8bars_7_6.mid,keep_unique,,train,16.670833333333334,218.43254424270276,351,21.05473631592102
BigSynthPiano,Beethoven,..\data\new_midi_files\BigSynthPiano\midi\Beethoven_WoO80_var8_8bars_Score2_6.mid,keep_unique,,train,14.4,199.99999999999997,367,25.48611111111111
BigSynthPiano,Beethoven,..\data\new_midi_files\BigSynthPiano\midi\Beethoven_WoO80_var8_8bars_Score_6.mid,keep_unique,,train,14.08375,199.99999999999997,367,26.058400639034346
BigSynthPiano,Beethoven,..\data\new_midi_files\BigSynthPiano\midi\Beethoven_WoO80_var9_8bars_11_7.mid,keep_unique,,train,18.871875,221.65212929707513,258,13.671137605563835
BigSynthPiano,Beethoven,..\data\new_midi_files\BigSynthPiano\midi\Beethoven_WoO80_var9_8bars_14_7.mid,keep_unique,,train,34.99791666666667,220.19113814074635,273,7.800464313351985
BigSynthPiano,Beethoven,..\data\new_midi_files\BigSynthPiano\midi\Beethoven_WoO80_var9_8bars_18_7.mid,keep_unique,,train,23.994791666666668,213.10782241014803,253,10.543954851313218
BigSynthPiano,Beethoven,..\data\new_midi_files\BigSynthPiano\midi\Beethoven_WoO80_var9_8bars_19_7.mid,keep_unique,,dev,23.323958333333334,209.2009685230023,238,10.204099861551516
BigSynthPiano,Beethoven,..\data\new_midi_files\BigSynthPiano\midi\Beethoven_WoO80_var9_8bars_1_7.mid,keep_unique,,train,20.670833333333334,220.36492054149548,245,11.852449103003426
BigSynthPiano,Beethoven,..\data\new_midi_files\BigSynthPiano\midi\Beethoven_WoO80_var9_8bars_22_7.mid,keep_unique,,train,20.804166666666667,223.0200633579725,258,12.401361906669337
BigSynthPiano,Beethoven,..\data\new_midi_files\BigSynthPiano\midi\Beethoven_WoO80_var9_8bars_24_7.mid,keep_unique,,train,18.973958333333332,215.63532261616402,258,13.597584408454571
BigSynthPiano,Beethoven,..\data\new_midi_files\BigSynthPiano\midi\Beethoven_WoO80_var9_8bars_26_7.mid,keep_unique,,train,27.140625,205.3316800991942,262,9.65342544617156
BigSynthPiano,Beethoven,..\data\new_midi_files\BigSynthPiano\midi\Beethoven_WoO80_var9_8bars_2_7.mid,keep_unique,,train,17.739583333333332,220.5405405405402,256,14.431004110393424
BigSynthPiano,Beethoven,..\data\new_midi_files\BigSynthPiano\midi\Beethoven_WoO80_var9_8bars_3_7.mid,keep_unique,,train,19.235416666666666,223.15696258578717,243,12.6329470377992
BigSynthPiano,Beethoven,..\data\new_midi_files\BigSynthPiano\midi\Beethoven_WoO80_var9_8bars_4_7.mid,keep_unique,,train,24.482291666666665,220.01527883880797,265,10.824150108496788
BigSynthPiano,Beethoven,..\data\new_midi_files\BigSynthPiano\midi\Beethoven_WoO80_var9_8bars_7_7.mid,keep_unique,,train,21.994791666666668,210.12875536480672,258,11.730049727681742
BigSynthPiano,Beethoven,..\data\new_midi_files\BigSynthPiano\midi\Beethoven_WoO80_var9_8bars_Score2_7.mid,keep_unique,,dev,17.9609375,225.8097686375322,254,14.141800782949108
BigSynthPiano,Beethoven,..\data\new_midi_files\BigSynthPiano\midi\Beethoven_WoO80_var9_8bars_Score_7.mid,keep_unique,,train,17.6046875,225.8097686375322,254,14.427975503683323
ChoralTech.us,Beethoven,..\data\new_midi_files\ChoralTech.us\Beethoven\000124_all.mid,keep_unique,,train,156.0,139.39393939393932,676,4.333333333333333
ChoralTech.us,Beethoven,..\data\new_midi_files\ChoralTech.us\Beethoven\000125_all.mid,keep_unique,,test,493.93311300000005,155.45470090924675,2340,4.737483554782447
ChoralTech.us,Beethoven,..\data\new_midi_files\ChoralTech.us\Beethoven\000126_all.mid,keep_unique,,test,562.713879,163.69247138477894,2557,4.5440499966769075
ChoralTech.us,Beethoven,..\data\new_midi_files\ChoralTech.us\Beethoven\000127_all.mid,keep_unique,,dev,409.8,159.45205479452062,2587,6.312835529526598
ChoralTech.us,Beethoven,..\data\new_midi_files\ChoralTech.us\Beethoven\000128_all.mid,keep_unique,,train,330.78539800000004,108.04358630445599,1153,3.485643583336166
commons.wikimedia.org,Beethoven,..\data\new_midi_files\commons.wikimedia.org\Beethoven\BeethovenFurElise.mid,keep_unique,,train,140.23524937500002,198.30547120093695,2072,14.77517249931442
commons.wikimedia.org,Beethoven,..\data\new_midi_files\commons.wikimedia.org\Beethoven\Beethoven_-_Die_Himmel_rühmen_des_Ewigen_Ehre_(MIDI-Datei).mid,keep_unique,,train,108.828125,84.80981595092024,721,6.625125628140704
commons.wikimedia.org,Beethoven,..\data\new_midi_files\commons.wikimedia.org\Beethoven\Beethoven_-_Fur_Elise.mid,keep_unique,,dev,165.60070149999956,265.7183232720862,1042,6.292243876756783
commons.wikimedia.org,Beethoven,..\data\new_midi_files\commons.wikimedia.org\Beethoven\Beethoven_-_Pathetique_2nd_Movement.mid,keep_unique,,test,308.9777257916665,197.33568347550258,1643,5.3175354171252485
commons.wikimedia.org,Beethoven,..\data\new_midi_files\commons.wikimedia.org\Beethoven\Beethoven_Op._33_no._1.mid,keep_unique,,dev,168.0,212.46942784972646,1288,7.666666666666667
commons.wikimedia.org,Beethoven,..\data\new_midi_files\commons.wikimedia.org\Beethoven\Drei-duos-für-Clarinette-und-Fagott_No3.mid,keep_unique,,train,1055.0,226.5717192268568,6804,6.449289099526067
commons.wikimedia.org,Beethoven,..\data\new_midi_files\commons.wikimedia.org\Beethoven\DreiDuosFürClarinetteUndFagott_No1.mid,keep_unique,,train,690.1069120000001,220.25379516011483,4413,6.394661353572995
commons.wikimedia.org,Beethoven,..\data\new_midi_files\commons.wikimedia.org\Beethoven\DreiDuosFürClarinetteUndFagott_No2.mid,keep_unique,,train,945.0,233.07159353348726,5840,6.1798941798941796
commons.wikimedia.org,Beethoven,..\data\new_midi_files\commons.wikimedia.org\Beethoven\Furelise.mid,keep_unique,,train,148.22332078779763,151.3776905715578,1033,6.969213714209545
commons.wikimedia.org,Beethoven,..\data\new_midi_files\commons.wikimedia.org\Beethoven\Für_Elise.mid,keep_unique,,test,176.0,231.39678615574906,1044,5.931818181818182
commons.wikimedia.org,Beethoven,"..\data\new_midi_files\commons.wikimedia.org\Beethoven\Für_Elise_(1810),_composed_by_Ludwig_van_Beethoven_-_piano_music.mid",keep_unique,,dev,182.41666666666666,241.27312718333528,1038,5.6902695294655095
commons.wikimedia.org,Beethoven,..\data\new_midi_files\commons.wikimedia.org\Beethoven\Ludwig_van_Beethoven_-_Bagatelles_Op._126.mid,keep_unique,,train,1138.2493959375001,191.0632139299171,7520,6.6066364953405285
commons.wikimedia.org,Beethoven,..\data\new_midi_files\commons.wikimedia.org\Beethoven\Ludwig_van_Beethoven_-_Sonate_Op._53_(Waldstein)_-_RONDO_-_Allegretto_moderato.mid,keep_unique,,dev,534.6426680000001,193.7553608837849,7417,13.872817199094179
commons.wikimedia.org,Beethoven,..\data\new_midi_files\commons.wikimedia.org\Beethoven\Moonlite.mid,keep_unique,,train,418.920400911459,167.33293565995498,6540,15.611557674848742
commons.wikimedia.org,Beethoven,..\data\new_midi_files\commons.wikimedia.org\Beethoven\Pathétique-1.mid,keep_unique,,train,418.0,210.1053769251559,4371,10.456937799043063
commons.wikimedia.org,Beethoven,..\data\new_midi_files\commons.wikimedia.org\Beethoven\Pathétique-2.mid,keep_unique,,train,304.0,194.13227250124075,1625,5.345394736842105
commons.wikimedia.org,Beethoven,..\data\new_midi_files\commons.wikimedia.org\Beethoven\Pathétique-3.mid,keep_unique,,dev,266.0,212.31820923530083,2392,8.992481203007518
commons.wikimedia.org,Beethoven,..\data\new_midi_files\commons.wikimedia.org\Beethoven\Piano_Concerto_No._5_(E_flat_Major)_-_Movement_2_-_Adagio_un_poco_mosso.mid,keep_unique,,train,480.6005348395833,197.07803024084734,3104,6.458586237395814
commons.wikimedia.org,Beethoven,..\data\new_midi_files\commons.wikimedia.org\Beethoven\Piano_Concerto_No._5_(E_flat_Major)_-_Movement_3_-_Rondo_-_Allegro_ma_non_troppo.mid,keep_unique,,train,603.1049884250003,251.37982354505124,16813,27.877401650924657
commons.wikimedia.org,Beethoven,..\data\new_midi_files\commons.wikimedia.org\Beethoven\Quartet_13_mvt5.MID,keep_unique,,train,340.70277766666663,73.75612706342642,1215,3.5661581872652635
commons.wikimedia.org,Beethoven,..\data\new_midi_files\commons.wikimedia.org\Beethoven\Sym_9_First_Movement.mid,keep_unique,,train,894.5519434500011,181.5348115176669,29470,32.943866720968295
commons.wikimedia.org,Beethoven,..\data\new_midi_files\commons.wikimedia.org\Beethoven\Sym_9_Fourth_Movement.mid,keep_unique,,train,1379.3731213416668,221.73834325672337,47745,34.61354963446014
commons.wikimedia.org,Beethoven,..\data\new_midi_files\commons.wikimedia.org\Beethoven\Sym_9_Second_Movement.mid,keep_unique,,train,832.1817933749991,178.07762827038192,34834,41.8586422790231
commons.wikimedia.org,Beethoven,..\data\new_midi_files\commons.wikimedia.org\Beethoven\Sym_9_Third_Movement.mid,keep_unique,,train,983.4219821416667,147.57131831336105,8499,8.642271735162087
midi-classical-music,Beethoven,..\data\new_midi_files\midi-classical-music\data\beethoven-122.mid,keep_unique,,train,396.55668,193.4461040404355,6311,15.914496762480463
midi-classical-music,Beethoven,..\data\new_midi_files\midi-classical-music\data\beethoven-13.mid,keep_unique,,train,637.214819425,194.9823848812951,36637,57.495524088815024
midi-classical-music,Beethoven,..\data\new_midi_files\midi-classical-music\data\beethoven-134.mid,keep_unique,,test,423.89487900000006,212.86122878065024,7220,17.032524707617426
midi-classical-music,Beethoven,..\data\new_midi_files\midi-classical-music\data\beethoven-136.mid,keep_unique,,dev,663.0344776874892,212.7927862286493,8437,12.724828472610207
midi-classical-music,Beethoven,..\data\new_midi_files\midi-classical-music\data\beethoven-83.mid,keep_unique,,test,906.7906186999998,218.67942458937506,8119,8.953555355082548
midi-classical-music,Beethoven,..\data\new_midi_files\midi-classical-music\data\beethoven-sonata_no_17_in_d_minor_op_31_no_2_tempest.mid,keep_unique,,train,1400.9716055,215.63608886602987,9982,7.125055183711217
midisheetmusic.com,Beethoven,..\data\new_midi_files\midisheetmusic.com\Beethoven\Beethoven__Fur_Elise.mid,keep_unique,,train,39.595416666666665,218.18181818181824,147,3.712550905513054
midisheetmusic.com,Beethoven,..\data\new_midi_files\midisheetmusic.com\Beethoven\Beethoven__Minuet_in_G_major.mid,keep_unique,,train,81.333252,178.06469419372655,404,4.96721808197218
midisheetmusic.com,Beethoven,..\data\new_midi_files\midisheetmusic.com\Beethoven\Beethoven__Moonlight_Sonata.mid,keep_unique,,train,414.05625000000003,121.28113879003558,1141,2.7556642364413046
midisheetmusic.com,Beethoven,..\data\new_midi_files\midisheetmusic.com\Beethoven\Beethoven__Sonata_Pathetique_2nd_Mov.mid,keep_unique,,train,125.7964583333333,146.1300309597524,597,4.745761589074945
piano-midi.de,Beethoven,..\data\new_midi_files\piano-midi.de\Beethoven\appass_1.mid,keep_unique,,test,558.8990881520831,176.92769169292316,6377,11.409930943141461
piano-midi.de,Beethoven,..\data\new_midi_files\piano-midi.de\Beethoven\appass_3.mid,keep_unique,,train,465.00277304999923,265.2554833443439,7223,15.533240700100835
piano-midi.de,Beethoven,..\data\new_midi_files\piano-midi.de\Beethoven\beethoven_hammerklavier_1.mid,keep_unique,,train,592.2394806041693,205.57094949883006,8290,13.997715909690806
piano-midi.de,Beethoven,..\data\new_midi_files\piano-midi.de\Beethoven\beethoven_hammerklavier_2.mid,keep_unique,,train,135.8371857812501,205.917577115326,1887,13.891630551289488
piano-midi.de,Beethoven,..\data\new_midi_files\piano-midi.de\Beethoven\beethoven_hammerklavier_3.mid,keep_unique,,train,760.2866714749985,176.6348375009915,5190,6.826372465442688
piano-midi.de,Beethoven,..\data\new_midi_files\piano-midi.de\Beethoven\beethoven_hammerklavier_4.mid,keep_unique,,train,641.8536508458311,239.62741307322597,8008,12.476364338579524
piano-midi.de,Beethoven,..\data\new_midi_files\piano-midi.de\Beethoven\beethoven_les_adieux_1.mid,keep_unique,,dev,341.9503412041671,226.06159174067068,3308,9.673919284159755
piano-midi.de,Beethoven,..\data\new_midi_files\piano-midi.de\Beethoven\beethoven_les_adieux_2.mid,keep_unique,,train,173.54271171249988,187.69106677364513,868,5.001650552965746
piano-midi.de,Beethoven,..\data\new_midi_files\piano-midi.de\Beethoven\beethoven_les_adieux_3.mid,keep_unique,,train,300.60133043958376,164.34076907290043,5331,17.734452446382132
piano-midi.de,Beethoven,..\data\new_midi_files\piano-midi.de\Beethoven\beethoven_opus10_1.mid,keep_unique,,train,391.3510379354166,181.62427493722655,2874,7.343790411702669
piano-midi.de,Beethoven,..\data\new_midi_files\piano-midi.de\Beethoven\beethoven_opus10_2.mid,keep_unique,,train,388.6253193416663,160.413272216486,1616,4.158246824312719
piano-midi.de,Beethoven,..\data\new_midi_files\piano-midi.de\Beethoven\beethoven_opus10_3.mid,keep_unique,,train,216.9776389812498,196.94827061855167,2765,12.74324862682711
piano-midi.de,Beethoven,..\data\new_midi_files\piano-midi.de\Beethoven\beethoven_opus22_1.mid,keep_unique,,train,399.62400352708426,165.10533609340422,5189,12.984705508682787
piano-midi.de,Beethoven,..\data\new_midi_files\piano-midi.de\Beethoven\beethoven_opus22_2.mid,keep_unique,,train,321.1303938666663,194.18965192388933,2191,6.822773682735574
piano-midi.de,Beethoven,..\data\new_midi_files\piano-midi.de\Beethoven\beethoven_opus22_3.mid,keep_unique,,train,183.13906749583325,234.60741647637496,1921,10.48929661085943
piano-midi.de,Beethoven,..\data\new_midi_files\piano-midi.de\Beethoven\beethoven_opus22_4.mid,keep_unique,,train,282.7674696437504,173.89667732268478,3502,12.38473436994735
piano-midi.de,Beethoven,..\data\new_midi_files\piano-midi.de\Beethoven\beethoven_opus90_1.mid,keep_unique,,dev,292.93300773125,155.60505870307287,2633,8.988403254356482
piano-midi.de,Beethoven,..\data\new_midi_files\piano-midi.de\Beethoven\beethoven_opus90_2.mid,keep_unique,,train,494.23478050416696,249.35278938607647,4010,8.113552825864287
piano-midi.de,Beethoven,..\data\new_midi_files\piano-midi.de\Beethoven\elise.mid,keep_unique,,test,165.60070149999956,265.7183232720862,1041,6.28620525499406
piano-midi.de,Beethoven,..\data\new_midi_files\piano-midi.de\Beethoven\mond_2.mid,keep_unique,,train,124.04269665,181.8373708779358,898,7.239442742314809
piano-midi.de,Beethoven,..\data\new_midi_files\piano-midi.de\Beethoven\mond_3.mid,keep_unique,,train,410.35698690833357,173.3568333665443,6538,15.932469066160856
piano-midi.de,Beethoven,..\data\new_midi_files\piano-midi.de\Beethoven\pathetique_1.mid,keep_unique,,train,559.5184388645825,188.88590864369868,5954,10.641293631148796
piano-midi.de,Beethoven,..\data\new_midi_files\piano-midi.de\Beethoven\pathetique_2.mid,keep_unique,,train,309.03338704166646,197.24768796936672,1641,5.31010586172926
piano-midi.de,Beethoven,..\data\new_midi_files\piano-midi.de\Beethoven\pathetique_3.mid,keep_unique,,dev,257.25639376666663,186.70432929733394,2395,9.309778330222112
piano-midi.de,Beethoven,..\data\new_midi_files\piano-midi.de\Beethoven\waldstein_1.mid,keep_unique,,train,621.5064377249968,173.2976995465639,8576,13.798730760363734
piano-midi.de,Beethoven,..\data\new_midi_files\piano-midi.de\Beethoven\waldstein_2.mid,keep_unique,,test,246.16566550000002,101.80588971335705,493,2.0027163373845895
piano-midi.de,Beethoven,..\data\new_midi_files\piano-midi.de\Beethoven\waldstein_3.mid,keep_unique,,dev,578.8192457041629,179.75929422463918,7361,12.717268913622544
midisheetmusic.com,Chopin,..\data\new_midi_files\midisheetmusic.com\Chopin\Chopin__Minute_Waltz_Op._64_No._1_in_D-flat_major.mid,duplicate_of_candidate,..\data\new_midi_files\midisheetmusic.com\Chopin\Chopin__Minute_Waltz_Op._64_No._1_in__D-flat_major.mid,,151.1966666666667,180.0,1242,8.214466809233008
piano-midi.de,Chopin,..\data\new_midi_files\piano-midi.de\Chopin\chp_op18_format0.mid,duplicate_of_candidate,..\data\new_midi_files\Classical Music MIDI (Kaggle)\Chopin\chp_op18.mid,,310.23498348958407,222.4979157719129,4415,14.231148113404917
piano-midi.de,Chopin,..\data\new_midi_files\piano-midi.de\Chopin\chp_op31_format0.mid,duplicate_of_candidate,..\data\new_midi_files\Classical Music MIDI (Kaggle)\Chopin\chp_op31.mid,,517.3928686187508,195.28131250904804,5976,11.550217180135723
piano-midi.de,Chopin,..\data\new_midi_files\piano-midi.de\Chopin\chpn-p10_format0.mid,duplicate_of_candidate,..\data\new_midi_files\Classical Music MIDI (Kaggle)\Chopin\chpn-p10.mid,,23.343476858333336,208.00562675613074,322,13.794003436341145
piano-midi.de,Chopin,..\data\new_midi_files\piano-midi.de\Chopin\chpn-p11_format0.mid,duplicate_of_candidate,..\data\new_midi_files\Classical Music MIDI (Kaggle)\Chopin\chpn-p11.mid,,30.245918337499997,178.15472600332774,320,10.579939958485317
piano-midi.de,Chopin,..\data\new_midi_files\piano-midi.de\Chopin\chpn-p12_format0.mid,duplicate_of_candidate,..\data\new_midi_files\Classical Music MIDI (Kaggle)\Chopin\chpn-p12.mid,,56.628538924999965,255.4787176336777,1243,21.950063052946774
piano-midi.de,Chopin,..\data\new_midi_files\piano-midi.de\Chopin\chpn-p13_format0.mid,duplicate_of_candidate,..\data\new_midi_files\Classical Music MIDI (Kaggle)\Chopin\chpn-p13.mid,,153.47056699375005,184.12843964552127,904,5.890380271005414
piano-midi.de,Chopin,..\data\new_midi_files\piano-midi.de\Chopin\chpn-p14_format0.mid,duplicate_of_candidate,..\data\new_midi_files\Classical Music MIDI (Kaggle)\Chopin\chpn-p14.mid,,28.432308889583336,244.1521065906375,434,15.264324880734653
piano-midi.de,Chopin,..\data\new_midi_files\piano-midi.de\Chopin\chpn-p15_format0.mid,duplicate_of_candidate,..\data\new_midi_files\Classical Music MIDI (Kaggle)\Chopin\chpn-p15.mid,,274.2564954833324,165.61077691260516,1518,5.53496462253254
piano-midi.de,Chopin,..\data\new_midi_files\piano-midi.de\Chopin\chpn-p16_format0.mid,duplicate_of_candidate,..\data\new_midi_files\Classical Music MIDI (Kaggle)\Chopin\chpn-p16.mid,,61.243099039583356,190.5330974580163,1199,19.577716000704804
piano-midi.de,Chopin,..\data\new_midi_files\piano-midi.de\Chopin\chpn-p17_format0.mid,duplicate_of_candidate,..\data\new_midi_files\Classical Music MIDI (Kaggle)\Chopin\chpn-p17.mid,,159.12620270208328,212.82078810251198,2495,15.679378742363062
piano-midi.de,Chopin,..\data\new_midi_files\piano-midi.de\Chopin\chpn-p18_format0.mid,duplicate_of_candidate,..\data\new_midi_files\Classical Music MIDI (Kaggle)\Chopin\chpn-p18.mid,,45.64726980833334,228.6656532623446,573,12.552777031484004
piano-midi.de,Chopin,..\data\new_midi_files\piano-midi.de\Chopin\chpn-p19_format0.mid,duplicate_of_candidate,..\data\new_midi_files\Classical Music MIDI (Kaggle)\Chopin\chpn-p19.mid,,67.24295790833338,243.6133228551231,1237,18.39597838165146
piano-midi.de,Chopin,..\data\new_midi_files\piano-midi.de\Chopin\chpn-p1_format0.mid,duplicate_of_candidate,..\data\new_midi_files\Classical Music MIDI (Kaggle)\Chopin\chpn-p1.mid,,30.717675408333356,221.91849702589738,327,10.645336785845736
piano-midi.de,Chopin,..\data\new_midi_files\piano-midi.de\Chopin\chpn-p20_format0.mid,duplicate_of_candidate,..\data\new_midi_files\Classical Music MIDI (Kaggle)\Chopin\chpn-p20.mid,,89.5031594604167,52.294956921302905,286,3.195417924062057
piano-midi.de,Chopin,..\data\new_midi_files\piano-midi.de\Chopin\chpn-p21_format0.mid,duplicate_of_candidate,..\data\new_midi_files\Classical Music MIDI (Kaggle)\Chopin\chpn-p21.mid,,106.54094404374999,202.65674050198783,878,8.240963207904915
piano-midi.de,Chopin,..\data\new_midi_files\piano-midi.de\Chopin\chpn-p22_format0.mid,duplicate_of_candidate,..\data\new_midi_files\Classical Music MIDI (Kaggle)\Chopin\chpn-p22.mid,,41.415890189583315,200.2931200377751,628,15.163262147096162
piano-midi.de,Chopin,..\data\new_midi_files\piano-midi.de\Chopin\chpn-p23_format0.mid,duplicate_of_candidate,..\data\new_midi_files\Classical Music MIDI (Kaggle)\Chopin\chpn-p23.mid,,51.17482522708335,218.24195232810268,526,10.278491380594378
piano-midi.de,Chopin,..\data\new_midi_files\piano-midi.de\Chopin\chpn-p24_format0.mid,duplicate_of_candidate,..\data\new_midi_files\Classical Music MIDI (Kaggle)\Chopin\chpn-p24.mid,,125.44740988333324,227.88912255127548,1371,10.928882479718293
piano-midi.de,Chopin,..\data\new_midi_files\piano-midi.de\Chopin\chpn-p5_format0.mid,duplicate_of_candidate,..\data\new_midi_files\Classical Music MIDI (Kaggle)\Chopin\chpn-p5.mid,,30.38096415416669,233.16862391327166,460,15.141059963263604
piano-midi.de,Chopin,..\data\new_midi_files\piano-midi.de\Chopin\chpn-p6_format0.mid,duplicate_of_candidate,..\data\new_midi_files\Classical Music MIDI (Kaggle)\Chopin\chpn-p6.mid,,96.11724200208327,128.37873569642895,405,4.213604048181303
piano-midi.de,Chopin,..\data\new_midi_files\piano-midi.de\Chopin\chpn-p7_format0.mid,duplicate_of_candidate,..\data\new_midi_files\Classical Music MIDI (Kaggle)\Chopin\chpn-p7.mid,,37.028427549999996,102.53673752453669,167,4.510048388484702
piano-midi.de,Chopin,..\data\new_midi_files\piano-midi.de\Chopin\chpn-p8_format0.mid,duplicate_of_candidate,..\data\new_midi_files\Classical Music MIDI (Kaggle)\Chopin\chpn-p8.mid,,93.22670529583338,207.11823331997908,1558,16.7119495970178
piano-midi.de,Chopin,..\data\new_midi_files\piano-midi.de\Chopin\chpn-p9_format0.mid,duplicate_of_candidate,..\data\new_midi_files\Classical Music MIDI (Kaggle)\Chopin\chpn-p9.mid,,89.0814606,138.04276790090805,413,4.636205976173677
piano-midi.de,Chopin,..\data\new_midi_files\piano-midi.de\Chopin\chpn_op10_e01_format0.mid,duplicate_of_candidate,..\data\new_midi_files\Classical Music MIDI (Kaggle)\Chopin\chpn_op10_e01.mid,,111.53628633333331,172.18963274758949,1337,11.987130322810733
piano-midi.de,Chopin,..\data\new_midi_files\piano-midi.de\Chopin\chpn_op23_format0.mid,duplicate_of_candidate,..\data\new_midi_files\Classical Music MIDI (Kaggle)\Chopin\chpn_op23.mid,,539.4830980937514,183.21361256784368,5028,9.320032486219306
piano-midi.de,Chopin,..\data\new_midi_files\piano-midi.de\Chopin\chpn_op25_e11_format0.mid,duplicate_of_candidate,..\data\new_midi_files\Classical Music MIDI (Kaggle)\Chopin\chpn_op25_e11.mid,,186.97815062083316,190.83620061520844,3172,16.96454900996638
piano-midi.de,Chopin,..\data\new_midi_files\piano-midi.de\Chopin\chpn_op25_e12_format0.mid,duplicate_of_candidate,..\data\new_midi_files\Classical Music MIDI (Kaggle)\Chopin\chpn_op25_e12.mid,,137.9512173833336,195.79684921863765,2634,19.093706093805178
piano-midi.de,Chopin,..\data\new_midi_files\piano-midi.de\Chopin\chpn_op25_e1_format0.mid,duplicate_of_candidate,..\data\new_midi_files\Classical Music MIDI (Kaggle)\Chopin\chpn_op25_e1.mid,,125.7770738916666,258.2742029232704,2222,17.66617660316885
piano-midi.de,Chopin,..\data\new_midi_files\piano-midi.de\Chopin\chpn_op25_e3_format0.mid,duplicate_of_candidate,..\data\new_midi_files\Classical Music MIDI (Kaggle)\Chopin\chpn_op25_e3.mid,,104.24540936666634,236.99725715289244,1693,16.240523302519218
piano-midi.de,Chopin,..\data\new_midi_files\piano-midi.de\Chopin\chpn_op25_e4_format0.mid,duplicate_of_candidate,..\data\new_midi_files\Classical Music MIDI (Kaggle)\Chopin\chpn_op25_e4.mid,,83.0053331666666,199.95648733443318,1507,18.155459926581962
piano-midi.de,Chopin,..\data\new_midi_files\piano-midi.de\Chopin\chpn_op33_2_format0.mid,duplicate_of_candidate,..\data\new_midi_files\Classical Music MIDI (Kaggle)\Chopin\chpn_op33_2.mid,,142.96838588958335,196.9599114566729,1933,13.520471592180423
piano-midi.de,Chopin,..\data\new_midi_files\piano-midi.de\Chopin\chpn_op33_4_format0.mid,duplicate_of_candidate,..\data\new_midi_files\Classical Music MIDI (Kaggle)\Chopin\chpn_op33_4.mid,,317.3272845,175.59740431916939,2165,6.822609040414865
piano-midi.de,Chopin,..\data\new_midi_files\piano-midi.de\Chopin\chpn_op35_1_format0.mid,duplicate_of_candidate,..\data\new_midi_files\Classical Music MIDI (Kaggle)\Chopin\chpn_op35_1.mid,,392.31632714583293,199.6119253462401,5614,14.309881112628657
piano-midi.de,Chopin,..\data\new_midi_files\piano-midi.de\Chopin\chpn_op35_2_format0.mid,duplicate_of_candidate,..\data\new_midi_files\Classical Music MIDI (Kaggle)\Chopin\chpn_op35_2.mid,,392.9457045666665,165.7714870692013,4775,12.151806075258628
piano-midi.de,Chopin,..\data\new_midi_files\piano-midi.de\Chopin\chpn_op35_3_format0.mid,duplicate_of_candidate,..\data\new_midi_files\Classical Music MIDI (Kaggle)\Chopin\chpn_op35_3.mid,,450.2975587708327,134.76779862948243,2327,5.167694016267733
piano-midi.de,Chopin,..\data\new_midi_files\piano-midi.de\Chopin\chpn_op53_format0.mid,duplicate_of_candidate,..\data\new_midi_files\Classical Music MIDI (Kaggle)\Chopin\chpn_op53.mid,,361.06818171249995,193.337608352829,6052,16.761377231569234
piano-midi.de,Chopin,..\data\new_midi_files\piano-midi.de\Chopin\chpn_op66_format0.mid,duplicate_of_candidate,..\data\new_midi_files\Classical Music MIDI (Kaggle)\Chopin\chpn_op66.mid,,274.4301456083331,213.06167348826753,3050,11.11393937148932
piano-midi.de,Chopin,..\data\new_midi_files\piano-midi.de\Chopin\chpn_op7_1_format0.mid,duplicate_of_candidate,..\data\new_midi_files\Classical Music MIDI (Kaggle)\Chopin\chpn_op7_1.mid,,137.37768944999993,218.3323396439004,1229,8.946139689205557
piano-midi.de,Chopin,..\data\new_midi_files\piano-midi.de\Chopin\chpn_op7_2_format0.mid,duplicate_of_candidate,..\data\new_midi_files\Classical Music MIDI (Kaggle)\Chopin\chpn_op7_2.mid,,160.37429929166677,172.7254931312827,1207,7.526143561225318
Classical Music MIDI (Kaggle),Chopin,..\data\new_midi_files\Classical Music MIDI (Kaggle)\Chopin\chpn-p2.mid,duplicate_of_midiclassics,..\data\midiclassics\Chopin\Prelude n02 op28 ''Presentiment of Death''.mid,,121.5774855833333,108.46327394584682,342,2.8130208348944814
Classical Music MIDI (Kaggle),Chopin,..\data\new_midi_files\Classical Music MIDI (Kaggle)\Chopin\chpn-p3.mid,duplicate_of_midiclassics,..\data\midiclassics\Chopin\Prelude n03 op28 ''Thou Art So Like A Flower''.mid,,51.137707216666605,161.4776457964483,663,12.964992685161246
Classical Music MIDI (Kaggle),Chopin,..\data\new_midi_files\Classical Music MIDI (Kaggle)\Chopin\chpn-p4.mid,duplicate_of_midiclassics,..\data\midiclassics\Chopin\Prelude n04 op28 ''Suffocation''.mid,,103.44011245416664,150.10998402164722,604,5.8391274493985765
Classical Music MIDI (Kaggle),Chopin,..\data\new_midi_files\Classical Music MIDI (Kaggle)\Chopin\chpn_op10_e05.mid,duplicate_of_midiclassics,..\data\midiclassics\Chopin\Etude op10 n05 ''Black Key''.mid,,91.37545415208335,170.30983059591074,1631,17.849432488569615
Classical Music MIDI (Kaggle),Chopin,..\data\new_midi_files\Classical Music MIDI (Kaggle)\Chopin\chpn_op10_e12.mid,duplicate_of_midiclassics,..\data\midiclassics\Chopin\Etude op10 n12 ''Revolutionary''.mid,,138.7661820708333,238.42557544977112,2088,15.046893766481078
Classical Music MIDI (Kaggle),Chopin,..\data\new_midi_files\Classical Music MIDI (Kaggle)\Chopin\chpn_op25_e2.mid,duplicate_of_midiclassics,..\data\midiclassics\Chopin\Etude op25 n02.mid,,98.85757720833337,165.15521158130923,1203,12.16902167716276
Classical Music MIDI (Kaggle),Chopin,..\data\new_midi_files\Classical Music MIDI (Kaggle)\Chopin\chpn_op27_1.mid,duplicate_of_midiclassics,..\data\midiclassics\Chopin\Nocturne op27 n1.mid,,289.68246695833295,190.95979951782226,1633,5.6372068946612695
Classical Music MIDI (Kaggle),Chopin,..\data\new_midi_files\Classical Music MIDI (Kaggle)\Chopin\chpn_op27_2.mid,duplicate_of_midiclassics,..\data\midiclassics\Chopin\Nocturne op27 n2.mid,,310.5414514749995,193.5784841278917,1831,5.896153287437722
Classical Music MIDI (Kaggle),Chopin,..\data\new_midi_files\Classical Music MIDI (Kaggle)\Chopin\chpn_op35_4.mid,duplicate_of_midiclassics,..\data\midiclassics\Chopin\Sonata op35 n4 .mid,,83.30156417916653,167.06199646094538,1760,21.128054645103177
commons.wikimedia.org,Chopin,..\data\new_midi_files\commons.wikimedia.org\Chopin\Chopin_-_Black_Key_Etude.mid,duplicate_of_midiclassics,..\data\midiclassics\Chopin\Etude op10 n05 ''Black Key''.mid,,91.37545415208335,170.30983059591074,1631,17.849432488569615
commons.wikimedia.org,Chopin,"..\data\new_midi_files\commons.wikimedia.org\Chopin\Chopin_-_Etude_Op._10,_No._1.mid",duplicate_of_midiclassics,..\data\midiclassics\Chopin\Etude op10 n01.mid,,110.46803733333331,172.18963274758949,1337,12.103048377384047
commons.wikimedia.org,Chopin,..\data\new_midi_files\commons.wikimedia.org\Chopin\Chopin_-_Fantaisie-Impromptu.mid,duplicate_of_midiclassics,..\data\midiclassics\Chopin\Fantasie Impromptu op66.mid,,274.4301456083331,213.05406651461925,3046,11.099363713297203
commons.wikimedia.org,Chopin,..\data\new_midi_files\commons.wikimedia.org\Chopin\Chopin_-_Revolutionary_Etude.mid,duplicate_of_midiclassics,..\data\midiclassics\Chopin\Etude op10 n12 ''Revolutionary''.mid,,138.7661820708333,238.42557544977112,2088,15.046893766481078
midi-classical-music,Chopin,..\data\new_midi_files\midi-classical-music\data\chopin-19_polish_songs_for_solo_voice_and_piano_accomplements_no10.mid,duplicate_of_midiclassics,"..\data\midiclassics\Chopin\19 Polish Songs, for Solo Voice and Piano accomplements, No.10.mid",,107.9158686375,187.90482286552216,1742,16.142204311504447
midi-classical-music,Chopin,..\data\new_midi_files\midi-classical-music\data\chopin-19_polish_songs_for_solo_voice_and_piano_accomplements_no11.mid,duplicate_of_midiclassics,"..\data\midiclassics\Chopin\19 Polish Songs, for Solo Voice and Piano accomplements, No.11.mid",,58.035705399999976,184.49851478695606,669,11.527386380316146
midi-classical-music,Chopin,..\data\new_midi_files\midi-classical-music\data\chopin-19_polish_songs_for_solo_voice_and_piano_accomplements_no12.mid,duplicate_of_midiclassics,"..\data\midiclassics\Chopin\19 Polish Songs, for Solo Voice and Piano accomplements, No.12.mid",,122.06188595000002,142.2181225564091,682,5.587329695031636
midi-classical-music,Chopin,..\data\new_midi_files\midi-classical-music\data\chopin-19_polish_songs_for_solo_voice_and_piano_accomplements_no13.mid,duplicate_of_midiclassics,"..\data\midiclassics\Chopin\19 Polish Songs, for Solo Voice and Piano accomplements, No.13.mid",,241.84786995624998,92.57725630971322,1062,4.391190214708588
midi-classical-music,Chopin,..\data\new_midi_files\midi-classical-music\data\chopin-19_polish_songs_for_solo_voice_and_piano_accomplements_no14.mid,duplicate_of_midiclassics,"..\data\midiclassics\Chopin\19 Polish Songs, for Solo Voice and Piano accomplements, No.14.mid",,93.54021355,137.54378477148558,602,6.435734719359105
midi-classical-music,Chopin,..\data\new_midi_files\midi-classical-music\data\chopin-19_polish_songs_for_solo_voice_and_piano_accomplements_no15.mid,duplicate_of_midiclassics,"..\data\midiclassics\Chopin\19 Polish Songs, for Solo Voice and Piano accomplements, No.15.mid",,117.07390760000001,185.73150489771263,1580,13.49574838996832
midi-classical-music,Chopin,..\data\new_midi_files\midi-classical-music\data\chopin-19_polish_songs_for_solo_voice_and_piano_accomplements_no16.mid,duplicate_of_midiclassics,"..\data\midiclassics\Chopin\19 Polish Songs, for Solo Voice and Piano accomplements, No.16.mid",,151.54813035000006,147.95102397515413,1021,6.737133593413543
midi-classical-music,Chopin,..\data\new_midi_files\midi-classical-music\data\chopin-19_polish_songs_for_solo_voice_and_piano_accomplements_no17.mid,duplicate_of_midiclassics,"..\data\midiclassics\Chopin\19 Polish Songs, for Solo Voice and Piano accomplements, No.17.mid",,222.48792081458333,187.2350321595687,1702,7.649853501118429
midi-classical-music,Chopin,..\data\new_midi_files\midi-classical-music\data\chopin-19_polish_songs_for_solo_voice_and_piano_accomplements_no18.mid,duplicate_of_midiclassics,"..\data\midiclassics\Chopin\19 Polish Songs, for Solo Voice and Piano accomplements, No.18.mid",,195.54924715,153.40096093831684,1411,7.215573675503153
midi-classical-music,Chopin,..\data\new_midi_files\midi-classical-music\data\chopin-19_polish_songs_for_solo_voice_and_piano_accomplements_no19.mid,duplicate_of_midiclassics,"..\data\midiclassics\Chopin\19 Polish Songs, for Solo Voice and Piano accomplements, No.19.mid",,38.3699519,125.01323056690164,358,9.33021758622533
midi-classical-music,Chopin,..\data\new_midi_files\midi-classical-music\data\chopin-19_polish_songs_for_solo_voice_and_piano_accomplements_no2.mid,duplicate_of_midiclassics,"..\data\midiclassics\Chopin\19 Polish Songs, for Solo Voice and Piano accomplements, No.2.mid",,113.35897920000004,180.4225873507877,778,6.8631528396825905
midi-classical-music,Chopin,..\data\new_midi_files\midi-classical-music\data\chopin-19_polish_songs_for_solo_voice_and_piano_accomplements_no3.mid,duplicate_of_midiclassics,"..\data\midiclassics\Chopin\19 Polish Songs, for Solo Voice and Piano accomplements, No.3.mid",,188.45195594999996,114.97171321740537,907,4.812897777726675
midi-classical-music,Chopin,..\data\new_midi_files\midi-classical-music\data\chopin-19_polish_songs_for_solo_voice_and_piano_accomplements_no4.mid,duplicate_of_midiclassics,"..\data\midiclassics\Chopin\19 Polish Songs, for Solo Voice and Piano accomplements, No.4.mid",,123.46867695,194.26182083179768,1768,14.31942127893677
midi-classical-music,Chopin,..\data\new_midi_files\midi-classical-music\data\chopin-19_polish_songs_for_solo_voice_and_piano_accomplements_no5.mid,duplicate_of_midiclassics,"..\data\midiclassics\Chopin\19 Polish Songs, for Solo Voice and Piano accomplements, No.5.mid",,48.916922375,216.01343603572118,394,8.054472376237673
midi-classical-music,Chopin,..\data\new_midi_files\midi-classical-music\data\chopin-19_polish_songs_for_solo_voice_and_piano_accomplements_no6.mid,duplicate_of_midiclassics,"..\data\midiclassics\Chopin\19 Polish Songs, for Solo Voice and Piano accomplements, No.6.mid",,168.27607874999998,144.0090437679484,981,5.82970560811217
midi-classical-music,Chopin,..\data\new_midi_files\midi-classical-music\data\chopin-19_polish_songs_for_solo_voice_and_piano_accomplements_no7.mid,duplicate_of_midiclassics,"..\data\midiclassics\Chopin\19 Polish Songs, for Solo Voice and Piano accomplements, No.7.mid",,114.02173314999999,180.4916126415356,1050,9.208770740387576
midi-classical-music,Chopin,..\data\new_midi_files\midi-classical-music\data\chopin-19_polish_songs_for_solo_voice_and_piano_accomplements_no8.mid,duplicate_of_midiclassics,"..\data\midiclassics\Chopin\19 Polish Songs, for Solo Voice and Piano accomplements, No.8.mid",,168.12283875000008,152.02505372885454,1043,6.203797222047558
midi-classical-music,Chopin,..\data\new_midi_files\midi-classical-music\data\chopin-19_polish_songs_for_solo_voice_and_piano_accomplements_no9.mid,duplicate_of_midiclassics,"..\data\midiclassics\Chopin\19 Polish Songs, for Solo Voice and Piano accomplements, No.9.mid",,123.89744235,117.78544950945742,493,3.97909747488827
midi-classical-music,Chopin,..\data\new_midi_files\midi-classical-music\data\chopin-2542prelude_opus28_no16_in_b_flat_minor.mid,duplicate_of_midiclassics,"..\data\midiclassics\Chopin\(2542)Prelude opus.28, No.16 in B flat minor.mid",,63.999936,180.0852133684428,1199,18.734393734393734
midi-classical-music,Chopin,..\data\new_midi_files\midi-classical-music\data\chopin-2_polonaises_op26_n1.mid,duplicate_of_midiclassics,..\data\midiclassics\Chopin\2 Polonaises op26 n1.mid,,424.09984674166714,179.79064148902975,3602,8.49328295606316
midi-classical-music,Chopin,..\data\new_midi_files\midi-classical-music\data\chopin-ballad_op32.mid,duplicate_of_midiclassics,..\data\midiclassics\Chopin\Ballad op32.mid,,539.7967712250013,182.88342767483434,5028,9.314616663211199
midi-classical-music,Chopin,..\data\new_midi_files\midi-classical-music\data\chopin-ballad_op53.mid,duplicate_of_midiclassics,..\data\midiclassics\Chopin\Ballad op53.mid,,356.2618542979149,198.75130381647418,6052,16.987504912437718
midi-classical-music,Chopin,..\data\new_midi_files\midi-classical-music\data\chopin-ballade_no2_in_f_major.mid,duplicate_of_midiclassics,..\data\midiclassics\Chopin\Ballade No.2 in F Major.mid,,393.4986149541666,230.25164365811412,4240,10.77513322504035
midi-classical-music,Chopin,..\data\new_midi_files\midi-classical-music\data\chopin-barcarolle_in_f_sharp_major.mid,duplicate_of_midiclassics,..\data\midiclassics\Chopin\Barcarolle in F sharp Major.mid,,578.2708333333333,210.6641000962339,4793,8.288503800843031
midi-classical-music,Chopin,..\data\new_midi_files\midi-classical-music\data\chopin-ecossaise_no2_in_g.mid,duplicate_of_midiclassics,..\data\midiclassics\Chopin\Ecossaise No.2 in G.mid,,31.870833333333334,224.70741222366698,438,13.742972937638907
midi-classical-music,Chopin,..\data\new_midi_files\midi-classical-music\data\chopin-etude_no1.mid,duplicate_of_midiclassics,..\data\midiclassics\Chopin\Etude No.1.mid,,111.09796582499999,181.7902835803851,1364,12.277452515634304
midi-classical-music,Chopin,..\data\new_midi_files\midi-classical-music\data\chopin-etude_no2_in_a_minor.mid,duplicate_of_midiclassics,..\data\midiclassics\Chopin\Etude No.2 in A Minor.mid | ..\data\midiclassics\Chopin\Etude op10 n02.mid,,84.39149409166664,236.58949305798544,1458,17.27662267024577
midi-classical-music,Chopin,..\data\new_midi_files\midi-classical-music\data\chopin-etude_no7_in_c_major_opus_10_no_7.mid,duplicate_of_midiclassics,"..\data\midiclassics\Chopin\Etude No.7 in C Major Opus.10, No.7.mid | ..\data\midiclassics\Chopin\Etude op10 n07.mid",,84.04549560000005,274.15879907537203,1785,21.23849692665741
midi-classical-music,Chopin,..\data\new_midi_files\midi-classical-music\data\chopin-etude_op10_n01.mid,duplicate_of_midiclassics,..\data\midiclassics\Chopin\Etude op10 n01.mid,,110.46803733333331,172.18963274758949,1337,12.103048377384047
midi-classical-music,Chopin,..\data\new_midi_files\midi-classical-music\data\chopin-etude_op10_n02.mid,duplicate_of_midiclassics,..\data\midiclassics\Chopin\Etude No.2 in A Minor.mid | ..\data\midiclassics\Chopin\Etude op10 n02.mid,,84.39149409166664,236.58949305798544,1458,17.27662267024577
midi-classical-music,Chopin,..\data\new_midi_files\midi-classical-music\data\chopin-etude_op10_n03.mid,duplicate_of_midiclassics,..\data\midiclassics\Chopin\Etude op10 n03.mid,,204.8,189.00248687482647,1884,9.19921875
midi-classical-music,Chopin,..\data\new_midi_files\midi-classical-music\data\chopin-etude_op10_n04_drchew.mid,duplicate_of_midiclassics,..\data\midiclassics\Chopin\Etude op10 n04 Drchew.mid,,155.39143321666668,246.0202598363589,2204,14.183536082886244
midi-classical-music,Chopin,..\data\new_midi_files\midi-classical-music\data\chopin-etude_op10_n05_black_key.mid,duplicate_of_midiclassics,..\data\midiclassics\Chopin\Etude op10 n05 ''Black Key''.mid,,91.37545415208335,170.30983059591074,1631,17.849432488569615
midi-classical-music,Chopin,..\data\new_midi_files\midi-classical-music\data\chopin-etude_op10_n06.mid,duplicate_of_midiclassics,..\data\midiclassics\Chopin\Etude op10 n06.mid,,189.0329076583334,208.97190928594466,948,5.014999831211706
midi-classical-music,Chopin,..\data\new_midi_files\midi-classical-music\data\chopin-etude_op10_n07.mid,duplicate_of_midiclassics,"..\data\midiclassics\Chopin\Etude No.7 in C Major Opus.10, No.7.mid | ..\data\midiclassics\Chopin\Etude op10 n07.mid",,84.04549560000005,274.15879907537203,1785,21.23849692665741
midi-classical-music,Chopin,..\data\new_midi_files\midi-classical-music\data\chopin-etude_op10_n08.mid,duplicate_of_midiclassics,..\data\midiclassics\Chopin\Etude op10 n08.mid,,135.5775770333333,181.4094177101082,2303,16.986584731734666
midi-classical-music,Chopin,..\data\new_midi_files\midi-classical-music\data\chopin-etude_op10_n09.mid,duplicate_of_midiclassics,..\data\midiclassics\Chopin\Etude op10 n09.mid,,137.6173255333332,195.78947368421066,1234,8.966894213484077
midi-classical-music,Chopin,..\data\new_midi_files\midi-classical-music\data\chopin-etude_op10_n10.mid,duplicate_of_midiclassics,..\data\midiclassics\Chopin\Etude op10 n10.mid,,132.1227633,231.28466174677436,2231,16.885810925209434
midi-classical-music,Chopin,..\data\new_midi_files\midi-classical-music\data\chopin-etude_op10_n11.mid,duplicate_of_midiclassics,..\data\midiclassics\Chopin\Etude op10 n11.mid,,144.23596980833338,238.13391784732502,1984,13.755237356093767
midi-classical-music,Chopin,..\data\new_midi_files\midi-classical-music\data\chopin-etude_op10_n12_revolutionary.mid,duplicate_of_midiclassics,..\data\midiclassics\Chopin\Etude op10 n12 ''Revolutionary''.mid,,138.7661820708333,238.42557544977112,2088,15.046893766481078
midi-classical-music,Chopin,..\data\new_midi_files\midi-classical-music\data\chopin-etude_op10_no11.mid,duplicate_of_midiclassics,..\data\midiclassics\Chopin\Etude Op.10 No.11.mid,,141.76,214.54112038141116,1963,13.847347629796841
midi-classical-music,Chopin,..\data\new_midi_files\midi-classical-music\data\chopin-etude_op25_n01_harp_etude.mid,duplicate_of_midiclassics,..\data\midiclassics\Chopin\Etude op25 n01 ''Harp Etude''.mid,,125.7770738916666,258.15950239390787,2393,19.025724847607137
midi-classical-music,Chopin,..\data\new_midi_files\midi-classical-music\data\chopin-etude_op25_n02.mid,duplicate_of_midiclassics,..\data\midiclassics\Chopin\Etude op25 n02.mid,,98.85757720833337,165.15521158130923,1203,12.16902167716276
midi-classical-music,Chopin,..\data\new_midi_files\midi-classical-music\data\chopin-etude_op25_n03.mid,duplicate_of_midiclassics,..\data\midiclassics\Chopin\Etude op25 n03.mid,,104.07196486666632,239.8512519906525,1693,16.267589472044826
midi-classical-music,Chopin,..\data\new_midi_files\midi-classical-music\data\chopin-etude_op25_n04.mid,duplicate_of_midiclassics,..\data\midiclassics\Chopin\Etude op25 n04.mid,,90.8495675729167,181.01592202777934,1504,16.554839391974824
midi-classical-music,Chopin,..\data\new_midi_files\midi-classical-music\data\chopin-etude_op25_n05.mid,duplicate_of_midiclassics,..\data\midiclassics\Chopin\Etude op25 n05.mid,,181.44923567708318,226.92227722509048,2192,12.08051382426874
midi-classical-music,Chopin,..\data\new_midi_files\midi-classical-music\data\chopin-etude_op25_n06.mid,duplicate_of_midiclassics,..\data\midiclassics\Chopin\Etude op25 n06.mid,,171.506237140625,199.40903917942057,2510,14.635036263677968
midi-classical-music,Chopin,..\data\new_midi_files\midi-classical-music\data\chopin-etude_op25_n07.mid,duplicate_of_midiclassics,..\data\midiclassics\Chopin\Etude op25 n07.mid,,319.0202371979167,153.6495857563778,1631,5.112528328377317
midi-classical-music,Chopin,..\data\new_midi_files\midi-classical-music\data\chopin-etude_op25_n08.mid,duplicate_of_midiclassics,..\data\midiclassics\Chopin\Etude op25 n08.mid,,63.144630208333325,222.6459976372211,1555,24.626005328870917
midi-classical-music,Chopin,..\data\new_midi_files\midi-classical-music\data\chopin-etude_op25_n09.mid,duplicate_of_midiclassics,..\data\midiclassics\Chopin\Etude op25 n09.mid,,51.599459583007814,239.62507406898266,1049,20.329670280993515
midi-classical-music,Chopin,..\data\new_midi_files\midi-classical-music\data\chopin-etude_op25_n10.mid,duplicate_of_midiclassics,..\data\midiclassics\Chopin\Etude op25 n10.mid,,228.77922344270834,194.80116473040724,3357,14.673535251511469
midi-classical-music,Chopin,..\data\new_midi_files\midi-classical-music\data\chopin-etude_op25_n11_winter_wind.mid,duplicate_of_midiclassics,..\data\midiclassics\Chopin\Etude op25 n11 ''Winter Wind''.mid,,186.97815062083316,190.83620061520844,3170,16.953852573011797
midi-classical-music,Chopin,..\data\new_midi_files\midi-classical-music\data\chopin-etude_op25_n12_the_ocean.mid,duplicate_of_midiclassics,..\data\midiclassics\Chopin\Etude op25 n12 ''The Ocean''.mid,,136.3458653833336,195.79684921863765,2634,19.318517599302062
midi-classical-music,Chopin,..\data\new_midi_files\midi-classical-music\data\chopin-etude_op_10_5_black_keys.mid,duplicate_of_midiclassics,..\data\midiclassics\Chopin\Etude op. 10-5 Black keys.mid,,92.72734999999999,165.1505473060509,1629,17.56763241912985
midi-classical-music,Chopin,..\data\new_midi_files\midi-classical-music\data\chopin-etude_op_25_no1.mid,duplicate_of_midiclassics,"..\data\midiclassics\Chopin\Etude Op 25, No.1.mid",,271.3247596166667,179.96103414404863,3656,13.474627251730631
midi-classical-music,Chopin,..\data\new_midi_files\midi-classical-music\data\chopin-fantasie_impromptu_op66.mid,duplicate_of_midiclassics,..\data\midiclassics\Chopin\Fantasie Impromptu op66.mid,,274.4301456083331,213.05406651461925,3046,11.099363713297203
midi-classical-music,Chopin,..\data\new_midi_files\midi-classical-music\data\chopin-finale_to_b_minor_paino_sonata.mid,duplicate_of_midiclassics,..\data\midiclassics\Chopin\Finale to B Minor Paino Sonata.mid,,366.45416666666665,198.42519685039343,4851,13.237671832539313
midi-classical-music,Chopin,..\data\new_midi_files\midi-classical-music\data\chopin-grande_waltz_op18.mid,duplicate_of_midiclassics,..\data\midiclassics\Chopin\Grande Waltz op18.mid,,308.9012434833341,222.85168625991054,4413,14.286119247163507
midi-classical-music,Chopin,..\data\new_midi_files\midi-classical-music\data\chopin-imprompt_fantastique.mid,duplicate_of_midiclassics,..\data\midiclassics\Chopin\Imprompt Fantastique.mid,,290.0,218.04966686855923,3049,10.513793103448275
midi-classical-music,Chopin,..\data\new_midi_files\midi-classical-music\data\chopin-impromptu_n3_op51.mid,duplicate_of_midiclassics,..\data\midiclassics\Chopin\Impromptu n3 op51.mid,,324.74928296666667,212.83210653191523,2434,7.49501269953484
midi-classical-music,Chopin,..\data\new_midi_files\midi-classical-music\data\chopin-mazurka_op30_n2_drchew.mid,duplicate_of_midiclassics,..\data\midiclassics\Chopin\Mazurka op30 n2 Drchew.mid,,65.44292110833332,222.8955634324477,787,12.02574681373423
midi-classical-music,Chopin,..\data\new_midi_files\midi-classical-music\data\chopin-mazurka_op33_n2_drchew.mid,duplicate_of_midiclassics,..\data\midiclassics\Chopin\Mazurka op33 n2 Drchew.mid,,131.9493085,206.9428831929907,1680,12.732162215158558
midi-classical-music,Chopin,..\data\new_midi_files\midi-classical-music\data\chopin-mazurka_op67_n3_drchew.mid,duplicate_of_midiclassics,..\data\midiclassics\Chopin\Mazurka op67 n3 Drchew.mid,,66.897559725,186.7309442988672,708,10.583345684213597
midi-classical-music,Chopin,..\data\new_midi_files\midi-classical-music\data\chopin-mazurka_op68_n2_drchew.mid,duplicate_of_midiclassics,..\data\midiclassics\Chopin\Mazurka op68 n2 Drchew.mid,,75.87211156666666,214.9123115980187,773,10.18819674368476
midi-classical-music,Chopin,..\data\new_midi_files\midi-classical-music\data\chopin-mazurka_op7_n1.mid,duplicate_of_midiclassics,..\data\midiclassics\Chopin\Mazurka op7 n1.mid,,136.05908424999998,222.48543012541492,1229,9.03284045144527
midi-classical-music,Chopin,..\data\new_midi_files\midi-classical-music\data\chopin-mazurka_op7_n2.mid,duplicate_of_midiclassics,..\data\midiclassics\Chopin\Mazurka op7 n2.mid,,159.62923229166688,174.41697090046628,1207,7.561271721175903
midi-classical-music,Chopin,..\data\new_midi_files\midi-classical-music\data\chopin-nocturne_no15_in_f_minor_opus55_1.mid,duplicate_of_midiclassics,..\data\midiclassics\Chopin\Nocturne No.15 in F Minor Opus.55 -1.mid | ..\data\midiclassics\Chopin\Nocturne op55 n1.mid,,297.50889343749975,195.64768192583847,1456,4.89397134713176
midi-classical-music,Chopin,..\data\new_midi_files\midi-classical-music\data\chopin-nocturne_no18_in_e_major_op62.mid,duplicate_of_midiclassics,..\data\midiclassics\Chopin\Nocturne No.18 in E Major Op62.mid | ..\data\midiclassics\Chopin\Nocturne op62 n2.mid,,356.89947225000014,191.18602030438947,1787,5.00701216713553
midi-classical-music,Chopin,..\data\new_midi_files\midi-classical-music\data\chopin-nocturne_no1_opus_62.mid,duplicate_of_midiclassics,"..\data\midiclassics\Chopin\Nocturne No.1, Opus.62.mid",,348.28568131249995,219.49770693489108,2048,5.880230253170898
midi-classical-music,Chopin,..\data\new_midi_files\midi-classical-music\data\chopin-nocturne_op09_n2.mid,duplicate_of_midiclassics,..\data\midiclassics\Chopin\Nocturne op09 n2.mid,,240.63708943750018,176.42808944043347,1298,5.394014709179421
midi-classical-music,Chopin,..\data\new_midi_files\midi-classical-music\data\chopin-nocturne_op09_n3.mid,duplicate_of_midiclassics,..\data\midiclassics\Chopin\Nocturne op09 n3.mid,,396.4306616041683,200.7415800393639,2430,6.129697410808069
midi-classical-music,Chopin,..\data\new_midi_files\midi-classical-music\data\chopin-nocturne_op15_n2.mid,duplicate_of_midiclassics,..\data\midiclassics\Chopin\Nocturne op15 n2.mid,,220.7452279583333,154.00183839694552,1151,5.2141557516127
midi-classical-music,Chopin,..\data\new_midi_files\midi-classical-music\data\chopin-nocturne_op15_n3.mid,duplicate_of_midiclassics,..\data\midiclassics\Chopin\Nocturne op15 n3.mid,,206.34312387500026,152.25944363245748,1094,5.301848588192984
midi-classical-music,Chopin,..\data\new_midi_files\midi-classical-music\data\chopin-nocturne_op27_n1.mid,duplicate_of_midiclassics,..\data\midiclassics\Chopin\Nocturne op27 n1.mid,,289.68246695833295,190.95979951782226,1633,5.6372068946612695
midi-classical-music,Chopin,..\data\new_midi_files\midi-classical-music\data\chopin-nocturne_op27_n2.mid,duplicate_of_midiclassics,..\data\midiclassics\Chopin\Nocturne op27 n2.mid,,310.5414514749995,193.5784841278917,1831,5.896153287437722
midi-classical-music,Chopin,..\data\new_midi_files\midi-classical-music\data\chopin-nocturne_op32_n1.mid,duplicate_of_midiclassics,..\data\midiclassics\Chopin\Nocturne op32 n1.mid,,309.04410262499994,165.481888558479,1281,4.145039459155738
midi-classical-music,Chopin,..\data\new_midi_files\midi-classical-music\data\chopin-nocturne_op32_n2.mid,duplicate_of_midiclassics,..\data\midiclassics\Chopin\Nocturne op32 n2.mid,,348.28712266666685,201.07897956420848,2405,6.905222282081728
midi-classical-music,Chopin,..\data\new_midi_files\midi-classical-music\data\chopin-nocturne_op33_n2.mid,duplicate_of_midiclassics,..\data\midiclassics\Chopin\Nocturne op33 n2.mid,,140.45317530833336,196.9599114566729,1933,13.762593802215815
midi-classical-music,Chopin,..\data\new_midi_files\midi-classical-music\data\chopin-nocturne_op33_n4.mid,duplicate_of_midiclassics,..\data\midiclassics\Chopin\Nocturne op33 n4.mid,,317.0493915,175.85761305079933,2165,6.82858904020322
midi-classical-music,Chopin,..\data\new_midi_files\midi-classical-music\data\chopin-nocturne_op37_01.mid,duplicate_of_midiclassics,..\data\midiclassics\Chopin\Nocturne op37 01.mid,,382.8302008125004,120.4522014035671,1546,4.038343883838955
midi-classical-music,Chopin,..\data\new_midi_files\midi-classical-music\data\chopin-nocturne_op37_n2.mid,duplicate_of_midiclassics,..\data\midiclassics\Chopin\Nocturne op37 n2.mid,,395.2457249791663,142.07633176923264,1876,4.746414398533685
midi-classical-music,Chopin,..\data\new_midi_files\midi-classical-music\data\chopin-nocturne_op48_n1.mid,duplicate_of_midiclassics,..\data\midiclassics\Chopin\Nocturne op48 n1.mid,,376.98268381250006,195.67539447213375,3195,8.475190339482802
midi-classical-music,Chopin,..\data\new_midi_files\midi-classical-music\data\chopin-nocturne_op48_n2.mid,duplicate_of_midiclassics,..\data\midiclassics\Chopin\Nocturne op48 n2.mid,,444.91911097916716,191.28699848731983,2083,4.681749892504694
midi-classical-music,Chopin,..\data\new_midi_files\midi-classical-music\data\chopin-nocturne_op55_n1.mid,duplicate_of_midiclassics,..\data\midiclassics\Chopin\Nocturne No.15 in F Minor Opus.55 -1.mid | ..\data\midiclassics\Chopin\Nocturne op55 n1.mid,,297.50889343749975,195.64768192583847,1456,4.89397134713176
midi-classical-music,Chopin,..\data\new_midi_files\midi-classical-music\data\chopin-nocturne_op55_n2.mid,duplicate_of_midiclassics,..\data\midiclassics\Chopin\Nocturne op55 n2.mid,,322.8646013541672,183.33760265442496,1475,4.568478531909402
midi-classical-music,Chopin,..\data\new_midi_files\midi-classical-music\data\chopin-nocturne_op62_n2.mid,duplicate_of_midiclassics,..\data\midiclassics\Chopin\Nocturne No.18 in E Major Op62.mid | ..\data\midiclassics\Chopin\Nocturne op62 n2.mid,,356.89947225000014,191.18602030438947,1787,5.00701216713553
midi-classical-music,Chopin,..\data\new_midi_files\midi-classical-music\data\chopin-nocturne_op72_n1.mid,duplicate_of_midiclassics,..\data\midiclassics\Chopin\Nocturne op72 n1.mid,,278.5912110000005,179.39698650381334,1180,4.2355966498885635
midi-classical-music,Chopin,..\data\new_midi_files\midi-classical-music\data\chopin-op53_polonaise_in_a_flat_heroic.mid,duplicate_of_midiclassics,..\data\midiclassics\Chopin\Op.53 'Polonaise in A flat' Heroic.mid,,385.05854895833323,212.99137710958232,6178,16.0443133043347
midi-classical-music,Chopin,..\data\new_midi_files\midi-classical-music\data\chopin-piano_concerto_n1_op11_1mov.mid,duplicate_of_midiclassics,..\data\midiclassics\Chopin\Piano Concerto n1 op11 1mov.mid,,1352.7416666666666,213.69608904003005,19929,14.732302915683581
midi-classical-music,Chopin,..\data\new_midi_files\midi-classical-music\data\chopin-piano_concerto_n1_op11_2mov.mid,duplicate_of_midiclassics,..\data\midiclassics\Chopin\Piano Concerto n1 op11 2mov.mid,,664.5,185.6682370443894,4116,6.194130925507901
midi-classical-music,Chopin,..\data\new_midi_files\midi-classical-music\data\chopin-piano_concerto_n1_op11_3mov.mid,duplicate_of_midiclassics,..\data\midiclassics\Chopin\Piano Concerto n1 op11 3mov.mid,,721.618,210.54742330058264,14052,19.472906717958807
midi-classical-music,Chopin,..\data\new_midi_files\midi-classical-music\data\chopin-piano_concerto_n2_1mov.mid,duplicate_of_midiclassics,..\data\midiclassics\Chopin\Piano Concerto n2 1mov.mid,,812.7364735,218.81116153890977,13682,16.83448503434244
midi-classical-music,Chopin,..\data\new_midi_files\midi-classical-music\data\chopin-piano_concerto_n2_2mov.mid,duplicate_of_midiclassics,..\data\midiclassics\Chopin\Piano Concerto n2 2mov.mid,,436.1189851979167,206.68334225484202,8880,20.361415809426724
midi-classical-music,Chopin,..\data\new_midi_files\midi-classical-music\data\chopin-piano_concerto_n2_3mov.mid,duplicate_of_midiclassics,..\data\midiclassics\Chopin\Piano Concerto n2 3mov.mid,,533.869652559896,224.5237540612126,10120,18.95593793630106
midi-classical-music,Chopin,..\data\new_midi_files\midi-classical-music\data\chopin-polonaise_opus_40_no1_military.mid,duplicate_of_midiclassics,"..\data\midiclassics\Chopin\Polonaise Opus.40, No.1 (Military).mid",,273.2,193.82765531062134,5550,20.314787701317716
midi-classical-music,Chopin,..\data\new_midi_files\midi-classical-music\data\chopin-prelude_n01_op28_reunion.mid,duplicate_of_midiclassics,..\data\midiclassics\Chopin\Prelude n01 op28 ''Reunion''.mid,,30.717675408333356,221.91693751354066,327,10.645336785845736
midi-classical-music,Chopin,..\data\new_midi_files\midi-classical-music\data\chopin-prelude_n02_op28_presentiment_of_death.mid,duplicate_of_midiclassics,..\data\midiclassics\Chopin\Prelude n02 op28 ''Presentiment of Death''.mid,,121.5774855833333,108.46327394584682,342,2.8130208348944814
midi-classical-music,Chopin,..\data\new_midi_files\midi-classical-music\data\chopin-prelude_n03_op28_thou_art_so_like_a_flower.mid,duplicate_of_midiclassics,..\data\midiclassics\Chopin\Prelude n03 op28 ''Thou Art So Like A Flower''.mid,,51.137707216666605,161.4776457964483,663,12.964992685161246
midi-classical-music,Chopin,..\data\new_midi_files\midi-classical-music\data\chopin-prelude_n04_op28_suffocation.mid,duplicate_of_midiclassics,..\data\midiclassics\Chopin\Prelude n04 op28 ''Suffocation''.mid,,103.44011245416664,150.10998402164722,604,5.8391274493985765
midi-classical-music,Chopin,..\data\new_midi_files\midi-classical-music\data\chopin-prelude_n05_op28_uncertainty.mid,duplicate_of_midiclassics,..\data\midiclassics\Chopin\Prelude n05 op28 ''Uncertainty''.mid,,30.475296833333346,231.0622947111164,460,15.094192601821028
midi-classical-music,Chopin,..\data\new_midi_files\midi-classical-music\data\chopin-prelude_n06_op28_tolling_bells.mid,duplicate_of_midiclassics,..\data\midiclassics\Chopin\Prelude n06 op28 ''Tolling Bells''.mid,,92.37981863749995,127.77631558367318,405,4.384074422025304
midi-classical-music,Chopin,..\data\new_midi_files\midi-classical-music\data\chopin-prelude_n07_op28_the_polish_dance.mid,duplicate_of_midiclassics,..\data\midiclassics\Chopin\Prelude n07 op28 ''The Polish Dance''.mid,,36.945600549999995,104.9898045057032,164,4.438958835654927
midi-classical-music,Chopin,..\data\new_midi_files\midi-classical-music\data\chopin-prelude_n08_op28_desparation.mid,duplicate_of_midiclassics,..\data\midiclassics\Chopin\Prelude n08 op28 ''Desparation''.mid,,88.65112336666672,207.11823331997908,1560,17.59706973534605
midi-classical-music,Chopin,..\data\new_midi_files\midi-classical-music\data\chopin-prelude_n09_op28_vision.mid,duplicate_of_midiclassics,..\data\midiclassics\Chopin\Prelude n09 op28 ''Vision''.mid,,88.77313495833334,138.8538056249423,413,4.652308383542455
midi-classical-music,Chopin,..\data\new_midi_files\midi-classical-music\data\chopin-prelude_n10_op28_the_night_moth.mid,duplicate_of_midiclassics,..\data\midiclassics\Chopin\Prelude n10 op28 ''The Night Moth''.mid,,23.305819958333334,208.00562675613074,321,13.773383668709831
midi-classical-music,Chopin,..\data\new_midi_files\midi-classical-music\data\chopin-prelude_n11_op28_dragonfly.mid,duplicate_of_midiclassics,..\data\midiclassics\Chopin\Prelude n11 op28 ''Dragonfly''.mid,,30.277398875,178.286313178864,321,10.601967537741467
midi-classical-music,Chopin,..\data\new_midi_files\midi-classical-music\data\chopin-prelude_n12_op28_duel.mid,duplicate_of_midiclassics,..\data\midiclassics\Chopin\Prelude n12 op28 ''Duel''.mid,,56.76237979374998,248.18899379653848,1225,21.581195229148637
midi-classical-music,Chopin,..\data\new_midi_files\midi-classical-music\data\chopin-prelude_n13_op28_loss.mid,duplicate_of_midiclassics,..\data\midiclassics\Chopin\Prelude n13 op28 ''Loss''.mid,,152.9853881229168,184.12843964552127,904,5.909061061921006
midi-classical-music,Chopin,..\data\new_midi_files\midi-classical-music\data\chopin-prelude_n14_op28_fear.mid,duplicate_of_midiclassics,..\data\midiclassics\Chopin\Prelude n14 op28 ''Fear''.mid,,28.331688375000002,244.27037337183233,434,15.31853641249857
midi-classical-music,Chopin,..\data\new_midi_files\midi-classical-music\data\chopin-prelude_n15_op28_raindrop.mid,duplicate_of_midiclassics,..\data\midiclassics\Chopin\Prelude n15 op28 ''Raindrop''.mid,,273.88155272291584,165.6896896194853,1518,5.542541967168379
midi-classical-music,Chopin,..\data\new_midi_files\midi-classical-music\data\chopin-prelude_n16_op28_hades.mid,duplicate_of_midiclassics,..\data\midiclassics\Chopin\Prelude n16 op28 ''Hades''.mid,,61.144569677083354,190.52169947212613,1198,19.59290917127844
midi-classical-music,Chopin,..\data\new_midi_files\midi-classical-music\data\chopin-prelude_n17_op28_scene_on_the_place_of_notre_dame.mid,duplicate_of_midiclassics,..\data\midiclassics\Chopin\Prelude n17 op28 ''Scene On the Place of Notre Dame.mid,,160.21754930833328,211.3439110034198,2496,15.578817743595192
midi-classical-music,Chopin,..\data\new_midi_files\midi-classical-music\data\chopin-prelude_n18_op28_suicide.mid,duplicate_of_midiclassics,..\data\midiclassics\Chopin\Prelude n18 op28 ''Suicide''.mid,,47.20819143333334,220.66991076497777,573,12.137724039040588
midi-classical-music,Chopin,..\data\new_midi_files\midi-classical-music\data\chopin-prelude_n19_op28.mid,duplicate_of_midiclassics,..\data\midiclassics\Chopin\Prelude n19 op28.mid,,67.11325790833337,243.6133228551231,1237,18.431529604620838
midi-classical-music,Chopin,..\data\new_midi_files\midi-classical-music\data\chopin-prelude_n20_op28_funeral_march.mid,duplicate_of_midiclassics,..\data\midiclassics\Chopin\Prelude n20 op28 ''Funeral March''.mid,,86.39414090208334,52.29305253242397,286,3.310409676093015
midi-classical-music,Chopin,..\data\new_midi_files\midi-classical-music\data\chopin-prelude_n21_op28_sunday.mid,duplicate_of_midiclassics,..\data\midiclassics\Chopin\Prelude n21 op28 ''Sunday''.mid,,102.42700159999991,204.48690688998707,871,8.503617077471892
midi-classical-music,Chopin,..\data\new_midi_files\midi-classical-music\data\chopin-prelude_n22_op28_impatience.mid,duplicate_of_midiclassics,..\data\midiclassics\Chopin\Prelude n22 op28 ''Impatience''.mid,,41.41059018958332,200.2931200377751,631,15.237648077730748
midi-classical-music,Chopin,..\data\new_midi_files\midi-classical-music\data\chopin-prelude_n23_op28_a_pleasure_boat.mid,duplicate_of_midiclassics,..\data\midiclassics\Chopin\Prelude n23 op28 ''A Pleasure Boat''.mid,,51.07819775208335,218.33905123365224,527,10.317513600575404
midi-classical-music,Chopin,..\data\new_midi_files\midi-classical-music\data\chopin-prelude_n24_op28_the_storm.mid,duplicate_of_midiclassics,..\data\midiclassics\Chopin\Prelude n24 op28 ''The Storm''.mid,,122.7192547312499,227.9270263758163,1371,11.171840987809398
midi-classical-music,Chopin,..\data\new_midi_files\midi-classical-music\data\chopin-prelude_op28_15_raindrop.mid,duplicate_of_midiclassics,..\data\midiclassics\Chopin\Prelude op.28-15 Raindrop.mid,,231.12438320833422,189.2908269361321,1516,6.559238704959512
midi-classical-music,Chopin,..\data\new_midi_files\midi-classical-music\data\chopin-revolutionary.mid,duplicate_of_midiclassics,..\data\midiclassics\Chopin\Revolutionary.mid,,189.58306033333332,210.7147861879132,2113,11.145510555029706
midi-classical-music,Chopin,..\data\new_midi_files\midi-classical-music\data\chopin-scherzo_n1_op20.mid,duplicate_of_midiclassics,..\data\midiclassics\Chopin\Scherzo n1 op20.mid,,477.21016950000023,177.78972766426483,4794,10.045888177577904
midi-classical-music,Chopin,..\data\new_midi_files\midi-classical-music\data\chopin-scherzo_no2_opus_31.mid,duplicate_of_midiclassics,"..\data\midiclassics\Chopin\Scherzo No.2, Opus.31.mid",,496.3788273333333,202.51130085385438,5959,12.004943949791704
midi-classical-music,Chopin,..\data\new_midi_files\midi-classical-music\data\chopin-scherzo_op31.mid,duplicate_of_midiclassics,..\data\midiclassics\Chopin\Scherzo op31.mid,,514.0550330562506,194.94434435552148,5975,11.623269136139717
midi-classical-music,Chopin,..\data\new_midi_files\midi-classical-music\data\chopin-sonata_no3_1st_mov_allegro.mid,duplicate_of_midiclassics,..\data\midiclassics\Chopin\Sonata No.3 1st Mov Allegro.mid,,489.42887696874993,208.6956127692509,4865,9.9401572504898
midi-classical-music,Chopin,..\data\new_midi_files\midi-classical-music\data\chopin-sonata_no3_2nd_mov_scherzo.mid,duplicate_of_midiclassics,"..\data\midiclassics\Chopin\Sonata No.3, 2nd Mov, Scherzo.mid",,153.49345994166666,215.018226508987,1435,9.348932524847342
midi-classical-music,Chopin,..\data\new_midi_files\midi-classical-music\data\chopin-sonata_op35_n1_.mid,duplicate_of_midiclassics,..\data\midiclassics\Chopin\Sonata op35 n1 .mid,,392.31632714583293,199.6119253462401,5615,14.312430076132866
midi-classical-music,Chopin,..\data\new_midi_files\midi-classical-music\data\chopin-sonata_op35_n2_.mid,duplicate_of_midiclassics,..\data\midiclassics\Chopin\Sonata op35 n2 .mid,,390.4945085666662,165.7714870692013,4775,12.228084890430157
midi-classical-music,Chopin,..\data\new_midi_files\midi-classical-music\data\chopin-sonata_op35_n3_.mid,duplicate_of_midiclassics,..\data\midiclassics\Chopin\Sonata op35 n3 .mid,,445.73828275833273,134.76779862948243,2327,5.22055226129553
midi-classical-music,Chopin,..\data\new_midi_files\midi-classical-music\data\chopin-sonata_op35_n4_.mid,duplicate_of_midiclassics,..\data\midiclassics\Chopin\Sonata op35 n4 .mid,,83.30156417916653,167.06199646094538,1760,21.128054645103177
midi-classical-music,Chopin,..\data\new_midi_files\midi-classical-music\data\chopin-tarantella.mid,duplicate_of_midiclassics,..\data\midiclassics\Chopin\Tarantella.mid,,215.41397142708334,230.2816340641868,3225,14.971173775938892
midi-classical-music,Chopin,..\data\new_midi_files\midi-classical-music\data\chopin-trois_nouvelles_etudes_opposth.mid,duplicate_of_midiclassics,..\data\midiclassics\Chopin\Trois Nouvelles Etudes (Op.posth.).mid,,401.36171097916645,277.6946278679083,3110,7.748621542430667
midi-classical-music,Chopin,..\data\new_midi_files\midi-classical-music\data\chopin-waltz_in_ab_opposth_brown_21.mid,duplicate_of_midiclassics,"..\data\midiclassics\Chopin\Waltz in Ab (Op.posth., Brown21).mid",,165.625,192.0,2158,13.02943396226415
midi-classical-music,Chopin,..\data\new_midi_files\midi-classical-music\data\chopin-waltz_op64_n1.mid,duplicate_of_midiclassics,..\data\midiclassics\Chopin\Waltz op64 n1.mid,,108.1621427,246.84713982139687,1436,13.27636420797348
midi-classical-music,Chopin,..\data\new_midi_files\midi-classical-music\data\chopin-waltz_op70_n2.mid,duplicate_of_midiclassics,..\data\midiclassics\Chopin\Waltz op70 n2.mid,,146.32707533333317,168.7333692172965,1379,9.424093229900462
midi-classical-music,Chopin,..\data\new_midi_files\midi-classical-music\data\chopin-winter_wind_etude.mid,duplicate_of_midiclassics,..\data\midiclassics\Chopin\Winter wind etude.mid,,228.9655400625,195.68629438419265,3188,13.92349258814135
piano-midi.de,Chopin,..\data\new_midi_files\piano-midi.de\Chopin\chpn-p2_format0.mid,duplicate_of_midiclassics,..\data\midiclassics\Chopin\Prelude n02 op28 ''Presentiment of Death''.mid,,121.5774855833333,108.46327394584682,342,2.8130208348944814
piano-midi.de,Chopin,..\data\new_midi_files\piano-midi.de\Chopin\chpn-p3_format0.mid,duplicate_of_midiclassics,..\data\midiclassics\Chopin\Prelude n03 op28 ''Thou Art So Like A Flower''.mid,,51.137707216666605,161.4776457964483,663,12.964992685161246
piano-midi.de,Chopin,..\data\new_midi_files\piano-midi.de\Chopin\chpn-p4_format0.mid,duplicate_of_midiclassics,..\data\midiclassics\Chopin\Prelude n04 op28 ''Suffocation''.mid,,103.44011245416664,150.10998402164722,604,5.8391274493985765
piano-midi.de,Chopin,..\data\new_midi_files\piano-midi.de\Chopin\chpn_op10_e05_format0.mid,duplicate_of_midiclassics,..\data\midiclassics\Chopin\Etude op10 n05 ''Black Key''.mid,,91.37545415208335,170.30983059591074,1631,17.849432488569615
piano-midi.de,Chopin,..\data\new_midi_files\piano-midi.de\Chopin\chpn_op25_e2_format0.mid,duplicate_of_midiclassics,..\data\midiclassics\Chopin\Etude op25 n02.mid,,98.85757720833337,165.15521158130923,1203,12.16902167716276
piano-midi.de,Chopin,..\data\new_midi_files\piano-midi.de\Chopin\chpn_op35_4_format0.mid,duplicate_of_midiclassics,..\data\midiclassics\Chopin\Sonata op35 n4 .mid,,83.30156417916653,167.06199646094538,1760,21.128054645103177
Classical Music MIDI (Kaggle),Chopin,..\data\new_midi_files\Classical Music MIDI (Kaggle)\Chopin\chp_op18.mid,keep_candidate_representative,,dev,310.23498348958407,222.4979157719129,4415,14.231148113404917
Classical Music MIDI (Kaggle),Chopin,..\data\new_midi_files\Classical Music MIDI (Kaggle)\Chopin\chp_op31.mid,keep_candidate_representative,,dev,517.3928686187508,195.28131250904804,5976,11.550217180135723
Classical Music MIDI (Kaggle),Chopin,..\data\new_midi_files\Classical Music MIDI (Kaggle)\Chopin\chpn-p1.mid,keep_candidate_representative,,train,30.717675408333356,221.91849702589738,327,10.645336785845736
Classical Music MIDI (Kaggle),Chopin,..\data\new_midi_files\Classical Music MIDI (Kaggle)\Chopin\chpn-p10.mid,keep_candidate_representative,,train,23.343476858333336,208.00562675613074,322,13.794003436341145
Classical Music MIDI (Kaggle),Chopin,..\data\new_midi_files\Classical Music MIDI (Kaggle)\Chopin\chpn-p11.mid,keep_candidate_representative,,train,30.245918337499997,178.15472600332774,320,10.579939958485317
Classical Music MIDI (Kaggle),Chopin,..\data\new_midi_files\Classical Music MIDI (Kaggle)\Chopin\chpn-p12.mid,keep_candidate_representative,,test,56.628538924999965,255.4787176336777,1243,21.950063052946774
Classical Music MIDI (Kaggle),Chopin,..\data\new_midi_files\Classical Music MIDI (Kaggle)\Chopin\chpn-p13.mid,keep_candidate_representative,,dev,153.47056699375005,184.12843964552127,904,5.890380271005414
Classical Music MIDI (Kaggle),Chopin,..\data\new_midi_files\Classical Music MIDI (Kaggle)\Chopin\chpn-p14.mid,keep_candidate_representative,,train,28.432308889583336,244.1521065906375,434,15.264324880734653
Classical Music MIDI (Kaggle),Chopin,..\data\new_midi_files\Classical Music MIDI (Kaggle)\Chopin\chpn-p15.mid,keep_candidate_representative,,train,274.2564954833324,165.61077691260516,1518,5.53496462253254
Classical Music MIDI (Kaggle),Chopin,..\data\new_midi_files\Classical Music MIDI (Kaggle)\Chopin\chpn-p16.mid,keep_candidate_representative,,train,61.243099039583356,190.5330974580163,1199,19.577716000704804
Classical Music MIDI (Kaggle),Chopin,..\data\new_midi_files\Classical Music MIDI (Kaggle)\Chopin\chpn-p17.mid,keep_candidate_representative,,train,159.12620270208328,212.82078810251198,2495,15.679378742363062
Classical Music MIDI (Kaggle),Chopin,..\data\new_midi_files\Classical Music MIDI (Kaggle)\Chopin\chpn-p18.mid,keep_candidate_representative,,train,45.64726980833334,228.6656532623446,573,12.552777031484004
Classical Music MIDI (Kaggle),Chopin,..\data\new_midi_files\Classical Music MIDI (Kaggle)\Chopin\chpn-p19.mid,keep_candidate_representative,,train,67.24295790833338,243.6133228551231,1237,18.39597838165146
Classical Music MIDI (Kaggle),Chopin,..\data\new_midi_files\Classical Music MIDI (Kaggle)\Chopin\chpn-p20.mid,keep_candidate_representative,,train,89.5031594604167,52.294956921302905,286,3.195417924062057
Classical Music MIDI (Kaggle),Chopin,..\data\new_midi_files\Classical Music MIDI (Kaggle)\Chopin\chpn-p21.mid,keep_candidate_representative,,dev,106.54094404374999,202.65674050198783,878,8.240963207904915
Classical Music MIDI (Kaggle),Chopin,..\data\new_midi_files\Classical Music MIDI (Kaggle)\Chopin\chpn-p22.mid,keep_candidate_representative,,train,41.415890189583315,200.2931200377751,628,15.163262147096162
Classical Music MIDI (Kaggle),Chopin,..\data\new_midi_files\Classical Music MIDI (Kaggle)\Chopin\chpn-p23.mid,keep_candidate_representative,,train,51.17482522708335,218.24195232810268,526,10.278491380594378
Classical Music MIDI (Kaggle),Chopin,..\data\new_midi_files\Classical Music MIDI (Kaggle)\Chopin\chpn-p24.mid,keep_candidate_representative,,train,125.44740988333324,227.88912255127548,1371,10.928882479718293
Classical Music MIDI (Kaggle),Chopin,..\data\new_midi_files\Classical Music MIDI (Kaggle)\Chopin\chpn-p5.mid,keep_candidate_representative,,dev,30.38096415416669,233.16862391327166,460,15.141059963263604
Classical Music MIDI (Kaggle),Chopin,..\data\new_midi_files\Classical Music MIDI (Kaggle)\Chopin\chpn-p6.mid,keep_candidate_representative,,train,96.11724200208327,128.37873569642895,405,4.213604048181303
Classical Music MIDI (Kaggle),Chopin,..\data\new_midi_files\Classical Music MIDI (Kaggle)\Chopin\chpn-p7.mid,keep_candidate_representative,,train,37.028427549999996,102.53673752453669,167,4.510048388484702
Classical Music MIDI (Kaggle),Chopin,..\data\new_midi_files\Classical Music MIDI (Kaggle)\Chopin\chpn-p8.mid,keep_candidate_representative,,train,93.22670529583338,207.11823331997908,1558,16.7119495970178
Classical Music MIDI (Kaggle),Chopin,..\data\new_midi_files\Classical Music MIDI (Kaggle)\Chopin\chpn-p9.mid,keep_candidate_representative,,train,89.0814606,138.04276790090805,413,4.636205976173677
Classical Music MIDI (Kaggle),Chopin,..\data\new_midi_files\Classical Music MIDI (Kaggle)\Chopin\chpn_op10_e01.mid,keep_candidate_representative,,train,111.53628633333331,172.18963274758949,1337,11.987130322810733
Classical Music MIDI (Kaggle),Chopin,..\data\new_midi_files\Classical Music MIDI (Kaggle)\Chopin\chpn_op23.mid,keep_candidate_representative,,train,539.4830980937514,183.21361256784368,5028,9.320032486219306
Classical Music MIDI (Kaggle),Chopin,..\data\new_midi_files\Classical Music MIDI (Kaggle)\Chopin\chpn_op25_e1.mid,keep_candidate_representative,,train,125.7770738916666,258.2742029232704,2222,17.66617660316885
Classical Music MIDI (Kaggle),Chopin,..\data\new_midi_files\Classical Music MIDI (Kaggle)\Chopin\chpn_op25_e11.mid,keep_candidate_representative,,test,186.97815062083316,190.83620061520844,3172,16.96454900996638
Classical Music MIDI (Kaggle),Chopin,..\data\new_midi_files\Classical Music MIDI (Kaggle)\Chopin\chpn_op25_e12.mid,keep_candidate_representative,,train,137.9512173833336,195.79684921863765,2634,19.093706093805178
Classical Music MIDI (Kaggle),Chopin,..\data\new_midi_files\Classical Music MIDI (Kaggle)\Chopin\chpn_op25_e3.mid,keep_candidate_representative,,test,104.24540936666634,236.99725715289244,1693,16.240523302519218
Classical Music MIDI (Kaggle),Chopin,..\data\new_midi_files\Classical Music MIDI (Kaggle)\Chopin\chpn_op25_e4.mid,keep_candidate_representative,,test,83.0053331666666,199.95648733443318,1507,18.155459926581962
Classical Music MIDI (Kaggle),Chopin,..\data\new_midi_files\Classical Music MIDI (Kaggle)\Chopin\chpn_op33_2.mid,keep_candidate_representative,,train,142.96838588958335,196.9599114566729,1933,13.520471592180423
Classical Music MIDI (Kaggle),Chopin,..\data\new_midi_files\Classical Music MIDI (Kaggle)\Chopin\chpn_op33_4.mid,keep_candidate_representative,,train,317.3272845,175.59740431916939,2165,6.822609040414865
Classical Music MIDI (Kaggle),Chopin,..\data\new_midi_files\Classical Music MIDI (Kaggle)\Chopin\chpn_op35_1.mid,keep_candidate_representative,,train,392.31632714583293,199.6119253462401,5614,14.309881112628657
Classical Music MIDI (Kaggle),Chopin,..\data\new_midi_files\Classical Music MIDI (Kaggle)\Chopin\chpn_op35_2.mid,keep_candidate_representative,,dev,392.9457045666665,165.7714870692013,4775,12.151806075258628
Classical Music MIDI (Kaggle),Chopin,..\data\new_midi_files\Classical Music MIDI (Kaggle)\Chopin\chpn_op35_3.mid,keep_candidate_representative,,train,450.2975587708327,134.76779862948243,2327,5.167694016267733
Classical Music MIDI (Kaggle),Chopin,..\data\new_midi_files\Classical Music MIDI (Kaggle)\Chopin\chpn_op53.mid,keep_candidate_representative,,train,361.06818171249995,193.337608352829,6052,16.761377231569234
Classical Music MIDI (Kaggle),Chopin,..\data\new_midi_files\Classical Music MIDI (Kaggle)\Chopin\chpn_op66.mid,keep_candidate_representative,,train,274.4301456083331,213.06167348826753,3050,11.11393937148932
Classical Music MIDI (Kaggle),Chopin,..\data\new_midi_files\Classical Music MIDI (Kaggle)\Chopin\chpn_op7_1.mid,keep_candidate_representative,,train,137.37768944999993,218.3323396439004,1229,8.946139689205557
Classical Music MIDI (Kaggle),Chopin,..\data\new_midi_files\Classical Music MIDI (Kaggle)\Chopin\chpn_op7_2.mid,keep_candidate_representative,,dev,160.37429929166677,172.7254931312827,1207,7.526143561225318
midisheetmusic.com,Chopin,..\data\new_midi_files\midisheetmusic.com\Chopin\Chopin__Minute_Waltz_Op._64_No._1_in__D-flat_major.mid,keep_candidate_representative,,train,151.1966666666667,180.0,1242,8.214466809233008
chopin-comp-midi,Chopin,..\data\new_midi_files\chopin-comp-midi\data\adam_miko_aj_gozdziewski\Adam Mikołaj Goździewski – Chopin Piano Competition 2015 (preliminary round) [EolbT_oiRHU].mid,keep_unique,,train,1860.7885416666666,203.4886288363773,14644,7.869781908095638
chopin-comp-midi,Chopin,..\data\new_midi_files\chopin-comp-midi\data\adam_piorkowski\Adam Piórkowski – Chopin Piano Competition 2015 (preliminar [Gv5ZcnvoDQ4].mid,keep_unique,,test,2289.2671875,195.1274595601729,17914,7.825211533985698
chopin-comp-midi,Chopin,..\data\new_midi_files\chopin-comp-midi\data\aimi_kobayashi\Aimi Kobayashi – Chopin Piano Competition 2015 (preliminary  [R7T-a33gSq0].mid,keep_unique,,train,1889.2072916666666,180.38519755728402,15197,8.044114622590273
chopin-comp-midi,Chopin,..\data\new_midi_files\chopin-comp-midi\data\airi_katada\Airi Katada – Chopin Piano Competition 2015 (preliminary rou [IRJkeoVmyN4].mid,keep_unique,,train,1847.5296875,196.9939699396952,15371,8.319758055308652
chopin-comp-midi,Chopin,..\data\new_midi_files\chopin-comp-midi\data\aleksandr_maltsev\Aleksandr Maltsev – Chopin Piano Competition 2015 (prelimina [0ccX0TsIHuA].mid,keep_unique,,dev,1528.7208333333333,207.29677448377012,14443,9.447768150387171
chopin-comp-midi,Chopin,..\data\new_midi_files\chopin-comp-midi\data\aleksandra_hortensja_dabek\Aleksandra Hortensja Dąbek – Chopin Piano Competition 2015 (preliminary round) [wwvmz1CyNX8].mid,keep_unique,,train,1841.9114583333333,188.7601690286609,14878,8.077478389467464
chopin-comp-midi,Chopin,..\data\new_midi_files\chopin-comp-midi\data\alexander_ullman\Alexander Ullman – Chopin Piano Competition 2015 (preliminar [rftJMhFdspU].mid,keep_unique,,train,1735.3994791666667,202.18211600901074,14936,8.606663871520936
chopin-comp-midi,Chopin,..\data\new_midi_files\chopin-comp-midi\data\alexandra_sikorskaya\Alexandra Sikorskaya – Chopin Piano Competition 2015 (prelim [AtkCS4GRq_k].mid,keep_unique,,test,1871.8880208333333,195.21108082221582,16165,8.635666140330132
chopin-comp-midi,Chopin,..\data\new_midi_files\chopin-comp-midi\data\alexei_tartakovsky\Alexei Tartakovsky – Chopin Piano Competition 2015 (prelimin [nhoaplZajoY].mid,keep_unique,,train,1756.31875,200.0626334519568,16538,9.416286195202323
chopin-comp-midi,Chopin,..\data\new_midi_files\chopin-comp-midi\data\aljosa_jurinic\Aljoša Jurinić – Chopin Piano Competition 2015 (preliminar [d8dV6WMxXFo].mid,keep_unique,,train,1700.1989583333334,196.21247113163395,13735,8.078466306945694
chopin-comp-midi,Chopin,..\data\new_midi_files\chopin-comp-midi\data\anastasia_zorina\Anastasia Zorina – Chopin Piano Competition 2015 (preliminar [l1MvMzYd104].mid,keep_unique,,train,1249.6869791666666,202.81690140845765,11568,9.256718036474968
chopin-comp-midi,Chopin,..\data\new_midi_files\chopin-comp-midi\data\anastasiia_nesterova\Anastasiia Nesterova – Chopin Piano Competition 2015 (prelim [xIAf4bsRKgY].mid,keep_unique,,train,2042.0421875,199.52987752071647,17045,8.347036170132993
chopin-comp-midi,Chopin,..\data\new_midi_files\chopin-comp-midi\data\anna_han\Anna Han – Chopin Piano Competition 2015 (preliminary round) [pO6fTTjS2-o].mid,keep_unique,,train,1454.7645833333333,201.9197062014847,13584,9.33759328184543
chopin-comp-midi,Chopin,..\data\new_midi_files\chopin-comp-midi\data\anna_ulaieva\Anna Ulaieva – Chopin Piano Competition 2015 (preliminary ro [P0PdDPkk_k4].mid,keep_unique,,train,1773.7598958333333,199.3013274777862,15222,8.581770303724522
chopin-comp-midi,Chopin,..\data\new_midi_files\chopin-comp-midi\data\annie_zhou\Annie Zhou – Chopin Piano Competition 2015 (preliminary roun [6uhhbE1J6o0].mid,keep_unique,,train,1884.796875,205.94194262363374,16535,8.772828637038142
chopin-comp-midi,Chopin,..\data\new_midi_files\chopin-comp-midi\data\anton_gerzenberg\Anton Gerzenberg – Chopin Piano Competition 2015 (preliminary round) [r_E9ZoVnJNs].mid,keep_unique,,test,1891.6692708333333,199.99999999998587,17235,9.111000673181893
chopin-comp-midi,Chopin,..\data\new_midi_files\chopin-comp-midi\data\arisa_onoda\Arisa Onoda – Chopin Piano Competition 2015 (preliminary rou [-wh2g1hQO0Q].mid,keep_unique,,test,1764.2890625,203.82043362221097,15859,8.988889823716175
chopin-comp-midi,Chopin,..\data\new_midi_files\chopin-comp-midi\data\arisa_sakai\Arisa Sakai – Chopin Piano Competition 2015 (preliminary rou [CyywZx1aY3A].mid,keep_unique,,train,1892.7619791666666,205.88790150422872,16105,8.508729664514187
chopin-comp-midi,Chopin,..\data\new_midi_files\chopin-comp-midi\data\ashley_fripp\Ashley Fripp – Chopin Piano Competition 2015 (preliminary round) [5NTVRibaTqQ].mid,keep_unique,,dev,1638.1541666666667,207.85625681312865,15360,9.376406880711777
chopin-comp-midi,Chopin,..\data\new_midi_files\chopin-comp-midi\data\boyang_shi\Boyang Shi – Chopin Piano Competition 2015 (preliminary roun [Ak6oVLilG4Y].mid,keep_unique,,test,1759.9895833333333,203.43772074405254,14348,8.152320977278512
chopin-comp-midi,Chopin,..\data\new_midi_files\chopin-comp-midi\data\chao_wang\Chao Wang – Chopin Piano Competition 2015 (preliminary round [QVQ0Aoly5c8].mid,keep_unique,,train,1587.2130208333333,204.33957594257558,13711,8.638411996394362
chopin-comp-midi,Chopin,..\data\new_midi_files\chopin-comp-midi\data\chelsea_wang\Chelsea Wang – Chopin Piano Competition 2015 (preliminary ro [LZ4MZTfgt9Y].mid,keep_unique,,train,1905.1411458333332,193.88343912288872,16164,8.484410740564662
chopin-comp-midi,Chopin,..\data\new_midi_files\chopin-comp-midi\data\cheng_zhang\Cheng Zhang – Chopin Piano Competition 2015 (preliminary rou [EbW1GWXTKJk].mid,keep_unique,,train,2081.3770833333333,194.13164155432008,16430,7.893812289740066
chopin-comp-midi,Chopin,..\data\new_midi_files\chopin-comp-midi\data\chi_ho_han\Chi Ho Han – Chopin Piano Competition 2015 (preliminary round) [SFnDvSB_ms0].mid,keep_unique,,train,1737.6734374999999,203.16082208505185,15940,9.17318505077281
chopin-comp-midi,Chopin,..\data\new_midi_files\chopin-comp-midi\data\chisaki_doi\Chisaki Doi – Chopin Piano Competition 2015 (preliminary round) [mqV_2HwGUDA].mid,keep_unique,,test,1637.178125,192.43227540126813,14430,8.813946252793965
chopin-comp-midi,Chopin,..\data\new_midi_files\chopin-comp-midi\data\chuhan_zhang\Chuhan Zhang – Chopin Piano Competition 2015 (preliminary ro [vxLzALmBpb0].mid,keep_unique,,dev,1791.1286458333334,177.14641379562892,15378,8.585647957657052
chopin-comp-midi,Chopin,..\data\new_midi_files\chopin-comp-midi\data\chulmin_lee\Chulmin Lee – Chopin Piano Competition 2015 (preliminary rou [2-e0g57mToE].mid,keep_unique,,test,1961.7260416666666,203.82380902079097,16890,8.609764891355773
chopin-comp-midi,Chopin,..\data\new_midi_files\chopin-comp-midi\data\cristian_ioan_sandrin\Cristian Ioan Sandrin – Chopin Piano Competition 2015 (preli [EsiqJyADx0c].mid,keep_unique,,dev,1753.9109375,202.57465162576025,16246,9.2627280283438
chopin-comp-midi,Chopin,..\data\new_midi_files\chopin-comp-midi\data\daye_kim\Daye Kim – Chopin Piano Competition 2015 (preliminary round) [Zk300gT2GRg].mid,keep_unique,,train,1538.0786458333332,199.25280199253277,13172,8.56393139302925
chopin-comp-midi,Chopin,..\data\new_midi_files\chopin-comp-midi\data\dmitry_shishkin\Dmitry Shishkin – Chopin Piano Competition 2015 (preliminary [7I8041Oe7Sw].mid,keep_unique,,train,1629.7479166666667,203.5160289555425,14726,9.035753228707405
chopin-comp-midi,Chopin,..\data\new_midi_files\chopin-comp-midi\data\eriko_gomita\Eriko Gomita – Chopin Piano Competition 2015 (preliminary round) [p_SVL_RJDGE].mid,keep_unique,,train,1834.246875,196.58070124601826,15835,8.632970957085588
chopin-comp-midi,Chopin,..\data\new_midi_files\chopin-comp-midi\data\eunae_lee\EunAe Lee – Chopin Piano Competition 2015 (preliminary round [X3OoAVzFDS0].mid,keep_unique,,train,1829.7421875,203.50999131190662,16111,8.805065604358537
chopin-comp-midi,Chopin,..\data\new_midi_files\chopin-comp-midi\data\evan_wong\Evan Wong – Chopin Piano Competition 2015 (preliminary round [8nRE2WPUNO8].mid,keep_unique,,train,1799.8630208333334,203.47826086955916,14969,8.31674401148004
chopin-comp-midi,Chopin,..\data\new_midi_files\chopin-comp-midi\data\fei_fei_dong\Fei Fei Dong – Chopin Piano Competition 2015 (preliminary ro [41b16fB0uvQ].mid,keep_unique,,train,2103.297395833333,196.51891142680844,16586,7.885713182005141
chopin-comp-midi,Chopin,..\data\new_midi_files\chopin-comp-midi\data\fuyuko_nakamura\Fuyuko Nakamura – Chopin Piano Competition 2015 (preliminary [bIrzRM_c6nk].mid,keep_unique,,dev,1691.4473958333333,198.96373056994722,15413,9.112314126923472
chopin-comp-midi,Chopin,..\data\new_midi_files\chopin-comp-midi\data\galina_chistiakova\Galina Chistiakova – Chopin Piano Competition 2015 (preliminary round) [EpsZ68WYCzk].mid,keep_unique,,train,1864.2234375,205.8776806989539,14783,7.929843441848692
chopin-comp-midi,Chopin,..\data\new_midi_files\chopin-comp-midi\data\george_li\George Li – Chopin Piano Competition 2015 (preliminary round [rx3A_Y30JwA].mid,keep_unique,,dev,1754.7661458333332,203.1088082901295,15091,8.600006351748556
chopin-comp-midi,Chopin,..\data\new_midi_files\chopin-comp-midi\data\georgijs_osokins\Georgijs Osokins – Chopin Piano Competition 2015 (preliminar [ylrIi1cZ6CA].mid,keep_unique,,test,1698.7145833333334,205.76912823246732,14826,8.727775781442585
chopin-comp-midi,Chopin,..\data\new_midi_files\chopin-comp-midi\data\grzegorz_niemczuk\Grzegorz Niemczuk – Chopin Piano Competition 2015 (prelimina [yPqt6XuCq2k].mid,keep_unique,,train,1987.5666666666666,207.11075292147822,14941,7.517232126385698
chopin-comp-midi,Chopin,..\data\new_midi_files\chopin-comp-midi\data\guillaume_masson\Guillaume Masson – Chopin Piano Competition 2015 (preliminar [6g8AJ1ikf9A].mid,keep_unique,,train,2045.7572916666666,198.95452653005017,16007,7.8244863480159905
chopin-comp-midi,Chopin,..\data\new_midi_files\chopin-comp-midi\data\haoguo_chen_chn\Haoguo Chen – Chopin Piano Competition 2015 (preliminary rou [Oe2HoSTS3Vw].mid,keep_unique,,train,1735.3999999999999,201.07343893178367,14171,8.165840728362339
chopin-comp-midi,Chopin,..\data\new_midi_files\chopin-comp-midi\data\honggi_kim\Honggi Kim – Chopin Piano Competition 2015 (preliminary roun [gJTW7bd565g].mid,keep_unique,,train,2028.5744791666666,203.74100719423254,16041,7.907523319818951
chopin-comp-midi,Chopin,..\data\new_midi_files\chopin-comp-midi\data\hsin_jo_chan\Hsin-Jo Chan – Chopin Piano Competition 2015 (preliminary round) [nXRmNDDwYN8].mid,keep_unique,,dev,1708.6520833333334,197.63737071710705,14438,8.4499355608039
chopin-comp-midi,Chopin,..\data\new_midi_files\chopin-comp-midi\data\irina_chistiakova\Irina Chistiakova – Chopin Piano Competition 2015 (preliminary round) [EDVFBT-LOts].mid,keep_unique,,train,2053.5609375,206.33783411409257,17003,8.279764037924977
chopin-comp-midi,Chopin,..\data\new_midi_files\chopin-comp-midi\data\ivett_gyongyosi\Ivett Gyöngyösi – Chopin Piano Competition 2015 (preliminary round) [AR5Bl708HAk].mid,keep_unique,,train,1816.39375,199.41411451400847,16152,8.892345065600452
chopin-comp-midi,Chopin,..\data\new_midi_files\chopin-comp-midi\data\jae_yoon_lee\Jae Yoon Lee – Chopin Piano Competition 2015 (preliminary ro [wF9xN5HMZe4].mid,keep_unique,,train,1720.121875,203.58620689656064,15740,9.150514407591032
chopin-comp-midi,Chopin,..\data\new_midi_files\chopin-comp-midi\data\jinhyung_park\Jinhyung Park – Chopin Piano Competition 2015 (preliminary r [5UCwpDMsTps].mid,keep_unique,,dev,1897.3374999999999,202.3419203746839,16489,8.690599326688057
chopin-comp-midi,Chopin,..\data\new_midi_files\chopin-comp-midi\data\jiyeong_mun\Jiyeong Mun – Chopin Piano Competition 2015 (preliminary rou [ONGlosU88l4].mid,keep_unique,,train,1963.3739583333333,201.5836213307725,16904,8.609669048656144
chopin-comp-midi,Chopin,..\data\new_midi_files\chopin-comp-midi\data\joanna_rozewska_kulasinska\Joanna Różewska-Kulasińska – Chopin Piano Competition 2015  [LCLzkta5psk].mid,keep_unique,,train,1847.0645833333333,188.94454541425154,14771,7.997013278952753
chopin-comp-midi,Chopin,..\data\new_midi_files\chopin-comp-midi\data\joo_yeon_ka\Joo Yeon Ka – Chopin Piano Competition 2015 (preliminary rou [aK-zYW39Do8].mid,keep_unique,,train,1572.025,172.7064506725545,14159,9.006854216695027
chopin-comp-midi,Chopin,..\data\new_midi_files\chopin-comp-midi\data\joshua_wright\Joshua Wright – Chopin Piano Competition 2015 (preliminary r [jRIt589ykUw].mid,keep_unique,,train,1764.471875,202.62143407864295,15219,8.625243743258872
chopin-comp-midi,Chopin,..\data\new_midi_files\chopin-comp-midi\data\julia_maria_sliwa\Julia Maria Śliwa – Chopin Piano Competition 2015 (prelimin [0G5959nXxlw].mid,keep_unique,,train,1791.2208333333333,202.60425474344171,14403,8.04088459221248
chopin-comp-midi,Chopin,..\data\new_midi_files\chopin-comp-midi\data\kanade_tsurusawa\Kanade Tsurusawa – Chopin Piano Competition 2015 (preliminar [JtH60Q9V4N8].mid,keep_unique,,dev,1612.1916666666666,204.91106290670834,13298,8.248398918656282
chopin-comp-midi,Chopin,..\data\new_midi_files\chopin-comp-midi\data\kate_liu\Kate Liu – Chopin Piano Competition 2015 (preliminary round) [SiqzOHfndfA].mid,keep_unique,,test,1912.4755208333333,198.25488360859072,15012,7.849512235042224
chopin-comp-midi,Chopin,..\data\new_midi_files\chopin-comp-midi\data\kausikan_rajeshkumar\Kausikan Rajeshkumar – Chopin Piano Competition 2015 (prelim [3W0J1LovTeA].mid,keep_unique,,train,1640.7796875,205.33475093030222,13224,8.059582953607231
chopin-comp-midi,Chopin,..\data\new_midi_files\chopin-comp-midi\data\kiana_reid\Kiana Reid – Chopin Piano Competition 2015 (preliminary roun [Zov71eQ3gls].mid,keep_unique,,train,1895.7770833333334,201.5272262793989,15693,8.277871980817013
chopin-comp-midi,Chopin,..\data\new_midi_files\chopin-comp-midi\data\kotaro_nagano\Kotaro Nagano – Chopin Piano Competition 2015 (preliminary r [TdgCO-fQONo].mid,keep_unique,,dev,1698.9468749999999,194.36388508891736,13830,8.140336936668488
chopin-comp-midi,Chopin,..\data\new_midi_files\chopin-comp-midi\data\linzi_pan\Linzi Pan – Chopin Piano Competition 2015 (preliminary round [auOzPwzG2ZE].mid,keep_unique,,train,1927.0807291666667,196.25212947188794,16351,8.48485470926312
chopin-comp-midi,Chopin,..\data\new_midi_files\chopin-comp-midi\data\luigi_carroccia\Luigi Carroccia – Chopin Piano Competition 2015 (preliminary round) [sjlw4l2nlug].mid,keep_unique,,train,2063.9864583333333,208.18195980684138,16851,8.164297751065268
chopin-comp-midi,Chopin,..\data\new_midi_files\chopin-comp-midi\data\madoka_fukami\Madoka Fukami – Chopin Piano Competition 2015 (preliminary round) [P6qhVuoxa2Q].mid,keep_unique,,train,1806.0098958333333,198.48677803583035,15683,8.683784090099635
chopin-comp-midi,Chopin,..\data\new_midi_files\chopin-comp-midi\data\marcin_wieczorek\Marcin Wieczorek – Chopin Piano Competition 2015 (preliminar [VdirK7aa3a8].mid,keep_unique,,dev,1427.2958333333333,193.52309846011184,13418,9.400994304497724
chopin-comp-midi,Chopin,..\data\new_midi_files\chopin-comp-midi\data\marek_kozak\Marek Kozák – Chopin Piano Competition 2015 (preliminary ro [xkXTl-1hpi4].mid,keep_unique,,train,1496.0036458333334,199.3698690925263,13374,8.939817785370538
chopin-comp-midi,Chopin,..\data\new_midi_files\chopin-comp-midi\data\mariko_nogami\Mariko Nogami – Chopin Piano Competition 2015 (preliminary r [6aSp3kucKu0].mid,keep_unique,,dev,1644.703125,202.80750521194443,15626,9.500802766456712
chopin-comp-midi,Chopin,..\data\new_midi_files\chopin-comp-midi\data\markiyan_popil\Markiyan Popil – Chopin Piano Competition 2015 (preliminary  [QTReAgitzhM].mid,keep_unique,,train,1489.3640625,208.01224177504815,14417,9.679970373261238
chopin-comp-midi,Chopin,..\data\new_midi_files\chopin-comp-midi\data\mayaka_nakagawa\Mayaka Nakagawa – Chopin Piano Competition 2015 (preliminary [ZtPsPJZ8C4g].mid,keep_unique,,train,1772.1125,202.47969217612248,15137,8.541782759277416
chopin-comp-midi,Chopin,..\data\new_midi_files\chopin-comp-midi\data\micha_dziewior\Michał Dziewior – Chopin Piano Competition 2015 (preliminary round) [NLroUyqk9nA].mid,keep_unique,,train,1870.0979166666666,196.50776912818628,16977,9.078134277728328
chopin-comp-midi,Chopin,..\data\new_midi_files\chopin-comp-midi\data\micha_szymanowski\Michał Szymanowski – Chopin Piano Competition 2015 (prelimin [ulep674oZ68].mid,keep_unique,,test,1897.2229166666666,206.54240384291904,16619,8.759645402765226
chopin-comp-midi,Chopin,..\data\new_midi_files\chopin-comp-midi\data\michelle_candotti\Michelle Candotti – Chopin Piano Competition 2015 (preliminary round) [2_a-wHf4FDA].mid,keep_unique,,train,1750.4005208333333,206.19391912576666,17023,9.72520277353189
chopin-comp-midi,Chopin,..\data\new_midi_files\chopin-comp-midi\data\mihyun_ahn\Mihyun Ahn – Chopin Piano Competition 2015 (preliminary round) [mXb4mRwj8eo].mid,keep_unique,,train,1859.9994791666666,198.44249057957646,15426,8.293550709439604
chopin-comp-midi,Chopin,..\data\new_midi_files\chopin-comp-midi\data\misora_ozaki\Misora Ozaki – Chopin Piano Competition 2015 (preliminary ro [hLX3Z7K1jv4].mid,keep_unique,,train,1798.8390625,194.40617478628087,16643,9.252078380413757
chopin-comp-midi,Chopin,..\data\new_midi_files\chopin-comp-midi\data\miyako_arishima\Miyako Arishima – Chopin Piano Competition 2015 (preliminary round) [1clqNl_l5mE].mid,keep_unique,,train,1761.3598958333332,196.89859846483895,14465,8.212404537095658
chopin-comp-midi,Chopin,..\data\new_midi_files\chopin-comp-midi\data\motohiro_sato\Motohiro Sato – Chopin Piano Competition 2015 (preliminary r [k-m8ojetPfE].mid,keep_unique,,test,1657.4265625,195.07055503293117,14620,8.820903641092695
chopin-comp-midi,Chopin,..\data\new_midi_files\chopin-comp-midi\data\nagino_maruyama\Nagino Maruyama – Chopin Piano Competition 2015 (preliminary [7N9kf9Wbsxk].mid,keep_unique,,train,1678.3489583333333,202.9550633060063,16090,9.586802506183222
chopin-comp-midi,Chopin,..\data\new_midi_files\chopin-comp-midi\data\nao_mieno\Nao Mieno – Chopin Piano Competition 2015 (preliminary round [JJrEB9bk5mY].mid,keep_unique,,test,1918.7661458333332,196.35176790571535,15552,8.105208669525311
chopin-comp-midi,Chopin,..\data\new_midi_files\chopin-comp-midi\data\natalie_schwamova\Natalie Schwamová – Chopin Piano Competition 2015 (prelimin [gduQV79M44U].mid,keep_unique,,dev,1933.6723958333332,196.04775209551042,16295,8.426970377770495
chopin-comp-midi,Chopin,..\data\new_midi_files\chopin-comp-midi\data\nathalia_milstein\Nathalia Milstein – Chopin Piano Competition 2015 (prelimina [3Zo2AJJTwNw].mid,keep_unique,,train,1994.0718749999999,199.9999999999976,17199,8.625065232415457
chopin-comp-midi,Chopin,..\data\new_midi_files\chopin-comp-midi\data\ning_yuen_li\Ning Yuen Li – Chopin Piano Competition 2015 (preliminary ro [_LGTmn4mQMk].mid,keep_unique,,train,1876.625,190.40273263182024,15964,8.50676080730034
chopin-comp-midi,Chopin,..\data\new_midi_files\chopin-comp-midi\data\ning_zhou\Ning Zhou – Chopin Piano Competition 2015 (preliminary round [6iIDxOpgWRE].mid,keep_unique,,train,1911.1989583333334,196.54510556619994,15635,8.180728611130338
chopin-comp-midi,Chopin,..\data\new_midi_files\chopin-comp-midi\data\olof_hansen\Olof Hansen – Chopin Piano Competition 2015 (preliminary round) [bXEduLl2ewI].mid,keep_unique,,train,1759.3395833333334,206.58466194064738,16050,9.122741369571678
chopin-comp-midi,Chopin,..\data\new_midi_files\chopin-comp-midi\data\otis_william_beasley\Otis William Beasley – Chopin Piano Competition 2015 (preliminary round) [fWFXvr35vng].mid,keep_unique,,test,1891.1364583333334,206.22063101365097,17346,9.172262489871885
chopin-comp-midi,Chopin,..\data\new_midi_files\chopin-comp-midi\data\pawe_motyczynski\Paweł Motyczyński – Chopin Piano Competition 2015 (prelimin [EQOxX5evfHc].mid,keep_unique,,train,1833.6875,199.11776885543597,16778,9.149868775350216
chopin-comp-midi,Chopin,..\data\new_midi_files\chopin-comp-midi\data\piotr_nowak\Piotr Nowak – Chopin Piano Competition 2015 (preliminary rou [QdyMMXTNJKI].mid,keep_unique,,train,1838.4260416666666,202.72002815555712,17034,9.26553454636524
chopin-comp-midi,Chopin,..\data\new_midi_files\chopin-comp-midi\data\piotr_ryszard_pawlak\Piotr Ryszard Pawlak – Chopin Piano Competition 2015 (prelim [CC0scCkaxn0].mid,keep_unique,,train,1782.3984375,187.95696731760242,14647,8.217579017037261
chopin-comp-midi,Chopin,..\data\new_midi_files\chopin-comp-midi\data\qi_kong\Qi Kong – Chopin Piano Competition 2015 (preliminary round) [LJC8nwZErxs].mid,keep_unique,,train,1781.1671875,204.01690480981162,16521,9.275378592162618
chopin-comp-midi,Chopin,..\data\new_midi_files\chopin-comp-midi\data\qi_xu\Qi Xu – Chopin Piano Competition 2015 (preliminary round) [_xexvqseVMs].mid,keep_unique,,dev,1662.5604166666667,199.78161731646034,14306,8.604800076187708
chopin-comp-midi,Chopin,..\data\new_midi_files\chopin-comp-midi\data\rafa_b_aszczyk\Rafał Błaszczyk – Chopin Piano Competition 2015 (preliminary round) [wJkmRsBtNFk].mid,keep_unique,,train,1687.9380208333332,200.59407968862277,15157,8.979595111268958
chopin-comp-midi,Chopin,..\data\new_midi_files\chopin-comp-midi\data\rikono_takeda\Rikono Takeda – Chopin Piano Competition 2015 (preliminary r [YCKFM8BzIso].mid,keep_unique,,train,1953.8067708333333,194.21185726326235,16484,8.436862972365113
chopin-comp-midi,Chopin,..\data\new_midi_files\chopin-comp-midi\data\rina_sudo\Rina Sudo – Chopin Piano Competition 2015 (preliminary round [UNcuFseEgQk].mid,keep_unique,,train,1905.2979166666667,203.15780772093277,16844,8.840612196474087
chopin-comp-midi,Chopin,..\data\new_midi_files\chopin-comp-midi\data\roman_martynov\Roman Martynov – Chopin Piano Competition 2015 (preliminary  [Zi8u9p8Q1BU].mid,keep_unique,,train,1531.0192708333334,205.77144444885403,14225,9.291195918296532
chopin-comp-midi,Chopin,..\data\new_midi_files\chopin-comp-midi\data\ronald_noerjadi\Ronald Noerjadi – Chopin Piano Competition 2015 (preliminary [0icesPnDirc].mid,keep_unique,,train,2634.616145833333,204.48321330765705,18721,7.10577896882907
chopin-comp-midi,Chopin,..\data\new_midi_files\chopin-comp-midi\data\ruoyu_huang\Ruoyu Huang – Chopin Piano Competition 2015 (preliminary rou [r7b2A9D21Yk].mid,keep_unique,,train,2014.2947916666667,182.69764491316866,16240,8.062375014415197
chopin-comp-midi,Chopin,..\data\new_midi_files\chopin-comp-midi\data\ruslan_kazakov\Ruslan Kazakov – Chopin Piano Competition 2015 (preliminary  [_9PKpMs4evc].mid,keep_unique,,train,2162.3223958333333,201.8092530369622,18618,8.610186915640229
chopin-comp-midi,Chopin,..\data\new_midi_files\chopin-comp-midi\data\saskia_giorgini\Saskia Giorgini – Chopin Piano Competition 2015 (preliminary round) [n-pvXMiymoc].mid,keep_unique,,dev,1865.8,176.6994352645868,15578,8.349233572730196
chopin-comp-midi,Chopin,..\data\new_midi_files\chopin-comp-midi\data\seong_jin_cho\Seong-Jin Cho – Chopin Piano Competition 2015 (preliminary round) [Cb26O5_mhx8].mid,keep_unique,,train,1841.9796875,200.99001866426332,15882,8.622244918213845
chopin-comp-midi,Chopin,..\data\new_midi_files\chopin-comp-midi\data\shaun_yung_sheng_choo\Shaun Yung Sheng Choo – Chopin Piano Competition 2015 (preliminary round) [2SWjmx98mT0].mid,keep_unique,,train,1713.2723958333333,206.16131918699278,16014,9.34702504922506
chopin-comp-midi,Chopin,..\data\new_midi_files\chopin-comp-midi\data\soo_jung_ann\Soo Jung Ann – Chopin Piano Competition 2015 (preliminary round) [JFYzmYLEHtA].mid,keep_unique,,train,1822.128125,200.21304030949398,15156,8.317746590953917
chopin-comp-midi,Chopin,..\data\new_midi_files\chopin-comp-midi\data\su_yeon_kim\Su Yeon Kim – Chopin Piano Competition 2015 (preliminary rou [an8zxFY-wbk].mid,keep_unique,,train,1815.3932291666667,195.2726245408969,16386,9.02614361271017
chopin-comp-midi,Chopin,..\data\new_midi_files\chopin-comp-midi\data\szymon_nehring\Szymon Nehring – Chopin Piano Competition 2015 (preliminary  [Jtp7KW1FTiI].mid,keep_unique,,dev,2057.625,206.69593433864407,17685,8.594860579551668
chopin-comp-midi,Chopin,..\data\new_midi_files\chopin-comp-midi\data\takuya_kambara\Takuya Kambara – Chopin Piano Competition 2015 (preliminary  [bDz0IA_36PE].mid,keep_unique,,train,1747.5890625,194.87086542818682,15131,8.658213950111627
chopin-comp-midi,Chopin,..\data\new_midi_files\chopin-comp-midi\data\tamila_salimdjanova\Tamila Salindianova – Chopin Piano Competition 2015 (prelimi [IApUbbTz-5Y].mid,keep_unique,,train,1596.615625,206.29174329685705,14845,9.297792009269608
chopin-comp-midi,Chopin,..\data\new_midi_files\chopin-comp-midi\data\thibaud_epp\Thibaud Epp – Chopin Piano Competition 2015 (preliminary round) [7XAd5uNuni0].mid,keep_unique,,train,1676.6322916666666,201.89982123453623,14986,8.938155416953753
chopin-comp-midi,Chopin,..\data\new_midi_files\chopin-comp-midi\data\tian_lu\Tian Lu – Chopin Piano Competition 2015 (preliminary round) [JRUKxnUDBUU].mid,keep_unique,,train,1768.5328124999999,189.54562713580685,13604,7.692251963801209
chopin-comp-midi,Chopin,..\data\new_midi_files\chopin-comp-midi\data\tianpeng_yu\Tianpeng Yu – Chopin Piano Competition 2015 (preliminary rou [AEvxVAsSixg].mid,keep_unique,,train,1767.5151041666666,195.09677419354034,16189,9.159186228076198
chopin-comp-midi,Chopin,..\data\new_midi_files\chopin-comp-midi\data\tiffany_poon\Tiffany Poon – Chopin Piano Competition 2015 (preliminary ro [80SmUNgHE3c].mid,keep_unique,,dev,2017.9869791666667,195.99025919872975,15639,7.749802234332636
chopin-comp-midi,Chopin,..\data\new_midi_files\chopin-comp-midi\data\tony_yike_yang\Yike (Tony) Yang – Chopin Piano Competition 2015 (preliminar [gr8IA3RGHFM].mid,keep_unique,,train,1885.0760416666667,206.51223168337313,17392,9.226153012174022
chopin-comp-midi,Chopin,..\data\new_midi_files\chopin-comp-midi\data\tymoteusz_bies\Tymoteusz Bies – Chopin Piano Competition 2015 (preliminary round) [N1u74xY03s8].mid,keep_unique,,train,1936.7411458333333,199.7338816983229,16104,8.314998643285824
chopin-comp-midi,Chopin,..\data\new_midi_files\chopin-comp-midi\data\ukasz_miko_ajczyk\Łukasz Mikołajczyk – Chopin Piano Competition 2015 (prelimin [L8VaxQYNLp4].mid,keep_unique,,dev,1936.534375,201.2227074235816,16343,8.439302813821728
chopin-comp-midi,Chopin,..\data\new_midi_files\chopin-comp-midi\data\ukasz_piotr_byrdy\Łukasz Piotr Byrdy – Chopin Piano Competition 2015 (preliminary round) [qWmycSlNR0Y].mid,keep_unique,,train,1968.5765625,199.53132959755592,18123,9.206144350811858
chopin-comp-midi,Chopin,..\data\new_midi_files\chopin-comp-midi\data\valentin_cotton\Valentin Cotton – Chopin Piano Competition 2015 (preliminary round) [A2Psvv05WC8].mid,keep_unique,,train,1973.3817708333333,204.41815610130416,17869,9.055014221832076
chopin-comp-midi,Chopin,..\data\new_midi_files\chopin-comp-midi\data\ven_alexia_mouza\Alexia Mouza – Chopin Piano Competition 2015 (preliminary ro [28hDYa3q4r8].mid,keep_unique,,train,1746.3614583333333,194.12095113275714,15208,8.708391912470393
chopin-comp-midi,Chopin,..\data\new_midi_files\chopin-comp-midi\data\victoria_wong\Victoria Wong – Chopin Piano Competition 2015 (preliminary r [2jHCZS5mNUs].mid,keep_unique,,dev,1674.8666666666666,201.99159691666998,14809,8.84189786251642
chopin-comp-midi,Chopin,..\data\new_midi_files\chopin-comp-midi\data\viktor_yuandong_mattsson\Viktor Yuandong Mattsson – Chopin Piano Competition 2015 (pr [YOzuYiv_ELM].mid,keep_unique,,train,1631.259375,202.7058731524186,14018,8.593360574556085
chopin-comp-midi,Chopin,..\data\new_midi_files\chopin-comp-midi\data\vladimir_matusevich\Vladimir Matusevich – Chopin Piano Competition 2015 (prelimi [9P03qcab1vA].mid,keep_unique,,test,1698.203125,187.1303577361801,13052,7.685770805538943
chopin-comp-midi,Chopin,..\data\new_midi_files\chopin-comp-midi\data\weiwen_ma\Weiwen Ma – Chopin Piano Competition 2015 (preliminary round [MM0B0hOatAQ].mid,keep_unique,,test,2026.4156249999999,198.17650094615294,17325,8.549578766695506
chopin-comp-midi,Chopin,..\data\new_midi_files\chopin-comp-midi\data\wenbin_jin\Wenbin Jin – Chopin Piano Competition 2015 (preliminary roun [IX1nWH5F0Oo].mid,keep_unique,,train,1641.3151041666667,207.53017474330755,16220,9.882319341864136
chopin-comp-midi,Chopin,..\data\new_midi_files\chopin-comp-midi\data\xin_luo\Xin Luo – Chopin Piano Competition 2015 (preliminary round) [d333KunQuWA].mid,keep_unique,,train,2026.5088541666667,200.234117271498,15988,7.889430123696412
chopin-comp-midi,Chopin,..\data\new_midi_files\chopin-comp-midi\data\yasuko_furumi\Yasuko Furumi – Chopin Piano Competition 2015 (preliminary round) [iDZ3bOa2jEU].mid,keep_unique,,train,1697.0640624999999,196.0885121756291,12954,7.633182674858511
chopin-comp-midi,Chopin,..\data\new_midi_files\chopin-comp-midi\data\yedam_kim\Yedam Kim – Chopin Piano Competition 2015 (preliminary round [4QdvmMzFJJw].mid,keep_unique,,train,1620.0645833333333,199.26347505859854,15290,9.43789535139417
chopin-comp-midi,Chopin,..\data\new_midi_files\chopin-comp-midi\data\yihao_li\Yihao Li – Chopin Piano Competition 2015 (preliminary round) [T9_2DXcIreg].mid,keep_unique,,train,2001.0364583333333,203.140803832842,16674,8.332681761274756
chopin-comp-midi,Chopin,..\data\new_midi_files\chopin-comp-midi\data\yoonji_kim\Yoonji Kim – Chopin Piano Competition 2015 (preliminary roun [bgJpFfeDXgA].mid,keep_unique,,train,1670.6869791666666,193.4725410065638,14938,8.941232071761897
chopin-comp-midi,Chopin,..\data\new_midi_files\chopin-comp-midi\data\yu_an\Yu An – Chopin Piano Competition 2015 (preliminary round) [gxRHvlsRq_k].mid,keep_unique,,dev,1775.9890625,193.70500761916932,15254,8.589016859443637
chopin-comp-midi,Chopin,..\data\new_midi_files\chopin-comp-midi\data\yuchong_wu\Yuchong Wu – Chopin Piano Competition 2015 (preliminary roun [8jdN6eZSImM].mid,keep_unique,,train,1685.6166666666666,210.1287553648168,14658,8.695927306524814
chopin-comp-midi,Chopin,..\data\new_midi_files\chopin-comp-midi\data\yui_nakamura\Yui Nakamura – Chopin Piano Competition 2015 (preliminary ro [XdmOvUP3S1M].mid,keep_unique,,test,1476.8927083333333,213.1696529312824,12929,8.754190420907635
chopin-comp-midi,Chopin,..\data\new_midi_files\chopin-comp-midi\data\yuliya_yermalayeva\Yuliya Yermalayeva – Chopin Piano Competition 2015 (prelimin [CKznjD6A64k].mid,keep_unique,,test,1886.8671875,212.19022103146577,16718,8.860189053449211
chopin-comp-midi,Chopin,..\data\new_midi_files\chopin-comp-midi\data\yurika_kimura\Yurika Kimura – Chopin Piano Competition 2015 (preliminary r [-EJUYdtvyH8].mid,keep_unique,,train,2017.4270833333333,189.3064727184197,17554,8.701181889060427
chopin-comp-midi,Chopin,..\data\new_midi_files\chopin-comp-midi\data\yurim_lee\Yurim Lee – Chopin Piano Competition 2015 (preliminary round [CXvxSu1_aD0].mid,keep_unique,,dev,1735.98125,207.65228037957036,14724,8.481658428050418
chopin-comp-midi,Chopin,..\data\new_midi_files\chopin-comp-midi\data\zhi_chao_julian_jia\Zhi Chao Julian Jia – Chopin Piano Competition 2015 (prelimi [6ckQo_TKHjA].mid,keep_unique,,train,1911.4552083333333,193.96962988369424,14962,7.827544132224739
chopin-comp-midi,Chopin,..\data\new_midi_files\chopin-comp-midi\data\zhu_wang\Zhu Wang – Chopin Piano Competition 2015 (preliminary round) [VA-l8OcsdCo].mid,keep_unique,,train,1680.6484375,204.4461049878535,14122,8.402709147789869
chopin-comp-midi,Chopin,..\data\new_midi_files\chopin-comp-midi\data\zi_xu\Zi Xu – Chopin Piano Competition 2015 (preliminary round) [dSoOnENRMHo].mid,keep_unique,,dev,1724.8135416666667,201.10800363394526,12508,7.251798352599708
chopin-comp-midi,Chopin,..\data\new_midi_files\chopin-comp-midi\data\zuzanna_pietrzak\Zuzanna Pietrzak – Chopin Piano Competition 2015 (preliminar [WEUrdoaG80Y].mid,keep_unique,,test,1978.771875,185.43259557345687,17493,8.840331834613325
commons.wikimedia.org,Chopin,"..\data\new_midi_files\commons.wikimedia.org\Chopin\Chopin,_Mazurkas,_Op._33,_No._4.mid",keep_unique,,train,344.0,167.96267496112463,2145,6.2354651162790695
commons.wikimedia.org,Chopin,"..\data\new_midi_files\commons.wikimedia.org\Chopin\Chopin,_Mazurkas,_Op._6,_No._1.mid",keep_unique,,dev,122.0,184.81283422460066,894,7.327868852459017
commons.wikimedia.org,Chopin,..\data\new_midi_files\commons.wikimedia.org\Chopin\Chopin-nocturne-8.mid,keep_unique,,train,115.5,247.4427107135933,1774,15.35930735930736
commons.wikimedia.org,Chopin,..\data\new_midi_files\commons.wikimedia.org\Chopin\Chopin_-_Funeral_March.mid,keep_unique,,train,449.1703229374994,134.76779862948243,2327,5.180662838056188
commons.wikimedia.org,Chopin,..\data\new_midi_files\commons.wikimedia.org\Chopin\Chopin_Nocturne_no_19_in_E_minor.mid,keep_unique,,test,113.64583333333333,180.56882821387924,1090,9.591200733272228
commons.wikimedia.org,Chopin,..\data\new_midi_files\commons.wikimedia.org\Chopin\Fr-Chopin-Mazurka-en-Ut-majeur.mid,keep_unique,,train,167.5,199.38461538461365,1608,9.6
midisheetmusic.com,Chopin,..\data\new_midi_files\midisheetmusic.com\Chopin\Chopin__Nocturne_Op._9_No._1_in_B-flat_minor.mid,keep_unique,,train,109.19708333333335,171.42857142857136,450,4.1209891900348365
midisheetmusic.com,Chopin,..\data\new_midi_files\midisheetmusic.com\Chopin\Chopin__Nocturne_Op._9_No._2_in_E-flat_major.mid,keep_unique,,train,266.395,124.32432432432422,1234,4.632219073180803
midisheetmusic.com,Chopin,..\data\new_midi_files\midisheetmusic.com\Chopin\Chopin__Nocturne_in_C_minor.mid,keep_unique,,train,202.39541666666668,160.95380029806338,812,4.011948557794252
midisheetmusic.com,Chopin,..\data\new_midi_files\midisheetmusic.com\Chopin\Chopin__Prelude_Op._28_No._20_in_C_minor.mid,keep_unique,,train,72.80000000000001,54.85714285714279,285,3.9148351648351642
midisheetmusic.com,Chopin,..\data\new_midi_files\midisheetmusic.com\Chopin\Chopin__Prelude_Op._28_No._4_in_E_minor.mid,keep_unique,,dev,134.39000000000001,100.91743119266054,602,4.479499962794851
midisheetmusic.com,Chopin,..\data\new_midi_files\midisheetmusic.com\Chopin\Chopin__Prelude_Op._28_No._6_in_B_minor.mid,keep_unique,,train,129.59333333333333,93.74999999999991,403,3.1097278666598074
midisheetmusic.com,Chopin,..\data\new_midi_files\midisheetmusic.com\Chopin\Chopin__Prelude_Op._28_No._7_in_A_major.mid,keep_unique,,train,33.994461441666665,99.99995000002525,166,4.883148400066591
midisheetmusic.com,Chopin,..\data\new_midi_files\midisheetmusic.com\Chopin\Chopin__Waltz_Op._64_No._2_in_Csharp_minor.mid,keep_unique,,train,109.63190954166666,215.31896950369568,639,5.828595001869797
piano-midi.de,Chopin,..\data\new_midi_files\piano-midi.de\Chopin\chpn_op10_e12_format0.mid,keep_unique,,test,138.5714028375,238.42557544977112,2086,15.053611043010166
ChoralTech.us,Mozart,..\data\new_midi_files\ChoralTech.us\Mozart\000524_all.mid,duplicate_of_candidate,..\data\new_midi_files\ChoralTech.us\Mozart\000197_all.mid,,102.80000000000001,130.90909090909105,676,6.575875486381322
ChoralTech.us,Mozart,..\data\new_midi_files\ChoralTech.us\Mozart\000525_all.mid,duplicate_of_candidate,..\data\new_midi_files\ChoralTech.us\Mozart\000198_all.mid,,144.6,105.88235294117659,253,1.7496542185338866
ChoralTech.us,Mozart,..\data\new_midi_files\ChoralTech.us\Mozart\000526_all.mid,duplicate_of_candidate,..\data\new_midi_files\ChoralTech.us\Mozart\000199_all.mid,,65.99993400000001,178.18199636381428,301,4.560610621216681
ChoralTech.us,Mozart,..\data\new_midi_files\ChoralTech.us\Mozart\000527_all.mid,duplicate_of_candidate,..\data\new_midi_files\ChoralTech.us\Mozart\000200_all.mid,,207.6,99.0825688073395,770,3.7090558766859347
ChoralTech.us,Mozart,..\data\new_midi_files\ChoralTech.us\Mozart\000528_all.mid,duplicate_of_candidate,..\data\new_midi_files\ChoralTech.us\Mozart\000201_all.mid,,114.75,106.66666666666664,325,2.832244008714597
ChoralTech.us,Mozart,..\data\new_midi_files\ChoralTech.us\Mozart\000529_all.mid,duplicate_of_candidate,..\data\new_midi_files\ChoralTech.us\Mozart\000202_all.mid,,126.0,58.94736842105264,388,3.0793650793650795
ChoralTech.us,Mozart,..\data\new_midi_files\ChoralTech.us\Mozart\000530_all.mid,duplicate_of_candidate,..\data\new_midi_files\ChoralTech.us\Mozart\000203_all.mid,,187.20000000000002,184.11552346570423,1195,6.383547008547008
ChoralTech.us,Mozart,..\data\new_midi_files\ChoralTech.us\Mozart\000531_all.mid,duplicate_of_candidate,..\data\new_midi_files\ChoralTech.us\Mozart\000204_all.mid,,181.20000000000002,184.11552346570403,971,5.358719646799116
ChoralTech.us,Mozart,..\data\new_midi_files\ChoralTech.us\Mozart\000532_all.mid,duplicate_of_candidate,..\data\new_midi_files\ChoralTech.us\Mozart\000205_all.mid,,59.142822,235.0002350002349,406,6.8647383785643505
ChoralTech.us,Mozart,..\data\new_midi_files\ChoralTech.us\Mozart\000533_all.mid,duplicate_of_candidate,..\data\new_midi_files\ChoralTech.us\Mozart\000206_all.mid,,200.142657,225.80667741958035,960,4.79657867238167
ChoralTech.us,Mozart,..\data\new_midi_files\ChoralTech.us\Mozart\000536_all.mid,duplicate_of_candidate,..\data\new_midi_files\ChoralTech.us\Mozart\000209_all.mid,,42.78259800000001,193.03576254465497,253,5.913619364583702
ChoralTech.us,Mozart,..\data\new_midi_files\ChoralTech.us\Mozart\000537_all.mid,duplicate_of_candidate,..\data\new_midi_files\ChoralTech.us\Mozart\000210_all.mid,,36.545418000000005,177.41953225824187,198,5.417915865677059
ChoralTech.us,Mozart,..\data\new_midi_files\ChoralTech.us\Mozart\000539_all.mid,duplicate_of_candidate,..\data\new_midi_files\ChoralTech.us\Mozart\000212_all.mid,,126.0,160.0,724,5.746031746031746
ChoralTech.us,Mozart,..\data\new_midi_files\ChoralTech.us\Mozart\000776_all.mid,duplicate_of_candidate,..\data\new_midi_files\ChoralTech.us\Mozart\000297_all.mid,,209.4,159.03614457831327,865,4.130850047755492
ChoralTech.us,Mozart,..\data\new_midi_files\ChoralTech.us\Mozart\000779_all.mid,duplicate_of_candidate,..\data\new_midi_files\ChoralTech.us\Mozart\000300_all.mid,,24.6,160.00000000000003,219,8.902439024390244
ChoralTech.us,Mozart,..\data\new_midi_files\ChoralTech.us\Mozart\000780_all.mid,duplicate_of_candidate,..\data\new_midi_files\ChoralTech.us\Mozart\000301_all.mid,,141.0,147.82608695652146,345,2.4468085106382977
ChoralTech.us,Mozart,..\data\new_midi_files\ChoralTech.us\Mozart\000781_all.mid,duplicate_of_candidate,..\data\new_midi_files\ChoralTech.us\Mozart\000302_all.mid,,125.4,132.17391304347817,1132,9.027113237639552
ChoralTech.us,Mozart,..\data\new_midi_files\ChoralTech.us\Mozart\000782_all.mid,duplicate_of_candidate,..\data\new_midi_files\ChoralTech.us\Mozart\000303_all.mid,,308.40000000000003,139.9141630901288,1040,3.3722438391699088
piano-midi.de,Mozart,..\data\new_midi_files\piano-midi.de\Mozart\mz_311_1.mid,duplicate_of_candidate,..\data\new_midi_files\Classical Music MIDI (Kaggle)\Mozart\mz_311_1.mid,,700.8840073229171,267.20039621818074,2970,4.237505734143021
piano-midi.de,Mozart,..\data\new_midi_files\piano-midi.de\Mozart\mz_311_2.mid,duplicate_of_candidate,..\data\new_midi_files\Classical Music MIDI (Kaggle)\Mozart\mz_311_2.mid,,2011.087690802083,160.5339176109594,1659,0.8249267337210643
piano-midi.de,Mozart,..\data\new_midi_files\piano-midi.de\Mozart\mz_311_3.mid,duplicate_of_candidate,..\data\new_midi_files\Classical Music MIDI (Kaggle)\Mozart\mz_311_3.mid,,606.210891345833,249.23699326702945,3517,5.801611370247737
piano-midi.de,Mozart,..\data\new_midi_files\piano-midi.de\Mozart\mz_330_1.mid,duplicate_of_candidate,..\data\new_midi_files\Classical Music MIDI (Kaggle)\Mozart\mz_330_1.mid,,537.7631000583308,247.00093254933546,4774,8.87751502377565
piano-midi.de,Mozart,..\data\new_midi_files\piano-midi.de\Mozart\mz_330_2.mid,duplicate_of_candidate,..\data\new_midi_files\Classical Music MIDI (Kaggle)\Mozart\mz_330_2.mid,,395.84923258333276,128.68970595740652,1487,3.756480694166717
piano-midi.de,Mozart,..\data\new_midi_files\piano-midi.de\Mozart\mz_330_3.mid,duplicate_of_candidate,..\data\new_midi_files\Classical Music MIDI (Kaggle)\Mozart\mz_330_3.mid,,482.101321083333,188.91953356051403,4360,9.043742071070488
piano-midi.de,Mozart,..\data\new_midi_files\piano-midi.de\Mozart\mz_331_1.mid,duplicate_of_candidate,..\data\new_midi_files\Classical Music MIDI (Kaggle)\Mozart\mz_331_1.mid,,830.9032286437464,257.4534454487344,6207,7.470183994989963
piano-midi.de,Mozart,..\data\new_midi_files\piano-midi.de\Mozart\mz_331_2.mid,duplicate_of_candidate,..\data\new_midi_files\Classical Music MIDI (Kaggle)\Mozart\mz_331_2.mid,,365.6399577291659,227.68536918779267,2681,7.332349606018306
piano-midi.de,Mozart,..\data\new_midi_files\piano-midi.de\Mozart\mz_331_3.mid,duplicate_of_candidate,..\data\new_midi_files\Classical Music MIDI (Kaggle)\Mozart\mz_331_3.mid,,189.58007888750024,257.73176366535927,2819,14.869705807395714
piano-midi.de,Mozart,..\data\new_midi_files\piano-midi.de\Mozart\mz_332_1.mid,duplicate_of_candidate,..\data\new_midi_files\Classical Music MIDI (Kaggle)\Mozart\mz_332_1.mid,,570.728808645834,226.41921192195497,5076,8.89389132474985
piano-midi.de,Mozart,..\data\new_midi_files\piano-midi.de\Mozart\mz_332_2.mid,duplicate_of_candidate,..\data\new_midi_files\Classical Music MIDI (Kaggle)\Mozart\mz_332_2.mid,,263.3827065562507,171.83173855992462,1387,5.266101249148559
piano-midi.de,Mozart,..\data\new_midi_files\piano-midi.de\Mozart\mz_332_3.mid,duplicate_of_candidate,..\data\new_midi_files\Classical Music MIDI (Kaggle)\Mozart\mz_332_3.mid,,589.9263929104169,173.49934621790536,5874,9.957174438357422
piano-midi.de,Mozart,..\data\new_midi_files\piano-midi.de\Mozart\mz_333_1.mid,duplicate_of_candidate,..\data\new_midi_files\Classical Music MIDI (Kaggle)\Mozart\mz_333_1.mid,,629.7820278729191,247.9389516189032,5778,9.17460286936914
piano-midi.de,Mozart,..\data\new_midi_files\piano-midi.de\Mozart\mz_333_2.mid,duplicate_of_candidate,..\data\new_midi_files\Classical Music MIDI (Kaggle)\Mozart\mz_333_2.mid,,522.3743259416661,174.69947299626102,2863,5.480744090626906
piano-midi.de,Mozart,..\data\new_midi_files\piano-midi.de\Mozart\mz_333_3.mid,duplicate_of_candidate,..\data\new_midi_files\Classical Music MIDI (Kaggle)\Mozart\mz_333_3.mid,,348.2729462208336,175.17162549812087,3191,9.16235393712334
piano-midi.de,Mozart,..\data\new_midi_files\piano-midi.de\Mozart\mz_545_1.mid,duplicate_of_candidate,..\data\new_midi_files\Classical Music MIDI (Kaggle)\Mozart\mz_545_1.mid,,261.13400383750076,261.03458827408934,2714,10.393131342974682
piano-midi.de,Mozart,..\data\new_midi_files\piano-midi.de\Mozart\mz_545_2.mid,duplicate_of_candidate,..\data\new_midi_files\Classical Music MIDI (Kaggle)\Mozart\mz_545_2.mid,,344.27200931249934,214.26608390573494,1909,5.545034009044809
piano-midi.de,Mozart,..\data\new_midi_files\piano-midi.de\Mozart\mz_545_3.mid,duplicate_of_candidate,..\data\new_midi_files\Classical Music MIDI (Kaggle)\Mozart\mz_545_3.mid,,105.67919662083331,190.88685786090562,961,9.09355890968754
piano-midi.de,Mozart,..\data\new_midi_files\piano-midi.de\Mozart\mz_570_1.mid,duplicate_of_candidate,..\data\new_midi_files\Classical Music MIDI (Kaggle)\Mozart\mz_570_1.mid,,476.06727053333253,160.60855124913328,4110,8.633233692783827
piano-midi.de,Mozart,..\data\new_midi_files\piano-midi.de\Mozart\mz_570_2.mid,duplicate_of_candidate,..\data\new_midi_files\Classical Music MIDI (Kaggle)\Mozart\mz_570_2.mid,,454.4530074833329,172.18966855833142,1968,4.330480748490099
piano-midi.de,Mozart,..\data\new_midi_files\piano-midi.de\Mozart\mz_570_3.mid,duplicate_of_candidate,..\data\new_midi_files\Classical Music MIDI (Kaggle)\Mozart\mz_570_3.mid,,200.2667501145832,257.3285990799589,1922,9.597199729362574
midi-classical-music,Mozart,..\data\new_midi_files\midi-classical-music\data\mozart-a_piece_for_piano_k176.mid,duplicate_of_midiclassics,"..\data\midiclassics\Mozart\A piece for Piano,K.176.mid",,116.26328000000001,216.12149532710285,881,7.577628981394641
midi-classical-music,Mozart,..\data\new_midi_files\midi-classical-music\data\mozart-adagio_in_b_flat.mid,duplicate_of_midiclassics,..\data\midiclassics\Mozart\Adagio in B flat.mid,,716.5054841291656,150.0378519524091,3332,4.650348216175461
midi-classical-music,Mozart,..\data\new_midi_files\midi-classical-music\data\mozart-another_piece_for_piano_k176.mid,duplicate_of_midiclassics,"..\data\midiclassics\Mozart\Another piece for Piano,K.176.mid",,128.892212,244.010562061653,1139,8.836841127375484
midi-classical-music,Mozart,..\data\new_midi_files\midi-classical-music\data\mozart-contradance_n1.mid,duplicate_of_midiclassics,..\data\midiclassics\Mozart\Contradance n1.mid,,34.904510550000005,201.3561335595234,302,8.652176903251261
midi-classical-music,Mozart,..\data\new_midi_files\midi-classical-music\data\mozart-contradance_n2.mid,duplicate_of_midiclassics,..\data\midiclassics\Mozart\Contradance n2.mid,,59.25695034999999,198.88908777797647,378,6.37899854392355
midi-classical-music,Mozart,..\data\new_midi_files\midi-classical-music\data\mozart-contradance_n3.mid,duplicate_of_midiclassics,..\data\midiclassics\Mozart\Contradance n3.mid,,161.23947185000006,179.99999999999997,988,6.127531854725556
midi-classical-music,Mozart,..\data\new_midi_files\midi-classical-music\data\mozart-fantasia_in_c_k475.mid,duplicate_of_midiclassics,..\data\midiclassics\Mozart\Fantasia in C K.475.mid,,728.0,183.34217506631373,3964,5.445054945054945
midi-classical-music,Mozart,..\data\new_midi_files\midi-classical-music\data\mozart-fantasia_in_d_k397.mid,duplicate_of_midiclassics,"..\data\midiclassics\Mozart\Fantasia in D, K397.mid",,322.0,185.06024096385534,1675,5.201863354037267
midi-classical-music,Mozart,..\data\new_midi_files\midi-classical-music\data\mozart-k02_minuet_in_f.mid,duplicate_of_midiclassics,..\data\midiclassics\Mozart\K02 Minuet in F.mid,,56.025918000000004,155.83348916682246,260,4.640709323138623
midi-classical-music,Mozart,..\data\new_midi_files\midi-classical-music\data\mozart-k03_allegro_in_bb.mid,duplicate_of_midiclassics,..\data\midiclassics\Mozart\K03 Allegro in Bb.mid,,60.3375,214.73684210526315,326,5.402941785788275
midi-classical-music,Mozart,..\data\new_midi_files\midi-classical-music\data\mozart-k04_minuet_in_f.mid,duplicate_of_midiclassics,..\data\midiclassics\Mozart\K04 Minuet in F.mid,,82.5255166,185.9998605001047,450,5.452858928240868
midi-classical-music,Mozart,..\data\new_midi_files\midi-classical-music\data\mozart-k05_minuet_for_harpsichord.mid,duplicate_of_midiclassics,..\data\midiclassics\Mozart\K05 Minuet for Harpsichord.mid,,63.614897,205.3571428571429,414,6.507909617459571
midi-classical-music,Mozart,..\data\new_midi_files\midi-classical-music\data\mozart-k117_offertorio_jubilate_deo.mid,duplicate_of_midiclassics,..\data\midiclassics\Mozart\K117 Offertorio Jubilate Deo.mid,,252.91771309166663,181.9999059667157,3482,13.767323598794347
midi-classical-music,Mozart,..\data\new_midi_files\midi-classical-music\data\mozart-k136_divertimento_1mov.mid,duplicate_of_midiclassics,..\data\midiclassics\Mozart\K136 Divertimento 1mov.mid,,265.31570075,248.0226166065263,9536,35.942087004438235
midi-classical-music,Mozart,..\data\new_midi_files\midi-classical-music\data\mozart-k136_divertimento_2mov.mid,duplicate_of_midiclassics,..\data\midiclassics\Mozart\K136 Divertimento 2mov.mid,,267.2915693333333,153.76742370351909,3654,13.670464837756176
midi-classical-music,Mozart,..\data\new_midi_files\midi-classical-music\data\mozart-k136_divertimento_3mov.mid,duplicate_of_midiclassics,..\data\midiclassics\Mozart\K136 Divertimento 3mov.mid,,169.2293221250001,273.6555632112204,6392,37.77123207571908
midi-classical-music,Mozart,..\data\new_midi_files\midi-classical-music\data\mozart-k191_bassoon_concerto_1mov.mid,duplicate_of_midiclassics,..\data\midiclassics\Mozart\K191 Bassoon Concerto 1mov.mid,,426.6535067979178,228.66765689563664,6804,15.947366871691221
midi-classical-music,Mozart,..\data\new_midi_files\midi-classical-music\data\mozart-k191_bassoon_concerto_2mov.mid,duplicate_of_midiclassics,..\data\midiclassics\Mozart\K191 Bassoon Concerto 2mov.mid,,334.24137698750036,163.2442916192158,2900,8.676364446968071
midi-classical-music,Mozart,..\data\new_midi_files\midi-classical-music\data\mozart-k191_bassoon_concerto_3mov.mid,duplicate_of_midiclassics,..\data\midiclassics\Mozart\K191 Bassoon Concerto 3mov.mid,,268.5388548229168,213.256802014562,4224,15.729567338720656
midi-classical-music,Mozart,..\data\new_midi_files\midi-classical-music\data\mozart-k299_flute_harp_concerto_1mov.mid,duplicate_of_midiclassics,..\data\midiclassics\Mozart\K299 Flute Harp Concerto 1mov.mid,,555.36159240625,238.64507799376406,9906,17.83702750685306
midi-classical-music,Mozart,..\data\new_midi_files\midi-classical-music\data\mozart-k299_flute_harp_concerto_2mov.mid,duplicate_of_midiclassics,..\data\midiclassics\Mozart\K299 Flute Harp Concerto 2mov.mid,,452.45787257291664,181.18309859154937,3601,7.958752003855728
midi-classical-music,Mozart,..\data\new_midi_files\midi-classical-music\data\mozart-k299_flute_harp_concerto_3mov.mid,duplicate_of_midiclassics,..\data\midiclassics\Mozart\K299 Flute Harp Concerto 3mov.mid,,626.3713658333332,154.59136471174003,9047,14.443508266000864
midi-classical-music,Mozart,..\data\new_midi_files\midi-classical-music\data\mozart-k314_flute_concerto_n2_1mov.mid,duplicate_of_midiclassics,..\data\midiclassics\Mozart\K314 Flute Concerto n2 1mov.mid,,470.11730597916664,230.68925679950334,8294,17.642405192306516
midi-classical-music,Mozart,..\data\new_midi_files\midi-classical-music\data\mozart-k314_flute_concerto_n2_2mov.mid,duplicate_of_midiclassics,..\data\midiclassics\Mozart\K314 Flute Concerto n2 2mov.mid,,421.58360034375,141.875,2795,6.629764530026828
midi-classical-music,Mozart,..\data\new_midi_files\midi-classical-music\data\mozart-k314_flute_concerto_n2_3mov.mid,duplicate_of_midiclassics,..\data\midiclassics\Mozart\K314 Flute Concerto n2 3mov.mid,,335.4829261093754,232.09952072905153,5913,17.625338101624347
midi-classical-music,Mozart,..\data\new_midi_files\midi-classical-music\data\mozart-k317_coronation_mass_1mov.mid,duplicate_of_midiclassics,..\data\midiclassics\Mozart\K317 Coronation Mass 1mov.mid,,324.0,209.8360655737697,1102,3.4012345679012346
midi-classical-music,Mozart,..\data\new_midi_files\midi-classical-music\data\mozart-k317_coronation_mass_2mov.mid,duplicate_of_midiclassics,..\data\midiclassics\Mozart\K317 Coronation Mass 2mov.mid,,335.15581678333336,218.89852112646534,4422,13.193863207985645
midi-classical-music,Mozart,..\data\new_midi_files\midi-classical-music\data\mozart-k317_coronation_mass_3mov.mid,duplicate_of_midiclassics,..\data\midiclassics\Mozart\K317 Coronation Mass 3mov.mid,,422.786261625,185.23774460489327,6529,15.442791293419669
midi-classical-music,Mozart,..\data\new_midi_files\midi-classical-music\data\mozart-k317_coronation_mass_4mov.mid,duplicate_of_midiclassics,..\data\midiclassics\Mozart\K317 Coronation Mass 4mov.mid,,93.82237190833334,162.57165759354908,1186,12.640908302326334
midi-classical-music,Mozart,..\data\new_midi_files\midi-classical-music\data\mozart-k317_coronation_mass_5mov.mid,duplicate_of_midiclassics,..\data\midiclassics\Mozart\K317 Coronation Mass 5mov.mid,,139.19493313333334,179.999910000045,2295,16.48766911509375
midi-classical-music,Mozart,..\data\new_midi_files\midi-classical-music\data\mozart-k317_coronation_mass_6mov.mid,duplicate_of_midiclassics,..\data\midiclassics\Mozart\K317 Coronation Mass 6mov.mid,,247.04357308333329,194.3171701347948,2962,11.989787724616708
midi-classical-music,Mozart,..\data\new_midi_files\midi-classical-music\data\mozart-k335_laudate_dominus.mid,duplicate_of_midiclassics,..\data\midiclassics\Mozart\K335 Laudate Dominus.mid,,204.78284131666678,251.81046905919914,1728,8.438206975202089
midi-classical-music,Mozart,..\data\new_midi_files\midi-classical-music\data\mozart-k339_vesperae_solemnes_de_confessore_vespers_1mov_dixit_dominus.mid,duplicate_of_midiclassics,..\data\midiclassics\Mozart\K339 Vesperae solemnes de confessore (Vespers) 1mov Dixit Dominus.mid,,183.6875,158.5585585585586,3767,20.507655665192242
midi-classical-music,Mozart,..\data\new_midi_files\midi-classical-music\data\mozart-k354_piano_variations_je_suis_lindor.mid,duplicate_of_midiclassics,..\data\midiclassics\Mozart\K354 Piano Variations ''Je Suis Lindor''.mid,,896.5214770000002,230.44923598756674,7939,8.855337215753057
midi-classical-music,Mozart,..\data\new_midi_files\midi-classical-music\data\mozart-k361_serenade_n10_3mov.mid,duplicate_of_midiclassics,..\data\midiclassics\Mozart\K361 Serenade n10 3mov.mid,,337.77052098750005,162.26807497326118,3133,9.27552822206158
midi-classical-music,Mozart,..\data\new_midi_files\midi-classical-music\data\mozart-k393_solfeggi_n1.mid,duplicate_of_midiclassics,..\data\midiclassics\Mozart\K393 Solfeggi n1.mid,,199.97499843749998,247.9667113813463,1697,8.486060823900338
midi-classical-music,Mozart,..\data\new_midi_files\midi-classical-music\data\mozart-k393_solfeggi_n2.mid,duplicate_of_midiclassics,..\data\midiclassics\Mozart\K393 Solfeggi n2.mid,,134.48871765625,149.7674218914755,434,3.227036494684214
midi-classical-music,Mozart,..\data\new_midi_files\midi-classical-music\data\mozart-k393_solfeggi_n3.mid,duplicate_of_midiclassics,..\data\midiclassics\Mozart\K393 Solfeggi n3.mid,,182.0414863645833,248.62756469518035,1597,8.77272555774243
midi-classical-music,Mozart,..\data\new_midi_files\midi-classical-music\data\mozart-k393_solfeggi_n4.mid,duplicate_of_midiclassics,..\data\midiclassics\Mozart\K393 Solfeggi n4.mid,,81.89583333333333,240.0,434,5.299414907148309
midi-classical-music,Mozart,..\data\new_midi_files\midi-classical-music\data\mozart-k393_solfeggi_n5.mid,duplicate_of_midiclassics,..\data\midiclassics\Mozart\K393 Solfeggi n5.mid,,207.6815581041667,164.62126449683268,1372,6.606267848355832
midi-classical-music,Mozart,..\data\new_midi_files\midi-classical-music\data\mozart-k398_piano_variations_salve_tu_domine.mid,duplicate_of_midiclassics,..\data\midiclassics\Mozart\K398 Piano Variations ''Salve Tu Domine''.mid,,416.792376,214.0553041942347,3795,9.105252923340421
midi-classical-music,Mozart,..\data\new_midi_files\midi-classical-music\data\mozart-k401_fuga_in_g_minor_.mid,duplicate_of_midiclassics,..\data\midiclassics\Mozart\K401 Fuga in G minor .mid,,210.00833333333333,227.4527252502778,1535,7.309233760565057
midi-classical-music,Mozart,..\data\new_midi_files\midi-classical-music\data\mozart-k427_great_mass_1mov.mid,duplicate_of_midiclassics,..\data\midiclassics\Mozart\K427 Great Mass 1mov.mid,,388.0196965,150.90909090909096,4675,12.04835744723593
midi-classical-music,Mozart,..\data\new_midi_files\midi-classical-music\data\mozart-k492_overture_le_nozze_di_figaro.mid,duplicate_of_midiclassics,..\data\midiclassics\Mozart\K492 Overture ''Le Nozze di Figaro''.mid,,304.21888220833335,229.67031630094232,10671,35.07671819230586
midi-classical-music,Mozart,..\data\new_midi_files\midi-classical-music\data\mozart-k495_horn_concerto_n4_1mov.mid,duplicate_of_midiclassics,..\data\midiclassics\Mozart\K495 Horn Concerto n4 1mov.mid,,404.0326341666667,218.73662389597658,7009,17.347608602102994
midi-classical-music,Mozart,..\data\new_midi_files\midi-classical-music\data\mozart-k495_horn_concerto_n4_2mov.mid,duplicate_of_midiclassics,..\data\midiclassics\Mozart\K495 Horn Concerto n4 2mov.mid,,243.541423125,140.11187195544727,1830,7.514122142009225
midi-classical-music,Mozart,..\data\new_midi_files\midi-classical-music\data\mozart-k495_horn_concerto_n4_3mov.mid,duplicate_of_midiclassics,..\data\midiclassics\Mozart\K495 Horn Concerto n4 3mov.mid,,191.49151576041672,195.78566359455496,4261,22.251638580850344
midi-classical-music,Mozart,..\data\new_midi_files\midi-classical-music\data\mozart-k501_andante_with_5_variations_for_piano_duet.mid,duplicate_of_midiclassics,..\data\midiclassics\Mozart\K501 Andante with 5 Variations for Piano Duet.mid,,394.5205643416666,177.25847741801007,5022,12.729374470961158
midi-classical-music,Mozart,..\data\new_midi_files\midi-classical-music\data\mozart-k525_serenade_1mov_eine_kleine_natchmusik.mid,duplicate_of_midiclassics,..\data\midiclassics\Mozart\K525 Serenade 1mov ''Eine Kleine Natchmusik''.mid,,343.1054874000001,243.1526088151462,12798,37.300481834264005
midi-classical-music,Mozart,..\data\new_midi_files\midi-classical-music\data\mozart-k525_serenade_2mov_eine_kleine_natchmusik.mid,duplicate_of_midiclassics,..\data\midiclassics\Mozart\K525 Serenade 2mov ''Eine Kleine Natchmusik''.mid,,347.8668915,214.4557741477807,5642,16.21884731735098
midi-classical-music,Mozart,..\data\new_midi_files\midi-classical-music\data\mozart-k525_serenade_3mov_eine_kleine_natchmusik.mid,duplicate_of_midiclassics,..\data\midiclassics\Mozart\K525 Serenade 3mov ''Eine Kleine Natchmusik''.mid,,133.22247199999998,220.44773530040163,3338,25.05583292284203
midi-classical-music,Mozart,..\data\new_midi_files\midi-classical-music\data\mozart-k525_serenade_4mov_eine_kleine_natchmusik.mid,duplicate_of_midiclassics,..\data\midiclassics\Mozart\K525 Serenade 4mov ''Eine Kleine Natchmusik''.mid,,237.01274920000006,238.55831622202578,11504,48.53747335883819
midi-classical-music,Mozart,..\data\new_midi_files\midi-classical-music\data\mozart-k527_overture_don_giovanni.mid,duplicate_of_midiclassics,..\data\midiclassics\Mozart\K527 Overture ''Don Giovanni''.mid,,365.92704200000003,244.73169975177706,11886,32.48188473591957
midi-classical-music,Mozart,..\data\new_midi_files\midi-classical-music\data\mozart-k546_adagio_fugue_for_strings.mid,duplicate_of_midiclassics,..\data\midiclassics\Mozart\K546 Adagio & Fugue for Strings.mid,,506.4164077500048,235.55377551291858,4973,9.819981982998758
midi-classical-music,Mozart,..\data\new_midi_files\midi-classical-music\data\mozart-k573_9_variations_for_piano_uber_duport.mid,duplicate_of_midiclassics,..\data\midiclassics\Mozart\K573 9 Variations for Piano Uber Duport.mid,,809.7587429062506,219.2606498211752,6934,8.563044315043326
midi-classical-music,Mozart,..\data\new_midi_files\midi-classical-music\data\mozart-k594_adagio_allegro_for_mechanical_organ.mid,duplicate_of_midiclassics,..\data\midiclassics\Mozart\K594 Adagio & Allegro for Mechanical Organ.mid,,594.8,185.66782516800785,6043,10.15971755211836
midi-classical-music,Mozart,..\data\new_midi_files\midi-classical-music\data\mozart-k608_fantasia_for_mechanical_organ.mid,duplicate_of_midiclassics,..\data\midiclassics\Mozart\K608 Fantasia for Mechanical Organ.mid,,534.5457319999999,225.14184334931565,5243,9.808328242343913
midi-classical-music,Mozart,..\data\new_midi_files\midi-classical-music\data\mozart-k617_adagio.mid,duplicate_of_midiclassics,..\data\midiclassics\Mozart\K617 Adagio.mid,,192.00360342916667,128.59257116049756,1288,6.708207434633718
midi-classical-music,Mozart,..\data\new_midi_files\midi-classical-music\data\mozart-k618_ave_verum_corpus.mid,duplicate_of_midiclassics,..\data\midiclassics\Mozart\K618 Ave Verum Corpus.mid,,164.8510659729167,68.00007253341069,465,2.8207278931177466
midi-classical-music,Mozart,..\data\new_midi_files\midi-classical-music\data\mozart-k620_overture_the_magic_flute.mid,duplicate_of_midiclassics,..\data\midiclassics\Mozart\K620 Overture The Magic Flute.mid,,139.3278675,175.9904351227053,2692,19.32133210895516
midi-classical-music,Mozart,..\data\new_midi_files\midi-classical-music\data\mozart-k622_clarinet_concerto_1mov.mid,duplicate_of_midiclassics,..\data\midiclassics\Mozart\K622 Clarinet Concerto 1mov.mid,,722.0291666666667,224.4565565886503,10384,14.38169049034261
midi-classical-music,Mozart,..\data\new_midi_files\midi-classical-music\data\mozart-k622_clarinet_concerto_2mov.mid,duplicate_of_midiclassics,..\data\midiclassics\Mozart\K622 Clarinet Concerto 2mov.mid,,355.72916666666663,133.21299638989194,2266,6.370014641288434
midi-classical-music,Mozart,..\data\new_midi_files\midi-classical-music\data\mozart-k622_clarinet_concerto_3mov.mid,duplicate_of_midiclassics,..\data\midiclassics\Mozart\K622 Clarinet Concerto 3mov.mid,,530.352777425,223.7456807187282,7526,14.190554514564207
midi-classical-music,Mozart,..\data\new_midi_files\midi-classical-music\data\mozart-k626_requiem_01_introitus_kyrie.mid,duplicate_of_midiclassics,..\data\midiclassics\Mozart\K626 Requiem 01 Introitus & Kyrie.mid,,353.19009,217.36509334717033,9819,27.800893281009103
midi-classical-music,Mozart,..\data\new_midi_files\midi-classical-music\data\mozart-k626_requiem_02_rextremendae.mid,duplicate_of_midiclassics,..\data\midiclassics\Mozart\K626 Requiem 02 rextremendae.mid,,104.39,160.00000000000102,2042,19.561260657151067
midi-classical-music,Mozart,..\data\new_midi_files\midi-classical-music\data\mozart-k626_requiem_03_tuba_mirum.mid,duplicate_of_midiclassics,..\data\midiclassics\Mozart\K626 Requiem 03 tuba mirum.mid,,234.83053799999996,120.48792536597416,1361,5.795668704723575
midi-classical-music,Mozart,..\data\new_midi_files\midi-classical-music\data\mozart-k626_requiem_04_dies_irae.mid,duplicate_of_midiclassics,..\data\midiclassics\Mozart\K626 Requiem 04 Dies Irae.mid,,111.08307227083333,202.81690140845086,5458,49.13439904410248
midi-classical-music,Mozart,..\data\new_midi_files\midi-classical-music\data\mozart-k626_requiem_05_recordare.mid,duplicate_of_midiclassics,..\data\midiclassics\Mozart\K626 Requiem 05 Recordare.mid,,361.846184,159.24998672916772,3536,9.77210802919508
midi-classical-music,Mozart,..\data\new_midi_files\midi-classical-music\data\mozart-k626_requiem_06_confutatis.mid,duplicate_of_midiclassics,..\data\midiclassics\Mozart\K626 Requiem 06 confutatis.mid,,151.05642200000003,259.99997833333515,3115,20.621433758043068
midi-classical-music,Mozart,..\data\new_midi_files\midi-classical-music\data\mozart-k626_requiem_07_lacrimosa.mid,duplicate_of_midiclassics,..\data\midiclassics\Mozart\K626 Requiem 07 Lacrimosa.mid,,171.692322,129.99998916666758,2201,12.819443376157498
midi-classical-music,Mozart,..\data\new_midi_files\midi-classical-music\data\mozart-k626_requiem_08_offertorio_domine_jesu.mid,duplicate_of_midiclassics,..\data\midiclassics\Mozart\K626 Requiem 08 offertorio domine jesu.mid,,252.8,177.77777777777817,7038,27.84018987341772
midi-classical-music,Mozart,..\data\new_midi_files\midi-classical-music\data\mozart-k626_requiem_09_hostias.mid,duplicate_of_midiclassics,..\data\midiclassics\Mozart\K626 Requiem 09 hostias.mid,,265.89216,130.52221887563235,4743,17.838058858147605
midi-classical-music,Mozart,..\data\new_midi_files\midi-classical-music\data\mozart-k626_requiem_10_sanctus.mid,duplicate_of_midiclassics,..\data\midiclassics\Mozart\K626 Requiem 10 Sanctus.mid,,88.99791666666667,231.8644067796611,2046,22.98930218403989
midi-classical-music,Mozart,..\data\new_midi_files\midi-classical-music\data\mozart-k626_requiem_11_benedictus.mid,duplicate_of_midiclassics,..\data\midiclassics\Mozart\K626 Requiem 11 Benedictus.mid,,287.8979166666667,165.55555555555569,4115,14.293260776751017
midi-classical-music,Mozart,..\data\new_midi_files\midi-classical-music\data\mozart-k626_requiem_12_agnus_dei.mid,duplicate_of_midiclassics,..\data\midiclassics\Mozart\K626 Requiem 12 agnus dei.mid,,410.38006600000006,216.56974795058338,10720,26.122126506992664
midi-classical-music,Mozart,..\data\new_midi_files\midi-classical-music\data\mozart-k626_requiem_kyrie.mid,duplicate_of_midiclassics,..\data\midiclassics\Mozart\K626 Requiem kyrie.mid,,143.93350633333336,225.9979529170973,4587,31.868882492010155
midi-classical-music,Mozart,..\data\new_midi_files\midi-classical-music\data\mozart-piano_concertos-piano_concerto_n12_k414_1mov.mid,duplicate_of_midiclassics,..\data\midiclassics\Mozart\Piano Concertos\Piano Concerto n12 K414 1mov.mid,,635.730422716667,236.62694524813324,8541,13.43493986570871
midi-classical-music,Mozart,..\data\new_midi_files\midi-classical-music\data\mozart-piano_concertos-piano_concerto_n12_k414_3mov.mid,duplicate_of_midiclassics,..\data\midiclassics\Mozart\Piano Concertos\Piano Concerto n12 K414 3mov.mid,,399.70017821666664,178.08289987905002,5224,13.069796524254265
midi-classical-music,Mozart,..\data\new_midi_files\midi-classical-music\data\mozart-piano_concertos-piano_concerto_n14_k449_1mov.mid,duplicate_of_midiclassics,..\data\midiclassics\Mozart\Piano Concertos\Piano Concerto n14 K449 1mov.mid,,454.4864088749998,192.8513270882227,8739,19.228297765013124
midi-classical-music,Mozart,..\data\new_midi_files\midi-classical-music\data\mozart-piano_concertos-piano_concerto_n14_k449_2mov.mid,duplicate_of_midiclassics,..\data\midiclassics\Mozart\Piano Concertos\Piano Concerto n14 K449 2mov.mid,,391.46551737500005,183.45091715189315,3154,8.056903762940276
midi-classical-music,Mozart,..\data\new_midi_files\midi-classical-music\data\mozart-piano_concertos-piano_concerto_n14_k449_3mov.mid,duplicate_of_midiclassics,..\data\midiclassics\Mozart\Piano Concertos\Piano Concerto n14 K449 3mov.mid,,351.5487602812502,214.8131129240178,6482,18.43840949635036
midi-classical-music,Mozart,..\data\new_midi_files\midi-classical-music\data\mozart-piano_concertos-piano_concerto_n16_k451_1mov.mid,duplicate_of_midiclassics,..\data\midiclassics\Mozart\Piano Concertos\Piano Concerto n16 K451 1mov.mid,,601.1671476,257.42372128502944,13182,21.927345918062272
midi-classical-music,Mozart,..\data\new_midi_files\midi-classical-music\data\mozart-piano_concertos-piano_concerto_n16_k451_3mov.mid,duplicate_of_midiclassics,..\data\midiclassics\Mozart\Piano Concertos\Piano Concerto n16 K451 3mov.mid,,365.1252921,281.9263156379577,9234,25.289948956674863
midi-classical-music,Mozart,..\data\new_midi_files\midi-classical-music\data\mozart-piano_concertos-piano_concerto_n17_k453_3mov.mid,duplicate_of_midiclassics,..\data\midiclassics\Mozart\Piano Concertos\Piano Concerto n17 K453 3mov.mid,,532.7979316583335,235.6941527085477,10111,18.97717577192823
midi-classical-music,Mozart,..\data\new_midi_files\midi-classical-music\data\mozart-piano_concertos-piano_concerto_n18_k456_1mov_paradis.mid,duplicate_of_midiclassics,..\data\midiclassics\Mozart\Piano Concertos\Piano Concerto n18 K456 1mov ''Paradis''.mid,,737.4683224354164,236.7945070558653,12487,16.932252708513516
midi-classical-music,Mozart,..\data\new_midi_files\midi-classical-music\data\mozart-piano_concertos-piano_concerto_n18_k456_2mov_paradis.mid,duplicate_of_midiclassics,..\data\midiclassics\Mozart\Piano Concertos\Piano Concerto n18 K456 2mov ''Paradis''.mid,,519.9848346666666,216.5636736785731,6896,13.261925233686174
midi-classical-music,Mozart,..\data\new_midi_files\midi-classical-music\data\mozart-piano_concertos-piano_concerto_n18_k456_3mov_paradis.mid,duplicate_of_midiclassics,..\data\midiclassics\Mozart\Piano Concertos\Piano Concerto n18 K456 3mov ''Paradis''.mid,,425.41405,182.91164386372947,9846,23.14451062441403
midi-classical-music,Mozart,..\data\new_midi_files\midi-classical-music\data\mozart-piano_concertos-piano_concerto_n20_k466_1mov.mid,duplicate_of_midiclassics,..\data\midiclassics\Mozart\Piano Concertos\Piano Concerto n20 K466 1mov.mid,,871.2837242333336,236.29683130802715,14276,16.385018568505732
midi-classical-music,Mozart,..\data\new_midi_files\midi-classical-music\data\mozart-piano_concertos-piano_concerto_n20_k466_2mov.mid,duplicate_of_midiclassics,..\data\midiclassics\Mozart\Piano Concertos\Piano Concerto n20 K466 2mov.mid,,560.7743175333336,222.58598834796396,6222,11.095372604381353
midi-classical-music,Mozart,..\data\new_midi_files\midi-classical-music\data\mozart-piano_concertos-piano_concerto_n20_k466_3mov.mid,duplicate_of_midiclassics,..\data\midiclassics\Mozart\Piano Concertos\Piano Concerto n20 K466 3mov.mid,,477.9481275999996,237.79448505679028,9260,19.37448745013141
midi-classical-music,Mozart,..\data\new_midi_files\midi-classical-music\data\mozart-piano_concertos-piano_concerto_n21_k467_1mov_elvira_madigan.mid,duplicate_of_midiclassics,..\data\midiclassics\Mozart\Piano Concertos\Piano Concerto n21 K467 1mov ''Elvira Madigan''.mid,,886.2822842666666,238.3871461616674,16254,18.339529389836546
midi-classical-music,Mozart,..\data\new_midi_files\midi-classical-music\data\mozart-piano_concertos-piano_concerto_n21_k467_2mov_elvira_madigan.mid,duplicate_of_midiclassics,..\data\midiclassics\Mozart\Piano Concertos\Piano Concerto n21 K467 2mov ''Elvira Madigan''.mid,,421.12215566666663,190.34406406110662,5406,12.837130336782955
midi-classical-music,Mozart,..\data\new_midi_files\midi-classical-music\data\mozart-piano_concertos-piano_concerto_n21_k467_3mov_elvira_madigan.mid,duplicate_of_midiclassics,..\data\midiclassics\Mozart\Piano Concertos\Piano Concerto n21 K467 3mov ''Elvira Madigan''.mid,,404.66853280000015,156.66201916834453,8608,21.27173057029948
midi-classical-music,Mozart,..\data\new_midi_files\midi-classical-music\data\mozart-piano_concertos-piano_concerto_n23_k488_1mov.mid,duplicate_of_midiclassics,..\data\midiclassics\Mozart\Piano Concertos\Piano Concerto n23 K488 1mov.mid,,685.5633742833332,226.9744160605538,10709,15.620729463844036
midi-classical-music,Mozart,..\data\new_midi_files\midi-classical-music\data\mozart-piano_concertos-piano_concerto_n23_k488_2mov.mid,duplicate_of_midiclassics,..\data\midiclassics\Mozart\Piano Concertos\Piano Concerto n23 K488 2mov.mid,,445.99222376666665,159.40451054239085,2595,5.818487098460369
midi-classical-music,Mozart,..\data\new_midi_files\midi-classical-music\data\mozart-piano_concertos-piano_concerto_n23_k488_3mov.mid,duplicate_of_midiclassics,..\data\midiclassics\Mozart\Piano Concertos\Piano Concerto n23 K488 3mov.mid,,504.00968425000013,251.15631230587633,11591,22.99757397965116
midi-classical-music,Mozart,..\data\new_midi_files\midi-classical-music\data\mozart-piano_concertos-piano_concerto_n24_k491_1mov.mid,duplicate_of_midiclassics,..\data\midiclassics\Mozart\Piano Concertos\Piano Concerto n24 K491 1mov.mid,,851.4475110833328,236.37052954435237,14273,16.76321771360851
midi-classical-music,Mozart,..\data\new_midi_files\midi-classical-music\data\mozart-piano_concertos-piano_concerto_n24_k491_2mov.mid,duplicate_of_midiclassics,..\data\midiclassics\Mozart\Piano Concertos\Piano Concerto n24 K491 2mov.mid,,362.5739433916668,203.7337943035696,3974,10.960522873832462
midi-classical-music,Mozart,..\data\new_midi_files\midi-classical-music\data\mozart-piano_concertos-piano_concerto_n24_k491_3mov.mid,duplicate_of_midiclassics,..\data\midiclassics\Mozart\Piano Concertos\Piano Concerto n24 K491 3mov.mid,,502.61591072499994,240.24104574426278,8889,17.685472764238668
midi-classical-music,Mozart,..\data\new_midi_files\midi-classical-music\data\mozart-piano_concertos-piano_concerto_n25_k503_1mov.mid,duplicate_of_midiclassics,..\data\midiclassics\Mozart\Piano Concertos\Piano Concerto n25 K503 1mov.mid,,926.26216,214.28942998989302,14512,15.667270700122307
midi-classical-music,Mozart,..\data\new_midi_files\midi-classical-music\data\mozart-piano_concertos-piano_concerto_n25_k503_2mov.mid,duplicate_of_midiclassics,..\data\midiclassics\Mozart\Piano Concertos\Piano Concerto n25 K503 2mov.mid,,340.8621485,190.475706133036,3393,9.954170666738023
midi-classical-music,Mozart,..\data\new_midi_files\midi-classical-music\data\mozart-piano_concertos-piano_concerto_n25_k503_3mov.mid,duplicate_of_midiclassics,..\data\midiclassics\Mozart\Piano Concertos\Piano Concerto n25 K503 3mov.mid,,520.2844779583334,217.7622657731857,9256,17.790267425085975
midi-classical-music,Mozart,..\data\new_midi_files\midi-classical-music\data\mozart-piano_concertos-piano_concerto_n26_k537_1mov_coronation.mid,duplicate_of_midiclassics,..\data\midiclassics\Mozart\Piano Concertos\Piano Concerto n26 K537 1mov ''Coronation''.mid,,927.7992203333331,219.4585455917604,13208,14.23583864971855
midi-classical-music,Mozart,..\data\new_midi_files\midi-classical-music\data\mozart-piano_concertos-piano_concerto_n26_k537_2mov_coronation.mid,duplicate_of_midiclassics,..\data\midiclassics\Mozart\Piano Concertos\Piano Concerto n26 K537 2mov ''Coronation''.mid,,390.038161,166.4038538377885,3079,7.894099367369338
midi-classical-music,Mozart,..\data\new_midi_files\midi-classical-music\data\mozart-piano_concertos-piano_concerto_n26_k537_3mov_coronation.mid,duplicate_of_midiclassics,..\data\midiclassics\Mozart\Piano Concertos\Piano Concerto n26 K537 3mov ''Coronation''.mid,,646.404448975,240.7427482246283,11057,17.10538969453726
midi-classical-music,Mozart,..\data\new_midi_files\midi-classical-music\data\mozart-piano_concertos-piano_concerto_n6_k238_1mov.mid,duplicate_of_midiclassics,..\data\midiclassics\Mozart\Piano Concertos\Piano Concerto n6 K238 1mov.mid,,405.46354166666663,236.35750421585155,6489,16.003904995568345
midi-classical-music,Mozart,..\data\new_midi_files\midi-classical-music\data\mozart-piano_concertos-piano_concerto_n6_k238_3mov.mid,duplicate_of_midiclassics,..\data\midiclassics\Mozart\Piano Concertos\Piano Concerto n6 K238 3mov.mid,,636.5062122395833,186.1523592351967,7222,11.346315025880081
midi-classical-music,Mozart,..\data\new_midi_files\midi-classical-music\data\mozart-piano_concertos-piano_concerto_n7_for_3_pianos_k242_1mov_lodron.mid,duplicate_of_midiclassics,..\data\midiclassics\Mozart\Piano Concertos\Piano Concerto n7 for 3 Pianos K242 1mov ''Lodron''.mid,,553.9453518958327,243.20405755019368,10330,18.6480488818011
midi-classical-music,Mozart,..\data\new_midi_files\midi-classical-music\data\mozart-piano_concertos-piano_concerto_n7_for_3_pianos_k242_2mov_lodron.mid,duplicate_of_midiclassics,..\data\midiclassics\Mozart\Piano Concertos\Piano Concerto n7 for 3 Pianos K242 2mov ''Lodron''.mid,,501.8970850145833,225.01025381305848,6338,12.628086891191728
midi-classical-music,Mozart,..\data\new_midi_files\midi-classical-music\data\mozart-piano_concertos-piano_concerto_n7_for_3_pianos_k242_3mov_lodron.mid,duplicate_of_midiclassics,..\data\midiclassics\Mozart\Piano Concertos\Piano Concerto n7 for 3 Pianos K242 3mov ''Lodron''.mid,,337.42393562916664,244.69306239326409,5631,16.68820556401945
midi-classical-music,Mozart,..\data\new_midi_files\midi-classical-music\data\mozart-piano_concertos-piano_concerto_n8_k246_1mov.mid,duplicate_of_midiclassics,..\data\midiclassics\Mozart\Piano Concertos\Piano Concerto n8 K246 1mov.mid,,423.09228553124996,220.92024835701488,7225,17.076652652572072
midi-classical-music,Mozart,..\data\new_midi_files\midi-classical-music\data\mozart-piano_concertos-piano_concerto_n8_k246_3mov.mid,duplicate_of_midiclassics,..\data\midiclassics\Mozart\Piano Concertos\Piano Concerto n8 K246 3mov.mid,,444.8095703125,231.72249516153104,6165,13.859863661811037
midi-classical-music,Mozart,..\data\new_midi_files\midi-classical-music\data\mozart-piano_sonatas-nueva_carpeta-k19d_piano_sonata_duet.mid,duplicate_of_midiclassics,..\data\midiclassics\Mozart\Piano Sonatas\Nueva carpeta\K19d Piano Sonata Duet.mid,,638.07672,204.02941567628955,6938,10.87330062754836
midi-classical-music,Mozart,..\data\new_midi_files\midi-classical-music\data\mozart-piano_sonatas-nueva_carpeta-k279_piano_sonata_n01_1mov.mid,duplicate_of_midiclassics,..\data\midiclassics\Mozart\Piano Sonatas\Nueva carpeta\K279 Piano sonata n01 1mov.mid,,275.3958333333333,234.46887417218522,2895,10.512141614342992
midi-classical-music,Mozart,..\data\new_midi_files\midi-classical-music\data\mozart-piano_sonatas-nueva_carpeta-k279_piano_sonata_n01_2mov.mid,duplicate_of_midiclassics,..\data\midiclassics\Mozart\Piano Sonatas\Nueva carpeta\K279 Piano sonata n01 2mov.mid,,229.046875,222.1349571268796,1751,7.644723378129477
midi-classical-music,Mozart,..\data\new_midi_files\midi-classical-music\data\mozart-piano_sonatas-nueva_carpeta-k279_piano_sonata_n01_3mov.mid,duplicate_of_midiclassics,..\data\midiclassics\Mozart\Piano Sonatas\Nueva carpeta\K279 Piano sonata n01 3mov.mid,,203.23640390625,245.80193680885597,2018,9.92932349329933
midi-classical-music,Mozart,..\data\new_midi_files\midi-classical-music\data\mozart-piano_sonatas-nueva_carpeta-k280_piano_sonata_n02_1mov.mid,duplicate_of_midiclassics,..\data\midiclassics\Mozart\Piano Sonatas\Nueva carpeta\K280 Piano sonata n02 1mov.mid,,247.77924840000003,245.8085562360432,2641,10.658681132717488
midi-classical-music,Mozart,..\data\new_midi_files\midi-classical-music\data\mozart-piano_sonatas-nueva_carpeta-k280_piano_sonata_n02_2mov.mid,duplicate_of_midiclassics,..\data\midiclassics\Mozart\Piano Sonatas\Nueva carpeta\K280 Piano sonata n02 2mov.mid,,239.33309400000002,166.212932170379,1710,7.144853941511323
midi-classical-music,Mozart,..\data\new_midi_files\midi-classical-music\data\mozart-piano_sonatas-nueva_carpeta-k280_piano_sonata_n02_3mov.mid,duplicate_of_midiclassics,..\data\midiclassics\Mozart\Piano Sonatas\Nueva carpeta\K280 Piano sonata n02 3mov.mid,,285.25,225.5917667238417,2460,8.624014022787028
midi-classical-music,Mozart,..\data\new_midi_files\midi-classical-music\data\mozart-piano_sonatas-nueva_carpeta-k281_piano_sonata_n03_1mov.mid,duplicate_of_midiclassics,..\data\midiclassics\Mozart\Piano Sonatas\Nueva carpeta\K281 Piano Sonata n03 1mov.mid,,387.34000000000003,218.52868911692292,3967,10.241648164403365
midi-classical-music,Mozart,..\data\new_midi_files\midi-classical-music\data\mozart-piano_sonatas-nueva_carpeta-k281_piano_sonata_n03_2mov.mid,duplicate_of_midiclassics,..\data\midiclassics\Mozart\Piano Sonatas\Nueva carpeta\K281 Piano Sonata n03 2mov.mid,,481.44,203.98823144817862,2373,4.928963110667996
midi-classical-music,Mozart,..\data\new_midi_files\midi-classical-music\data\mozart-piano_sonatas-nueva_carpeta-k282_piano_sonata_n04_.mid,duplicate_of_midiclassics,..\data\midiclassics\Mozart\Piano Sonatas\Nueva carpeta\K282 Piano Sonata n04 .mid,,638.3041666666667,200.47333983015653,5699,8.92834528992839
midi-classical-music,Mozart,..\data\new_midi_files\midi-classical-music\data\mozart-piano_sonatas-nueva_carpeta-k284_piano_sonata_n06_.mid,duplicate_of_midiclassics,..\data\midiclassics\Mozart\Piano Sonatas\Nueva carpeta\K284 Piano Sonata n06 .mid,,1253.7395833333333,194.50112398408143,14747,11.762410787726719
midi-classical-music,Mozart,..\data\new_midi_files\midi-classical-music\data\mozart-piano_sonatas-nueva_carpeta-k309_piano_sonata_n10_1mov.mid,duplicate_of_midiclassics,..\data\midiclassics\Mozart\Piano Sonatas\Nueva carpeta\K309 Piano Sonata n10 1mov.mid,,548.3771724166667,243.5591458980952,4960,9.044869570594205
midi-classical-music,Mozart,..\data\new_midi_files\midi-classical-music\data\mozart-piano_sonatas-nueva_carpeta-k309_piano_sonata_n10_2mov.mid,duplicate_of_midiclassics,..\data\midiclassics\Mozart\Piano Sonatas\Nueva carpeta\K309 Piano Sonata n10 2mov.mid,,287.2,172.93497363796106,1500,5.222841225626741
midi-classical-music,Mozart,..\data\new_midi_files\midi-classical-music\data\mozart-piano_sonatas-nueva_carpeta-k309_piano_sonata_n10_3mov.mid,duplicate_of_midiclassics,..\data\midiclassics\Mozart\Piano Sonatas\Nueva carpeta\K309 Piano Sonata n10 3mov.mid,,353.62769599999996,182.1177563294769,3637,10.284827916872214
midi-classical-music,Mozart,..\data\new_midi_files\midi-classical-music\data\mozart-piano_sonatas-nueva_carpeta-k330_piano_sonata_n10_1mov.mid,duplicate_of_midiclassics,..\data\midiclassics\Mozart\Piano Sonatas\Nueva carpeta\K330 Piano Sonata n10 1mov.mid,,536.6092467083313,249.9320909883186,4772,8.89287694774625
midi-classical-music,Mozart,..\data\new_midi_files\midi-classical-music\data\mozart-piano_sonatas-nueva_carpeta-k330_piano_sonata_n10_2mov.mid,duplicate_of_midiclassics,..\data\midiclassics\Mozart\Piano Sonatas\Nueva carpeta\K330 Piano Sonata n10 2mov.mid,,395.1742224583327,129.18421772449463,1484,3.7553056744648203
midi-classical-music,Mozart,..\data\new_midi_files\midi-classical-music\data\mozart-piano_sonatas-nueva_carpeta-k330_piano_sonata_n10_3mov.mid,duplicate_of_midiclassics,..\data\midiclassics\Mozart\Piano Sonatas\Nueva carpeta\K330 Piano Sonata n10 3mov.mid,,500.78523789583267,182.62434588969055,4346,8.678370828702429
midi-classical-music,Mozart,..\data\new_midi_files\midi-classical-music\data\mozart-piano_sonatas-nueva_carpeta-k331_piano_sonata_n11_.mid,duplicate_of_midiclassics,..\data\midiclassics\Mozart\Piano Sonatas\Nueva carpeta\K331 Piano Sonata n11 .mid,,1089.3479166666666,259.6985873123592,12742,11.69690583242651
midi-classical-music,Mozart,..\data\new_midi_files\midi-classical-music\data\mozart-piano_sonatas-nueva_carpeta-k331_piano_sonata_n11_3mov.mid,duplicate_of_midiclassics,..\data\midiclassics\Mozart\Piano Sonatas\Nueva carpeta\K331 Piano sonata n11 3mov.mid,,212.85693000000003,244.46601944635017,2821,13.253033387261572
midi-classical-music,Mozart,..\data\new_midi_files\midi-classical-music\data\mozart-piano_sonatas-nueva_carpeta-k332_piano_sonata_n12_1mov.mid,duplicate_of_midiclassics,..\data\midiclassics\Mozart\Piano Sonatas\Nueva carpeta\K332 Piano Sonata n12 1mov.mid,,686.4352999999988,198.473841138298,5034,7.333538936590249
midi-classical-music,Mozart,..\data\new_midi_files\midi-classical-music\data\mozart-piano_sonatas-nueva_carpeta-k332_piano_sonata_n12_2mov.mid,duplicate_of_midiclassics,..\data\midiclassics\Mozart\Piano Sonatas\Nueva carpeta\K332 Piano Sonata n12 2mov.mid,,267.3210689166656,175.37280345618294,1386,5.184776514686429
midi-classical-music,Mozart,..\data\new_midi_files\midi-classical-music\data\mozart-piano_sonatas-nueva_carpeta-k332_piano_sonata_n12_3mov.mid,duplicate_of_midiclassics,..\data\midiclassics\Mozart\Piano Sonatas\Nueva carpeta\K332 Piano Sonata n12 3mov.mid,,706.7977318333357,240.8404339621303,5914,8.367316041974131
midi-classical-music,Mozart,..\data\new_midi_files\midi-classical-music\data\mozart-piano_sonatas-nueva_carpeta-k333_piano_sonata_n13_.mid,duplicate_of_midiclassics,..\data\midiclassics\Mozart\Piano Sonatas\Nueva carpeta\K333 Piano Sonata n13 .mid,,1177.4020833333334,201.8252933507041,11777,10.002530288258223
midi-classical-music,Mozart,..\data\new_midi_files\midi-classical-music\data\mozart-piano_sonatas-nueva_carpeta-k333_piano_sonata_n13_1mov.mid,duplicate_of_midiclassics,..\data\midiclassics\Mozart\Piano Sonatas\Nueva carpeta\K333 Piano Sonata n13 1mov.mid,,691.5723621875011,226.38573768715563,5750,8.314386627325982
midi-classical-music,Mozart,..\data\new_midi_files\midi-classical-music\data\mozart-piano_sonatas-nueva_carpeta-k333_piano_sonata_n13_2mov.mid,duplicate_of_midiclassics,..\data\midiclassics\Mozart\Piano Sonatas\Nueva carpeta\K333 Piano Sonata n13 2mov.mid,,522.122811427083,181.67463827223423,2871,5.498706314234557
midi-classical-music,Mozart,..\data\new_midi_files\midi-classical-music\data\mozart-piano_sonatas-nueva_carpeta-k333_piano_sonata_n13_3mov.mid,duplicate_of_midiclassics,..\data\midiclassics\Mozart\Piano Sonatas\Nueva carpeta\K333 Piano Sonata n13 3mov.mid,,347.46397062916697,173.69032415074346,3187,9.17217400765084
midi-classical-music,Mozart,..\data\new_midi_files\midi-classical-music\data\mozart-piano_sonatas-nueva_carpeta-k357_piano_sonata_4_hands.mid,duplicate_of_midiclassics,..\data\midiclassics\Mozart\Piano Sonatas\Nueva carpeta\K357 Piano Sonata 4 Hands.mid,,748.3818301416674,215.98399466500737,7529,10.060372522105158
midi-classical-music,Mozart,..\data\new_midi_files\midi-classical-music\data\mozart-piano_sonatas-nueva_carpeta-k358_piano_sonata_4_hands.mid,duplicate_of_midiclassics,..\data\midiclassics\Mozart\Piano Sonatas\Nueva carpeta\K358 Piano Sonata 4 Hands.mid,,667.2,200.3381828531257,6374,9.55335731414868
midi-classical-music,Mozart,..\data\new_midi_files\midi-classical-music\data\mozart-piano_sonatas-nueva_carpeta-k381_piano_sonata_4_hands.mid,duplicate_of_midiclassics,..\data\midiclassics\Mozart\Piano Sonatas\Nueva carpeta\K381 Piano Sonata 4 Hands.mid,,621.2518358916661,208.03825915711465,6984,11.241817885296149
midi-classical-music,Mozart,..\data\new_midi_files\midi-classical-music\data\mozart-piano_sonatas-nueva_carpeta-k457_piano_sonata_n14_.mid,duplicate_of_midiclassics,..\data\midiclassics\Mozart\Piano Sonatas\Nueva carpeta\K457 Piano Sonata n14 .mid,,911.13125,192.96321605360046,8253,9.057970517419966
midi-classical-music,Mozart,..\data\new_midi_files\midi-classical-music\data\mozart-piano_sonatas-nueva_carpeta-k497_piano_sonata_4_hands.mid,duplicate_of_midiclassics,..\data\midiclassics\Mozart\Piano Sonatas\Nueva carpeta\K497 Piano Sonata 4 Hands.mid,,1478.1343094250026,202.33543553520474,15562,10.528136652246204
midi-classical-music,Mozart,..\data\new_midi_files\midi-classical-music\data\mozart-piano_sonatas-nueva_carpeta-k521_piano_sonata_4_hands.mid,duplicate_of_midiclassics,..\data\midiclassics\Mozart\Piano Sonatas\Nueva carpeta\K521 Piano Sonata 4 Hands.mid,,1330.8079919250001,187.037888954744,13061,9.814338416398746
midi-classical-music,Mozart,..\data\new_midi_files\midi-classical-music\data\mozart-piano_sonatas-nueva_carpeta-k545_piano_sonata.mid,duplicate_of_midiclassics,..\data\midiclassics\Mozart\Piano Sonatas\Nueva carpeta\K545 Piano Sonata.mid,,688.6536545833335,241.08379095242339,5598,8.128904802497624
midi-classical-music,Mozart,..\data\new_midi_files\midi-classical-music\data\mozart-piano_sonatas-nueva_carpeta-k570_piano_sonata_1mov.mid,duplicate_of_midiclassics,..\data\midiclassics\Mozart\Piano Sonatas\Nueva carpeta\K570 Piano Sonata 1mov.mid,,289.384326,232.94632571690641,2065,7.135839140092197
midi-classical-music,Mozart,..\data\new_midi_files\midi-classical-music\data\mozart-piano_sonatas-nueva_carpeta-k570_piano_sonata_2mov.mid,duplicate_of_midiclassics,..\data\midiclassics\Mozart\Piano Sonatas\Nueva carpeta\K570 Piano Sonata 2mov.mid,,287.272756,244.79903452813463,1826,6.356328478291203
midi-classical-music,Mozart,..\data\new_midi_files\midi-classical-music\data\mozart-piano_sonatas-nueva_carpeta-k570_piano_sonata_3mov.mid,duplicate_of_midiclassics,..\data\midiclassics\Mozart\Piano Sonatas\Nueva carpeta\K570 Piano Sonata 3mov.mid,,266.18204,219.48090384686657,1924,7.228136053056022
midi-classical-music,Mozart,..\data\new_midi_files\midi-classical-music\data\mozart-piano_sonatas-nueva_carpeta-k576_piano_sonata_n19_.mid,duplicate_of_midiclassics,..\data\midiclassics\Mozart\Piano Sonatas\Nueva carpeta\K576 Piano Sonata n19 .mid,,763.20625,165.90616235882754,8013,10.499127856984924
midi-classical-music,Mozart,..\data\new_midi_files\midi-classical-music\data\mozart-piano_sonatas-piano_sonata_n01_k279.mid,duplicate_of_midiclassics,..\data\midiclassics\Mozart\Piano Sonatas\Piano Sonata n01 K279.mid,,688.3927483291665,261.5385813897344,5567,8.086953288674165
midi-classical-music,Mozart,..\data\new_midi_files\midi-classical-music\data\mozart-piano_sonatas-piano_sonata_n02_k280.mid,duplicate_of_midiclassics,..\data\midiclassics\Mozart\Piano Sonatas\Piano Sonata n02 K280.mid,,825.3506609791674,170.05142747758876,4774,5.784208125957386
midi-classical-music,Mozart,..\data\new_midi_files\midi-classical-music\data\mozart-piano_sonatas-piano_sonata_n03_k281.mid,duplicate_of_midiclassics,..\data\midiclassics\Mozart\Piano Sonatas\Piano Sonata n03 K281.mid,,641.4740471916697,206.2692791501152,5855,9.127415248727203
midi-classical-music,Mozart,..\data\new_midi_files\midi-classical-music\data\mozart-piano_sonatas-piano_sonata_n04_k282.mid,duplicate_of_midiclassics,..\data\midiclassics\Mozart\Piano Sonatas\Piano Sonata n04 K282.mid,,541.4627189312506,261.0729275536618,3257,6.015187908834663
midi-classical-music,Mozart,..\data\new_midi_files\midi-classical-music\data\mozart-piano_sonatas-piano_sonata_n05_k283.mid,duplicate_of_midiclassics,..\data\midiclassics\Mozart\Piano Sonatas\Piano Sonata n05 K283.mid,,623.156931699999,179.32885650841183,4815,7.726785589730138
midi-classical-music,Mozart,..\data\new_midi_files\midi-classical-music\data\mozart-piano_sonatas-piano_sonata_n06_k284.mid,duplicate_of_midiclassics,..\data\midiclassics\Mozart\Piano Sonatas\Piano Sonata n06 K284.mid,,1307.671318810418,219.06447903996457,10585,8.094541684701873
midi-classical-music,Mozart,..\data\new_midi_files\midi-classical-music\data\mozart-piano_sonatas-piano_sonata_n07_k309.mid,duplicate_of_midiclassics,..\data\midiclassics\Mozart\Piano Sonatas\Piano Sonata n07 K309.mid,,915.904555895833,206.9971636334041,7577,8.272696048104102
midi-classical-music,Mozart,..\data\new_midi_files\midi-classical-music\data\mozart-piano_sonatas-piano_sonata_n08_k311.mid,duplicate_of_midiclassics,..\data\midiclassics\Mozart\Piano Sonatas\Piano Sonata n08 K311.mid,,869.9524180208324,200.07563485111413,7157,8.226886725922768
midi-classical-music,Mozart,..\data\new_midi_files\midi-classical-music\data\mozart-piano_sonatas-piano_sonata_n09_k310.mid,duplicate_of_midiclassics,..\data\midiclassics\Mozart\Piano Sonatas\Piano Sonata n09 K310.mid,,849.3341682291671,204.33754206460037,8117,9.5568979838921
midi-classical-music,Mozart,..\data\new_midi_files\midi-classical-music\data\mozart-piano_sonatas-piano_sonata_n10_k330.mid,duplicate_of_midiclassics,..\data\midiclassics\Mozart\Piano Sonatas\Piano Sonata n10 K330.mid,,834.9985963375017,182.49659503503972,5770,6.910191256977633
midi-classical-music,Mozart,..\data\new_midi_files\midi-classical-music\data\mozart-piano_sonatas-piano_sonata_n11_k331.mid,duplicate_of_midiclassics,..\data\midiclassics\Mozart\Piano Sonatas\Piano Sonata n11 K331.mid,,1086.1882010895824,247.52640486000496,9470,8.718562759658417
midi-classical-music,Mozart,..\data\new_midi_files\midi-classical-music\data\mozart-piano_sonatas-piano_sonata_n12_k332.mid,duplicate_of_midiclassics,..\data\midiclassics\Mozart\Piano Sonatas\Piano Sonata n12 K332.mid,,927.550243291667,167.98836172460418,6868,7.404450648006963
midi-classical-music,Mozart,..\data\new_midi_files\midi-classical-music\data\mozart-piano_sonatas-piano_sonata_n13_k333.mid,duplicate_of_midiclassics,..\data\midiclassics\Mozart\Piano Sonatas\Piano Sonata n13 K333.mid,,1031.0746769374994,187.21049984968013,7496,7.270084473672303
midi-classical-music,Mozart,..\data\new_midi_files\midi-classical-music\data\mozart-piano_sonatas-piano_sonata_n14_k457.mid,duplicate_of_midiclassics,..\data\midiclassics\Mozart\Piano Sonatas\Piano Sonata n14 K457.mid,,1003.6533833229172,173.26620610439107,6400,6.376703457931605
midi-classical-music,Mozart,..\data\new_midi_files\midi-classical-music\data\mozart-piano_sonatas-piano_sonata_n15_k593494.mid,duplicate_of_midiclassics,..\data\midiclassics\Mozart\Piano Sonatas\Piano Sonata n15 K593-494.mid,,1000.6236927166674,205.45570730188194,7583,7.578273486021854
midi-classical-music,Mozart,..\data\new_midi_files\midi-classical-music\data\mozart-piano_sonatas-piano_sonata_n15_k593_494.mid,duplicate_of_midiclassics,..\data\midiclassics\Mozart\Piano Sonatas\Piano Sonata n15 K593-494.mid,,1000.6236927166674,205.45570730188194,7583,7.578273486021854
midi-classical-music,Mozart,..\data\new_midi_files\midi-classical-music\data\mozart-piano_sonatas-piano_sonata_n16_k545.mid,duplicate_of_midiclassics,..\data\midiclassics\Mozart\Piano Sonatas\Piano Sonata n16 K545.mid,,429.2285906458338,233.1230528886346,3628,8.452372649597205
midi-classical-music,Mozart,..\data\new_midi_files\midi-classical-music\data\mozart-piano_sonatas-piano_sonata_n17_k547a.mid,duplicate_of_midiclassics,..\data\midiclassics\Mozart\Piano Sonatas\Piano Sonata n17 K547a.mid,,336.55939418750035,250.66062349143226,3441,10.224049779703927
midi-classical-music,Mozart,..\data\new_midi_files\midi-classical-music\data\mozart-piano_sonatas-piano_sonata_n18_k570.mid,duplicate_of_midiclassics,..\data\midiclassics\Mozart\Piano Sonatas\Piano Sonata n18 K570.mid,,1019.5353146020847,148.25014659539696,5917,5.803624372059492
midi-classical-music,Mozart,..\data\new_midi_files\midi-classical-music\data\mozart-piano_sonatas-piano_sonata_n19_k576.mid,duplicate_of_midiclassics,..\data\midiclassics\Mozart\Piano Sonatas\Piano Sonata n19 K576.mid,,740.433564658332,204.57240027747386,5920,7.995315559109943
midi-classical-music,Mozart,..\data\new_midi_files\midi-classical-music\data\mozart-rondo.mid,duplicate_of_midiclassics,..\data\midiclassics\Mozart\Rondo.mid,,444.58288875,178.77234794015135,4926,11.08004856833348
midi-classical-music,Mozart,..\data\new_midi_files\midi-classical-music\data\mozart-rondo_in_c.mid,duplicate_of_midiclassics,..\data\midiclassics\Mozart\Rondo in C.mid,,327.9408419416666,201.20636882340455,2708,8.25758689880321
midi-classical-music,Mozart,..\data\new_midi_files\midi-classical-music\data\mozart-sonatina_n21_3mov.mid,duplicate_of_midiclassics,..\data\midiclassics\Mozart\Sonatina n21 3mov.mid | ..\data\midiclassics\Mozart\Viennese Sonatinas K439b n2 1mov.mid,,132.2258293125,225.16527370896304,996,7.5325676169220515
midi-classical-music,Mozart,..\data\new_midi_files\midi-classical-music\data\mozart-sonatina_n22_4mov.mid,duplicate_of_midiclassics,..\data\midiclassics\Mozart\Sonatina n22 4mov.mid | ..\data\midiclassics\Mozart\Viennese Sonatinas K439b n2 2mov.mid,,150.454395,173.64723247076145,876,5.822362317830596
midi-classical-music,Mozart,..\data\new_midi_files\midi-classical-music\data\mozart-sonatina_n3_1mov.mid,duplicate_of_midiclassics,..\data\midiclassics\Mozart\Sonatina n3 1mov.mid,,142.99985700000002,183.27291054563784,512,3.5804231608427406
midi-classical-music,Mozart,..\data\new_midi_files\midi-classical-music\data\mozart-sonatina_n3_2mov.mid,duplicate_of_midiclassics,..\data\midiclassics\Mozart\Sonatina n3 2mov.mid,,225.727047,165.2600077796929,1301,5.763598192112086
midi-classical-music,Mozart,..\data\new_midi_files\midi-classical-music\data\mozart-sonatina_n3_3mov.mid,duplicate_of_midiclassics,..\data\midiclassics\Mozart\Sonatina n3 3mov.mid,,146.461392,250.30109265969662,1431,9.770492963770275
midi-classical-music,Mozart,..\data\new_midi_files\midi-classical-music\data\mozart-symphonies-symphony_n22_k162_1mov.mid,duplicate_of_midiclassics,..\data\midiclassics\Mozart\Symphonies\Symphony n22 K162 1mov.mid,,217.8,162.50000000000023,4675,21.464646464646464
midi-classical-music,Mozart,..\data\new_midi_files\midi-classical-music\data\mozart-symphonies-symphony_n22_k162_3mov.mid,duplicate_of_midiclassics,..\data\midiclassics\Mozart\Symphonies\Symphony n22 K162 3mov.mid,,83.04,246.90865576386125,3979,47.916666666666664
midi-classical-music,Mozart,..\data\new_midi_files\midi-classical-music\data\mozart-symphonies-symphony_n25_k183_1mov.mid,duplicate_of_midiclassics,..\data\midiclassics\Mozart\Symphonies\Symphony n25 K183 1mov.mid,,477.71145639999986,156.56349089825272,11853,24.812048865906167
midi-classical-music,Mozart,..\data\new_midi_files\midi-classical-music\data\mozart-symphonies-symphony_n25_k183_2mov.mid,duplicate_of_midiclassics,..\data\midiclassics\Mozart\Symphonies\Symphony n25 K183 2mov.mid,,297.130565,109.01098901098905,1905,6.411322914557781
midi-classical-music,Mozart,..\data\new_midi_files\midi-classical-music\data\mozart-symphonies-symphony_n25_k183_3mov.mid,duplicate_of_midiclassics,..\data\midiclassics\Mozart\Symphonies\Symphony n25 K183 3mov.mid,,220.41200440000006,174.90641572429584,3047,13.82411093395056
midi-classical-music,Mozart,..\data\new_midi_files\midi-classical-music\data\mozart-symphonies-symphony_n25_k183_4mov.mid,duplicate_of_midiclassics,..\data\midiclassics\Mozart\Symphonies\Symphony n25 K183 4mov.mid,,331.689427,191.1662373784104,7544,22.74416784469889
midi-classical-music,Mozart,..\data\new_midi_files\midi-classical-music\data\mozart-symphonies-symphony_n28_k200_1mov.mid,duplicate_of_midiclassics,..\data\midiclassics\Mozart\Symphonies\Symphony n28 K200 1mov.mid,,305.4884328333335,253.72004029069342,7164,23.450969758676564
midi-classical-music,Mozart,..\data\new_midi_files\midi-classical-music\data\mozart-symphonies-symphony_n28_k200_2mov.mid,duplicate_of_midiclassics,..\data\midiclassics\Mozart\Symphonies\Symphony n28 K200 2mov.mid,,309.333212,169.51905514939415,2381,7.697201295022921
midi-classical-music,Mozart,..\data\new_midi_files\midi-classical-music\data\mozart-symphonies-symphony_n28_k200_3mov.mid,duplicate_of_midiclassics,..\data\midiclassics\Mozart\Symphonies\Symphony n28 K200 3mov.mid,,238.04686869999995,174.1437692054095,2741,11.514539195448785
midi-classical-music,Mozart,..\data\new_midi_files\midi-classical-music\data\mozart-symphonies-symphony_n28_k200_4mov.mid,duplicate_of_midiclassics,..\data\midiclassics\Mozart\Symphonies\Symphony n28 K200 4mov.mid,,251.225,248.71732225751285,6899,27.46143894914917
midi-classical-music,Mozart,..\data\new_midi_files\midi-classical-music\data\mozart-symphonies-symphony_n29_k201_1mov.mid,duplicate_of_midiclassics,..\data\midiclassics\Mozart\Symphonies\Symphony n29 K201 1mov.mid,,432.2776485249998,160.02678152929766,8056,18.636170589639217
midi-classical-music,Mozart,..\data\new_midi_files\midi-classical-music\data\mozart-symphonies-symphony_n29_k201_2mov.mid,duplicate_of_midiclassics,..\data\midiclassics\Mozart\Symphonies\Symphony n29 K201 2mov.mid,,440.88629076666746,169.05689165226298,3591,8.144957271761674
midi-classical-music,Mozart,..\data\new_midi_files\midi-classical-music\data\mozart-symphonies-symphony_n29_k201_4mov.mid,duplicate_of_midiclassics,..\data\midiclassics\Mozart\Symphonies\Symphony n29 K201 4mov.mid,,282.46942379999996,159.13233889664863,8130,28.781876249219724
midi-classical-music,Mozart,..\data\new_midi_files\midi-classical-music\data\mozart-symphonies-symphony_n30_k202_1mov.mid,duplicate_of_midiclassics,..\data\midiclassics\Mozart\Symphonies\Symphony n30 K202 1mov.mid,,347.7858496166666,158.92612070619046,7650,21.996294583094492
midi-classical-music,Mozart,..\data\new_midi_files\midi-classical-music\data\mozart-symphonies-symphony_n30_k202_2mov.mid,duplicate_of_midiclassics,..\data\midiclassics\Mozart\Symphonies\Symphony n30 K202 2mov.mid,,238.82688299999992,154.55650149376393,1821,7.624769779371951
midi-classical-music,Mozart,..\data\new_midi_files\midi-classical-music\data\mozart-symphonies-symphony_n30_k202_3mov.mid,duplicate_of_midiclassics,..\data\midiclassics\Mozart\Symphonies\Symphony n30 K202 3mov.mid,,255.02519796666664,183.13877397155315,3597,14.104488610063347
midi-classical-music,Mozart,..\data\new_midi_files\midi-classical-music\data\mozart-symphonies-symphony_n30_k202_4mov.mid,duplicate_of_midiclassics,..\data\midiclassics\Mozart\Symphonies\Symphony n30 K202 4mov.mid,,208.82119455000003,182.04483568351966,4857,23.259133300461237
midi-classical-music,Mozart,..\data\new_midi_files\midi-classical-music\data\mozart-symphonies-symphony_n31_k297_1mov_paris.mid,duplicate_of_midiclassics,..\data\midiclassics\Mozart\Symphonies\Symphony n31 K297 1mov ''Paris''.mid,,417.49582166666676,182.19969890290227,13940,33.38955571902669
midi-classical-music,Mozart,..\data\new_midi_files\midi-classical-music\data\mozart-symphonies-symphony_n31_k297_2mov_paris.mid,duplicate_of_midiclassics,..\data\midiclassics\Mozart\Symphonies\Symphony n31 K297 2mov ''Paris''.mid,,353.9508541999999,152.30834608078774,2958,8.357092418058079
midi-classical-music,Mozart,..\data\new_midi_files\midi-classical-music\data\mozart-symphonies-symphony_n31_k297_3mov_paris.mid,duplicate_of_midiclassics,..\data\midiclassics\Mozart\Symphonies\Symphony n31 K297 3mov ''Paris''.mid,,220.60651599999997,258.75072756230946,7440,33.725205106815615
midi-classical-music,Mozart,..\data\new_midi_files\midi-classical-music\data\mozart-symphonies-symphony_n33_k319_1mov.mid,duplicate_of_midiclassics,..\data\midiclassics\Mozart\Symphonies\Symphony n33 K319 1mov.mid,,403.2825791999998,180.0901354276235,8125,20.147163351607535
midi-classical-music,Mozart,..\data\new_midi_files\midi-classical-music\data\mozart-symphonies-symphony_n33_k319_2mov.mid,duplicate_of_midiclassics,..\data\midiclassics\Mozart\Symphonies\Symphony n33 K319 2mov.mid,,302.2017945,131.67953046477624,2328,7.703461866769292
midi-classical-music,Mozart,..\data\new_midi_files\midi-classical-music\data\mozart-symphonies-symphony_n33_k319_3mov.mid,duplicate_of_midiclassics,..\data\midiclassics\Mozart\Symphonies\Symphony n33 K319 3mov.mid,,180.98497200000003,219.8757308568767,2344,12.951351563045796
midi-classical-music,Mozart,..\data\new_midi_files\midi-classical-music\data\mozart-symphonies-symphony_n33_k319_4mov.mid,duplicate_of_midiclassics,..\data\midiclassics\Mozart\Symphonies\Symphony n33 K319 4mov.mid,,384.3416126000001,207.09500041475084,9710,25.2639830860719
midi-classical-music,Mozart,..\data\new_midi_files\midi-classical-music\data\mozart-symphonies-symphony_n34_k338_1mov.mid,duplicate_of_midiclassics,..\data\midiclassics\Mozart\Symphonies\Symphony n34 K338 1mov.mid,,426.03701605208295,168.71882325226704,11107,26.070504631086262
midi-classical-music,Mozart,..\data\new_midi_files\midi-classical-music\data\mozart-symphonies-symphony_n34_k338_2mov.mid,duplicate_of_midiclassics,..\data\midiclassics\Mozart\Symphonies\Symphony n34 K338 2mov.mid,,434.23869538541675,172.1707956001725,3090,7.115901997765105
midi-classical-music,Mozart,..\data\new_midi_files\midi-classical-music\data\mozart-symphonies-symphony_n34_k338_3mov.mid,duplicate_of_midiclassics,..\data\midiclassics\Mozart\Symphonies\Symphony n34 K338 3mov.mid,,316.35966433333255,253.57438313397145,11413,36.07602765684656
midi-classical-music,Mozart,..\data\new_midi_files\midi-classical-music\data\mozart-symphonies-symphony_n35_k385_1mov_haffner.mid,duplicate_of_midiclassics,..\data\midiclassics\Mozart\Symphonies\Symphony n35 K385 1mov ''Haffner''.mid,,355.4351025,253.1937603303209,10611,29.85355111345537
midi-classical-music,Mozart,..\data\new_midi_files\midi-classical-music\data\mozart-symphonies-symphony_n35_k385_2mov_haffner.mid,duplicate_of_midiclassics,..\data\midiclassics\Mozart\Symphonies\Symphony n35 K385 2mov ''Haffner''.mid,,493.6150119166666,160.54732828422175,6050,12.256515409667843
midi-classical-music,Mozart,..\data\new_midi_files\midi-classical-music\data\mozart-symphonies-symphony_n35_k385_3mov_haffner.mid,duplicate_of_midiclassics,..\data\midiclassics\Mozart\Symphonies\Symphony n35 K385 3mov ''Haffner''.mid,,218.23084862500002,201.97773006761741,3416,15.65314904617326
midi-classical-music,Mozart,..\data\new_midi_files\midi-classical-music\data\mozart-symphonies-symphony_n35_k385_4mov_haffner.mid,duplicate_of_midiclassics,..\data\midiclassics\Mozart\Symphonies\Symphony n35 K385 4mov ''Haffner''.mid,,209.44749902083333,151.01480806529315,10103,48.236431789500976
midi-classical-music,Mozart,..\data\new_midi_files\midi-classical-music\data\mozart-symphonies-symphony_n36_k425_1mov_linz.mid,duplicate_of_midiclassics,..\data\midiclassics\Mozart\Symphonies\Symphony n36 K425 1mov ''Linz''.mid,,606.5100200000005,173.8570758495419,17850,29.43067618239841
midi-classical-music,Mozart,..\data\new_midi_files\midi-classical-music\data\mozart-symphonies-symphony_n36_k425_2mov_linz.mid,duplicate_of_midiclassics,..\data\midiclassics\Mozart\Symphonies\Symphony n36 K425 2mov ''Linz''.mid,,448.47479617500005,147.12143141966655,4181,9.322708958584432
midi-classical-music,Mozart,..\data\new_midi_files\midi-classical-music\data\mozart-symphonies-symphony_n36_k425_3mov_linz.mid,duplicate_of_midiclassics,..\data\midiclassics\Mozart\Symphonies\Symphony n36 K425 3mov ''Linz''.mid,,204.11836000000002,212.89425679157046,3326,16.294467582435992
midi-classical-music,Mozart,..\data\new_midi_files\midi-classical-music\data\mozart-symphonies-symphony_n36_k425_4mov_linz.mid,duplicate_of_midiclassics,..\data\midiclassics\Mozart\Symphonies\Symphony n36 K425 4mov ''Linz''.mid,,438.85067813333364,159.5086241129026,12551,28.599705151160087
midi-classical-music,Mozart,..\data\new_midi_files\midi-classical-music\data\mozart-symphonies-symphony_n37_k444_1mov.mid,duplicate_of_midiclassics,..\data\midiclassics\Mozart\Symphonies\Symphony n37 K444 1mov.mid,,101.000019,136.79997264000596,608,6.019800847760237
midi-classical-music,Mozart,..\data\new_midi_files\midi-classical-music\data\mozart-symphonies-symphony_n38_k504_1mov_prague.mid,duplicate_of_midiclassics,..\data\midiclassics\Mozart\Symphonies\Symphony n38 K504 1mov ''Prague''.mid,,710.6600678666673,169.87266483655168,16749,23.568230096674597
midi-classical-music,Mozart,..\data\new_midi_files\midi-classical-music\data\mozart-symphonies-symphony_n38_k504_2mov_prague.mid,duplicate_of_midiclassics,..\data\midiclassics\Mozart\Symphonies\Symphony n38 K504 2mov ''Prague''.mid,,622.8123435250003,161.23627888211035,6690,10.741598283257943
midi-classical-music,Mozart,..\data\new_midi_files\midi-classical-music\data\mozart-symphonies-symphony_n38_k504_3mov_prague.mid,duplicate_of_midiclassics,..\data\midiclassics\Mozart\Symphonies\Symphony n38 K504 3mov ''Prague''.mid,,223.4645665833334,194.13542282088417,7877,35.24943627723881
midi-classical-music,Mozart,..\data\new_midi_files\midi-classical-music\data\mozart-symphonies-symphony_n39_k543_1mov.mid,duplicate_of_midiclassics,..\data\midiclassics\Mozart\Symphonies\Symphony n39 K543 1mov.mid,,645.9758230166668,258.70205247250004,16109,24.937465809125758
midi-classical-music,Mozart,..\data\new_midi_files\midi-classical-music\data\mozart-symphonies-symphony_n39_k543_2mov.mid,duplicate_of_midiclassics,..\data\midiclassics\Mozart\Symphonies\Symphony n39 K543 2mov.mid,,481.28719980000034,172.19566964213345,4829,10.0335101411521
midi-classical-music,Mozart,..\data\new_midi_files\midi-classical-music\data\mozart-symphonies-symphony_n39_k543_3mov.mid,duplicate_of_midiclassics,..\data\midiclassics\Mozart\Symphonies\Symphony n39 K543 3mov.mid,,245.17397179999995,243.0242691023377,5218,21.282846468941532
midi-classical-music,Mozart,..\data\new_midi_files\midi-classical-music\data\mozart-symphonies-symphony_n39_k543_4mov.mid,duplicate_of_midiclassics,..\data\midiclassics\Mozart\Symphonies\Symphony n39 K543 4mov.mid,,338.2828024,259.8916794495923,12779,37.776085302999135
midi-classical-music,Mozart,..\data\new_midi_files\midi-classical-music\data\mozart-symphonies-symphony_n40_k550_1mov.mid,duplicate_of_midiclassics,..\data\midiclassics\Mozart\Symphonies\Symphony n40 K550 1mov.mid,,462.70122899999996,202.50287366450314,12699,27.44535610472736
midi-classical-music,Mozart,..\data\new_midi_files\midi-classical-music\data\mozart-symphonies-symphony_n40_k550_2mov.mid,duplicate_of_midiclassics,..\data\midiclassics\Mozart\Symphonies\Symphony n40 K550 2mov.mid,,480.577572,120.31997593600484,3934,8.185983344224812
midi-classical-music,Mozart,..\data\new_midi_files\midi-classical-music\data\mozart-symphonies-symphony_n40_k550_3mov.mid,duplicate_of_midiclassics,..\data\midiclassics\Mozart\Symphonies\Symphony n40 K550 3mov.mid,,287.0466508,165.65004429823983,4173,14.5377066353843
midi-classical-music,Mozart,..\data\new_midi_files\midi-classical-music\data\mozart-symphonies-symphony_n40_k550_4mov.mid,duplicate_of_midiclassics,..\data\midiclassics\Mozart\Symphonies\Symphony n40 K550 4mov.mid,,385.33212600000024,263.50981647836784,11262,29.22673517234842
midi-classical-music,Mozart,..\data\new_midi_files\midi-classical-music\data\mozart-symphonies-symphony_n41_k551_1mov_jupiter.mid,duplicate_of_midiclassics,..\data\midiclassics\Mozart\Symphonies\Symphony n41 K551 1mov ''Jupiter''.mid,,698.2139860000001,196.753246753239,16987,24.3292176046442
midi-classical-music,Mozart,..\data\new_midi_files\midi-classical-music\data\mozart-symphonies-symphony_n41_k551_2mov_jupiter.mid,duplicate_of_midiclassics,..\data\midiclassics\Mozart\Symphonies\Symphony n41 K551 2mov ''Jupiter''.mid,,461.54106135,199.20338485024467,5113,11.078104264536202
midi-classical-music,Mozart,..\data\new_midi_files\midi-classical-music\data\mozart-symphonies-symphony_n41_k551_3mov_jupiter.mid,duplicate_of_midiclassics,..\data\midiclassics\Mozart\Symphonies\Symphony n41 K551 3mov ''Jupiter''.mid,,152.09539239166668,234.1554639442714,2568,16.884140667371728
midi-classical-music,Mozart,..\data\new_midi_files\midi-classical-music\data\mozart-symphonies-symphony_n41_k551_4mov_jupiter.mid,duplicate_of_midiclassics,..\data\midiclassics\Mozart\Symphonies\Symphony n41 K551 4mov ''Jupiter''.mid,,529.3694902604174,256.47369387196596,17358,32.7899516677112
midi-classical-music,Mozart,..\data\new_midi_files\midi-classical-music\data\mozart-symphonies-symphony_n4_k019_1mov.mid,duplicate_of_midiclassics,..\data\midiclassics\Mozart\Symphonies\Symphony n4 K019 1mov.mid,,267.01850300000007,266.5186366205444,6568,24.59754633558109
midi-classical-music,Mozart,..\data\new_midi_files\midi-classical-music\data\mozart-symphonies-symphony_n4_k19_3mov.mid,duplicate_of_midiclassics,..\data\midiclassics\Mozart\Symphonies\Symphony n4 K19 3mov.mid,,110.7,238.40354767184004,3357,30.32520325203252
midi-classical-music,Mozart,..\data\new_midi_files\midi-classical-music\data\mozart-symphonies-symphony_n5_k022.mid,duplicate_of_midiclassics,..\data\midiclassics\Mozart\Symphonies\Symphony n5 K022.mid,,447.4479178854167,188.88298365193253,7916,17.69144448679085
midi-classical-music,Mozart,..\data\new_midi_files\midi-classical-music\data\mozart-the_chelsea_notebook-early_pieces_n10_air.mid,duplicate_of_midiclassics,..\data\midiclassics\Mozart\The Chelsea Notebook\Early Pieces n10 Air.mid,,41.099446449999995,147.69230769230768,166,4.038983838917374
midi-classical-music,Mozart,..\data\new_midi_files\midi-classical-music\data\mozart-the_chelsea_notebook-early_pieces_n11_country_dance.mid,duplicate_of_midiclassics,..\data\midiclassics\Mozart\The Chelsea Notebook\Early Pieces n11 Country dance.mid,,45.70955809166667,146.44725858560875,214,4.681734169707811
midi-classical-music,Mozart,..\data\new_midi_files\midi-classical-music\data\mozart-the_chelsea_notebook-early_pieces_n12_rondinomid.mid,duplicate_of_midiclassics,..\data\midiclassics\Mozart\The Chelsea Notebook\Early Pieces n12 Rondino.mid,,77.095,198.1776765375855,680,8.820286659316428
midi-classical-music,Mozart,..\data\new_midi_files\midi-classical-music\data\mozart-the_chelsea_notebook-early_pieces_n13_prelude.mid,duplicate_of_midiclassics,..\data\midiclassics\Mozart\The Chelsea Notebook\Early Pieces n13 Prelude.mid,,102.36674209166667,205.2339741986215,790,7.717350223889867
midi-classical-music,Mozart,..\data\new_midi_files\midi-classical-music\data\mozart-the_chelsea_notebook-early_pieces_n14_rondo.mid,duplicate_of_midiclassics,..\data\midiclassics\Mozart\The Chelsea Notebook\Early Pieces n14 Rondo.mid,,70.19500000000001,194.25287356321843,453,6.453451100505734
midi-classical-music,Mozart,..\data\new_midi_files\midi-classical-music\data\mozart-the_chelsea_notebook-early_pieces_n15_andantinomid.mid,duplicate_of_midiclassics,..\data\midiclassics\Mozart\The Chelsea Notebook\Early Pieces n15 Andantino.mid,,94.86869589999999,211.71426807143055,592,6.240203835246354
midi-classical-music,Mozart,..\data\new_midi_files\midi-classical-music\data\mozart-the_chelsea_notebook-early_pieces_n16_minuet.mid,duplicate_of_midiclassics,..\data\midiclassics\Mozart\The Chelsea Notebook\Early Pieces n16 Minuet.mid,,61.07222375,212.0,336,5.501682751481601
midi-classical-music,Mozart,..\data\new_midi_files\midi-classical-music\data\mozart-the_chelsea_notebook-early_pieces_n17_sicilianomid.mid,duplicate_of_midiclassics,..\data\midiclassics\Mozart\The Chelsea Notebook\Early Pieces n17 Siciliano.mid,,136.63048991666665,159.1201458453749,658,4.815908955616904
midi-classical-music,Mozart,..\data\new_midi_files\midi-classical-music\data\mozart-the_chelsea_notebook-early_pieces_n18_little_song.mid,duplicate_of_midiclassics,..\data\midiclassics\Mozart\The Chelsea Notebook\Early Pieces n18 Little Song.mid,,64.59603789166667,142.3255102325938,240,3.715398154953427
midi-classical-music,Mozart,..\data\new_midi_files\midi-classical-music\data\mozart-the_chelsea_notebook-early_pieces_n19_giga.mid,duplicate_of_midiclassics,..\data\midiclassics\Mozart\The Chelsea Notebook\Early Pieces n19 Giga.mid,,129.173464825,164.14762305741817,1216,9.41369809695356
midi-classical-music,Mozart,..\data\new_midi_files\midi-classical-music\data\mozart-the_chelsea_notebook-early_pieces_n1_andante.mid,duplicate_of_midiclassics,..\data\midiclassics\Mozart\The Chelsea Notebook\Early Pieces n1 Andante.mid,,68.20526884166667,150.95633857283093,283,4.149239564716956
midi-classical-music,Mozart,..\data\new_midi_files\midi-classical-music\data\mozart-the_chelsea_notebook-early_pieces_n20_presto.mid,duplicate_of_midiclassics,..\data\midiclassics\Mozart\The Chelsea Notebook\Early Pieces n20 Presto.mid,,50.995000000000005,200.00000000000006,464,9.098931267771349
midi-classical-music,Mozart,..\data\new_midi_files\midi-classical-music\data\mozart-the_chelsea_notebook-early_pieces_n2_minuet.mid,duplicate_of_midiclassics,..\data\midiclassics\Mozart\The Chelsea Notebook\Early Pieces n2 Minuet.mid,,48.67791815000003,195.0001950001952,260,5.341230888281113
midi-classical-music,Mozart,..\data\new_midi_files\midi-classical-music\data\mozart-the_chelsea_notebook-early_pieces_n3_little_march.mid,duplicate_of_midiclassics,..\data\midiclassics\Mozart\The Chelsea Notebook\Early Pieces n3 Little march.mid,,33.386948175,210.65425827104116,300,8.985547239224418
midi-classical-music,Mozart,..\data\new_midi_files\midi-classical-music\data\mozart-the_chelsea_notebook-early_pieces_n4_minuet.mid,duplicate_of_midiclassics,..\data\midiclassics\Mozart\The Chelsea Notebook\Early Pieces n4 Minuet.mid,,140.0049633,213.6627906976746,388,2.771330321830098
midi-classical-music,Mozart,..\data\new_midi_files\midi-classical-music\data\mozart-the_chelsea_notebook-early_pieces_n5_country_dance.mid,duplicate_of_midiclassics,..\data\midiclassics\Mozart\The Chelsea Notebook\Early Pieces n5 Country Dance.mid,,59.07301784999999,182.70288540558798,346,5.857158015501659
midi-classical-music,Mozart,..\data\new_midi_files\midi-classical-music\data\mozart-the_chelsea_notebook-early_pieces_n6_llittle_minuet.mid,duplicate_of_midiclassics,..\data\midiclassics\Mozart\The Chelsea Notebook\Early Pieces n6 Llittle minuet.mid,,26.098847100000004,183.3331805556829,122,4.674535987453637
midi-classical-music,Mozart,..\data\new_midi_files\midi-classical-music\data\mozart-the_chelsea_notebook-early_pieces_n7_country_dance.mid,duplicate_of_midiclassics,..\data\midiclassics\Mozart\The Chelsea Notebook\Early Pieces n7 Country dance.mid,,66.45762585,170.00017000017027,344,5.176230652241996
midi-classical-music,Mozart,..\data\new_midi_files\midi-classical-music\data\mozart-the_chelsea_notebook-early_pieces_n8_minuet.mid,duplicate_of_midiclassics,..\data\midiclassics\Mozart\The Chelsea Notebook\Early Pieces n8 Minuet.mid,,56.284078641666675,181.39553023273993,316,5.614376349870061
midi-classical-music,Mozart,..\data\new_midi_files\midi-classical-music\data\mozart-the_chelsea_notebook-early_pieces_n9_allegretto.mid,duplicate_of_midiclassics,..\data\midiclassics\Mozart\The Chelsea Notebook\Early Pieces n9 Allegretto.mid,,69.63437994166664,196.84542586750783,580,8.329218993345979
midi-classical-music,Mozart,..\data\new_midi_files\midi-classical-music\data\mozart-vesperae_solemnes_de_confessore_vespers_k339_1_dixit_dominus.mid,duplicate_of_midiclassics,..\data\midiclassics\Mozart\Vesperae solemnes de confessore ''Vespers'' K339 1 Dixit Dominus.mid,,213.788102,265.0009597370429,5912,27.653550149390444
midi-classical-music,Mozart,..\data\new_midi_files\midi-classical-music\data\mozart-viennese_sonatinas_k439b_n2_1mov.mid,duplicate_of_midiclassics,..\data\midiclassics\Mozart\Sonatina n21 3mov.mid | ..\data\midiclassics\Mozart\Viennese Sonatinas K439b n2 1mov.mid,,132.2258293125,225.16527370896304,996,7.5325676169220515
midi-classical-music,Mozart,..\data\new_midi_files\midi-classical-music\data\mozart-viennese_sonatinas_k439b_n2_2mov.mid,duplicate_of_midiclassics,..\data\midiclassics\Mozart\Sonatina n22 4mov.mid | ..\data\midiclassics\Mozart\Viennese Sonatinas K439b n2 2mov.mid,,150.454395,173.64723247076145,876,5.822362317830596
midi-classical-music,Mozart,..\data\new_midi_files\midi-classical-music\data\mozart-viennese_sonatinas_k439b_n2_3mov.mid,duplicate_of_midiclassics,..\data\midiclassics\Mozart\Viennese Sonatinas K439b n2 3mov.mid,,174.83333333333331,117.89473684210527,573,3.2774070543374645
midi-classical-music,Mozart,..\data\new_midi_files\midi-classical-music\data\mozart-viennese_sonatinas_k439b_n2_4mov.mid,duplicate_of_midiclassics,..\data\midiclassics\Mozart\Viennese Sonatinas K439b n2 4mov.mid,,211.64264550000001,257.2903336262112,1822,8.60885099832113
midi-classical-music,Mozart,..\data\new_midi_files\midi-classical-music\data\mozart-viennese_sonatinas_k439b_n6_1mov.mid,duplicate_of_midiclassics,..\data\midiclassics\Mozart\Viennese Sonatinas K439b n6 1mov.mid,,321.4996785,216.47080470609907,2194,6.824268099540261
midi-classical-music,Mozart,..\data\new_midi_files\midi-classical-music\data\mozart-viennese_sonatinas_k439b_n6_2mov.mid,duplicate_of_midiclassics,..\data\midiclassics\Mozart\Viennese Sonatinas K439b n6 2mov.mid,,191.41666666666666,154.48275862068962,999,5.218981279930344
ChoralTech.us,Mozart,..\data\new_midi_files\ChoralTech.us\Mozart\000197_all.mid,keep_candidate_representative,,dev,102.80000000000001,130.90909090909105,676,6.575875486381322
ChoralTech.us,Mozart,..\data\new_midi_files\ChoralTech.us\Mozart\000198_all.mid,keep_candidate_representative,,train,144.6,105.88235294117659,253,1.7496542185338866
ChoralTech.us,Mozart,..\data\new_midi_files\ChoralTech.us\Mozart\000199_all.mid,keep_candidate_representative,,test,65.99993400000001,178.18199636381428,301,4.560610621216681
ChoralTech.us,Mozart,..\data\new_midi_files\ChoralTech.us\Mozart\000200_all.mid,keep_candidate_representative,,dev,207.6,99.0825688073395,770,3.7090558766859347
ChoralTech.us,Mozart,..\data\new_midi_files\ChoralTech.us\Mozart\000201_all.mid,keep_candidate_representative,,test,114.75,106.66666666666664,325,2.832244008714597
ChoralTech.us,Mozart,..\data\new_midi_files\ChoralTech.us\Mozart\000202_all.mid,keep_candidate_representative,,dev,126.0,58.94736842105264,388,3.0793650793650795
ChoralTech.us,Mozart,..\data\new_midi_files\ChoralTech.us\Mozart\000203_all.mid,keep_candidate_representative,,dev,187.20000000000002,184.11552346570423,1195,6.383547008547008
ChoralTech.us,Mozart,..\data\new_midi_files\ChoralTech.us\Mozart\000204_all.mid,keep_candidate_representative,,train,181.20000000000002,184.11552346570403,971,5.358719646799116
ChoralTech.us,Mozart,..\data\new_midi_files\ChoralTech.us\Mozart\000205_all.mid,keep_candidate_representative,,dev,59.142822,235.0002350002349,406,6.8647383785643505
ChoralTech.us,Mozart,..\data\new_midi_files\ChoralTech.us\Mozart\000206_all.mid,keep_candidate_representative,,dev,200.142657,225.80667741958035,960,4.79657867238167
ChoralTech.us,Mozart,..\data\new_midi_files\ChoralTech.us\Mozart\000209_all.mid,keep_candidate_representative,,train,42.78259800000001,193.03576254465497,253,5.913619364583702
ChoralTech.us,Mozart,..\data\new_midi_files\ChoralTech.us\Mozart\000210_all.mid,keep_candidate_representative,,train,36.545418000000005,177.41953225824187,198,5.417915865677059
ChoralTech.us,Mozart,..\data\new_midi_files\ChoralTech.us\Mozart\000212_all.mid,keep_candidate_representative,,train,126.0,160.0,724,5.746031746031746
ChoralTech.us,Mozart,..\data\new_midi_files\ChoralTech.us\Mozart\000297_all.mid,keep_candidate_representative,,train,209.4,159.03614457831327,865,4.130850047755492
ChoralTech.us,Mozart,..\data\new_midi_files\ChoralTech.us\Mozart\000300_all.mid,keep_candidate_representative,,train,24.6,160.00000000000003,219,8.902439024390244
ChoralTech.us,Mozart,..\data\new_midi_files\ChoralTech.us\Mozart\000301_all.mid,keep_candidate_representative,,train,141.0,147.82608695652146,345,2.4468085106382977
ChoralTech.us,Mozart,..\data\new_midi_files\ChoralTech.us\Mozart\000302_all.mid,keep_candidate_representative,,test,125.4,132.17391304347817,1132,9.027113237639552
ChoralTech.us,Mozart,..\data\new_midi_files\ChoralTech.us\Mozart\000303_all.mid,keep_candidate_representative,,train,308.40000000000003,139.9141630901288,1040,3.3722438391699088
Classical Music MIDI (Kaggle),Mozart,..\data\new_midi_files\Classical Music MIDI (Kaggle)\Mozart\mz_311_1.mid,keep_candidate_representative,,train,700.8840073229171,267.20039621818074,2970,4.237505734143021
Classical Music MIDI (Kaggle),Mozart,..\data\new_midi_files\Classical Music MIDI (Kaggle)\Mozart\mz_311_2.mid,keep_candidate_representative,,train,2011.087690802083,160.5339176109594,1659,0.8249267337210643
Classical Music MIDI (Kaggle),Mozart,..\data\new_midi_files\Classical Music MIDI (Kaggle)\Mozart\mz_311_3.mid,keep_candidate_representative,,train,606.210891345833,249.23699326702945,3517,5.801611370247737
Classical Music MIDI (Kaggle),Mozart,..\data\new_midi_files\Classical Music MIDI (Kaggle)\Mozart\mz_330_1.mid,keep_candidate_representative,,train,537.7631000583308,247.00093254933546,4774,8.87751502377565
Classical Music MIDI (Kaggle),Mozart,..\data\new_midi_files\Classical Music MIDI (Kaggle)\Mozart\mz_330_2.mid,keep_candidate_representative,,train,395.84923258333276,128.68970595740652,1487,3.756480694166717
Classical Music MIDI (Kaggle),Mozart,..\data\new_midi_files\Classical Music MIDI (Kaggle)\Mozart\mz_330_3.mid,keep_candidate_representative,,train,482.101321083333,188.91953356051403,4360,9.043742071070488
Classical Music MIDI (Kaggle),Mozart,..\data\new_midi_files\Classical Music MIDI (Kaggle)\Mozart\mz_331_1.mid,keep_candidate_representative,,dev,830.9032286437464,257.4534454487344,6207,7.470183994989963
Classical Music MIDI (Kaggle),Mozart,..\data\new_midi_files\Classical Music MIDI (Kaggle)\Mozart\mz_331_2.mid,keep_candidate_representative,,train,365.6399577291659,227.68536918779267,2681,7.332349606018306
Classical Music MIDI (Kaggle),Mozart,..\data\new_midi_files\Classical Music MIDI (Kaggle)\Mozart\mz_331_3.mid,keep_candidate_representative,,dev,189.58007888750024,257.73176366535927,2819,14.869705807395714
Classical Music MIDI (Kaggle),Mozart,..\data\new_midi_files\Classical Music MIDI (Kaggle)\Mozart\mz_332_1.mid,keep_candidate_representative,,train,570.728808645834,226.41921192195497,5076,8.89389132474985
Classical Music MIDI (Kaggle),Mozart,..\data\new_midi_files\Classical Music MIDI (Kaggle)\Mozart\mz_332_2.mid,keep_candidate_representative,,train,263.3827065562507,171.83173855992462,1387,5.266101249148559
Classical Music MIDI (Kaggle),Mozart,..\data\new_midi_files\Classical Music MIDI (Kaggle)\Mozart\mz_332_3.mid,keep_candidate_representative,,train,589.9263929104169,173.49934621790536,5874,9.957174438357422
Classical Music MIDI (Kaggle),Mozart,..\data\new_midi_files\Classical Music MIDI (Kaggle)\Mozart\mz_333_1.mid,keep_candidate_representative,,train,629.7820278729191,247.9389516189032,5778,9.17460286936914
Classical Music MIDI (Kaggle),Mozart,..\data\new_midi_files\Classical Music MIDI (Kaggle)\Mozart\mz_333_2.mid,keep_candidate_representative,,train,522.3743259416661,174.69947299626102,2863,5.480744090626906
Classical Music MIDI (Kaggle),Mozart,..\data\new_midi_files\Classical Music MIDI (Kaggle)\Mozart\mz_333_3.mid,keep_candidate_representative,,train,348.2729462208336,175.17162549812087,3191,9.16235393712334
Classical Music MIDI (Kaggle),Mozart,..\data\new_midi_files\Classical Music MIDI (Kaggle)\Mozart\mz_545_1.mid,keep_candidate_representative,,test,261.13400383750076,261.03458827408934,2714,10.393131342974682
Classical Music MIDI (Kaggle),Mozart,..\data\new_midi_files\Classical Music MIDI (Kaggle)\Mozart\mz_545_2.mid,keep_candidate_representative,,test,344.27200931249934,214.26608390573494,1909,5.545034009044809
Classical Music MIDI (Kaggle),Mozart,..\data\new_midi_files\Classical Music MIDI (Kaggle)\Mozart\mz_545_3.mid,keep_candidate_representative,,dev,105.67919662083331,190.88685786090562,961,9.09355890968754
Classical Music MIDI (Kaggle),Mozart,..\data\new_midi_files\Classical Music MIDI (Kaggle)\Mozart\mz_570_1.mid,keep_candidate_representative,,test,476.06727053333253,160.60855124913328,4110,8.633233692783827
Classical Music MIDI (Kaggle),Mozart,..\data\new_midi_files\Classical Music MIDI (Kaggle)\Mozart\mz_570_2.mid,keep_candidate_representative,,dev,454.4530074833329,172.18966855833142,1968,4.330480748490099
Classical Music MIDI (Kaggle),Mozart,..\data\new_midi_files\Classical Music MIDI (Kaggle)\Mozart\mz_570_3.mid,keep_candidate_representative,,test,200.2667501145832,257.3285990799589,1922,9.597199729362574
ChoralTech.us,Mozart,..\data\new_midi_files\ChoralTech.us\Mozart\000149_all.mid,keep_unique,,test,48.75,149.33333333333331,237,4.861538461538461
ChoralTech.us,Mozart,..\data\new_midi_files\ChoralTech.us\Mozart\000150_all.mid,keep_unique,,train,185.57124300000004,131.2501312501302,852,4.591228609704359
ChoralTech.us,Mozart,..\data\new_midi_files\ChoralTech.us\Mozart\000151_all.mid,keep_unique,,train,282.499976,186.40776699029124,2022,7.157522731966533
ChoralTech.us,Mozart,..\data\new_midi_files\ChoralTech.us\Mozart\000152_all.mid,keep_unique,,train,39.5,116.57142857142858,215,5.443037974683544
ChoralTech.us,Mozart,..\data\new_midi_files\ChoralTech.us\Mozart\000153_all.mid,keep_unique,,train,93.99990600000001,137.54730735862813,602,6.4042617234106585
ChoralTech.us,Mozart,..\data\new_midi_files\ChoralTech.us\Mozart\000155_all.mid,keep_unique,,train,407.33292600000004,149.1893383785276,2413,5.923901177583665
ChoralTech.us,Mozart,..\data\new_midi_files\ChoralTech.us\Mozart\000156_all.mid,keep_unique,,train,66.5,141.1764705882353,429,6.451127819548872
ChoralTech.us,Mozart,..\data\new_midi_files\ChoralTech.us\Mozart\000162_all.mid,keep_unique,,train,211.333122,129.60012960012958,1011,4.783916455840746
ChoralTech.us,Mozart,..\data\new_midi_files\ChoralTech.us\Mozart\000196_all.mid,keep_unique,,test,372.0,177.3451327433629,1989,5.346774193548387
ChoralTech.us,Mozart,..\data\new_midi_files\ChoralTech.us\Mozart\000207_all.mid,keep_unique,,train,354.20000000000005,98.43750000000013,2072,5.849802371541501
ChoralTech.us,Mozart,..\data\new_midi_files\ChoralTech.us\Mozart\000208_all.mid,keep_unique,,train,226.90907200000004,178.95523879353382,1280,5.64102611111115
ChoralTech.us,Mozart,..\data\new_midi_files\ChoralTech.us\Mozart\000211_all.mid,keep_unique,,dev,226.90907200000004,180.00001500000138,1253,5.522035716579898
ChoralTech.us,Mozart,..\data\new_midi_files\ChoralTech.us\Mozart\000298_all.mid,keep_unique,,train,132.6,149.68944099378882,855,6.447963800904978
ChoralTech.us,Mozart,..\data\new_midi_files\ChoralTech.us\Mozart\000304_all.mid,keep_unique,,test,371.999628,205.45997557491813,2059,5.5349517715109116
ChoralTech.us,Mozart,..\data\new_midi_files\ChoralTech.us\Mozart\000305_all.mid,keep_unique,,test,182.4,157.66423357664246,1329,7.286184210526316
ChoralTech.us,Mozart,..\data\new_midi_files\ChoralTech.us\Mozart\000308_all.mid,keep_unique,,train,172.05,160.9596510359869,2570,14.937518163324613
ChoralTech.us,Mozart,..\data\new_midi_files\ChoralTech.us\Mozart\000309_all.mid,keep_unique,,dev,218.70000000000002,170.09708737864068,1360,6.218564243255601
ChoralTech.us,Mozart,..\data\new_midi_files\ChoralTech.us\Mozart\000326_all.mid,keep_unique,,train,407.33292600000004,150.91478506112657,2440,5.9901860229192465
ChoralTech.us,Mozart,..\data\new_midi_files\ChoralTech.us\Mozart\000523_all.mid,keep_unique,,dev,164.0,186.40776699029135,709,4.323170731707317
ChoralTech.us,Mozart,..\data\new_midi_files\ChoralTech.us\Mozart\000534_all.mid,keep_unique,,train,91.8,100.00000000000011,309,3.366013071895425
ChoralTech.us,Mozart,..\data\new_midi_files\ChoralTech.us\Mozart\000535_all.mid,keep_unique,,test,166.4,174.19354838709705,1280,7.692307692307692
ChoralTech.us,Mozart,..\data\new_midi_files\ChoralTech.us\Mozart\000538_all.mid,keep_unique,,train,166.4,174.19354838709705,1253,7.530048076923077
ChoralTech.us,Mozart,..\data\new_midi_files\ChoralTech.us\Mozart\000540_all.mid,keep_unique,,train,156.0,159.09895414320192,1280,8.205128205128204
ChoralTech.us,Mozart,..\data\new_midi_files\ChoralTech.us\Mozart\000541_all.mid,keep_unique,,train,262.40000000000003,150.00000000000009,1763,6.718749999999999
ChoralTech.us,Mozart,..\data\new_midi_files\ChoralTech.us\Mozart\000598_all.mid,keep_unique,,test,44.25,155.5417956656347,721,16.293785310734464
ChoralTech.us,Mozart,..\data\new_midi_files\ChoralTech.us\Mozart\000599_all.mid,keep_unique,,train,103.8,149.3333333333334,1387,13.36223506743738
ChoralTech.us,Mozart,..\data\new_midi_files\ChoralTech.us\Mozart\000628_all.mid,keep_unique,,train,98.4,86.66666666666667,362,3.678861788617886
ChoralTech.us,Mozart,..\data\new_midi_files\ChoralTech.us\Mozart\000735_all.mid,keep_unique,,train,93.60000000000001,149.99999999999986,320,3.4188034188034186
ChoralTech.us,Mozart,..\data\new_midi_files\ChoralTech.us\Mozart\000736_all.mid,keep_unique,,train,355.2,96.29629629629535,1287,3.623310810810811
ChoralTech.us,Mozart,..\data\new_midi_files\ChoralTech.us\Mozart\000737_all.mid,keep_unique,,train,358.20000000000005,148.75675675675666,2335,6.518704634282523
ChoralTech.us,Mozart,..\data\new_midi_files\ChoralTech.us\Mozart\000739_all.mid,keep_unique,,dev,119.4,158.7301587301589,920,7.705192629815745
ChoralTech.us,Mozart,..\data\new_midi_files\ChoralTech.us\Mozart\000740_all.mid,keep_unique,,train,227.33310600000002,140.5715691429976,943,4.148097989740219
ChoralTech.us,Mozart,..\data\new_midi_files\ChoralTech.us\Mozart\000777_all.mid,keep_unique,,test,147.333186,134.85727771442063,855,5.803173223987703
ChoralTech.us,Mozart,..\data\new_midi_files\ChoralTech.us\Mozart\000778_all.mid,keep_unique,,train,271.090638,161.07158964301834,443,1.6341397964469728
ChoralTech.us,Mozart,..\data\new_midi_files\ChoralTech.us\Mozart\000783_all.mid,keep_unique,,dev,22.153823999999997,143.00014300014305,93,4.197920864587532
ChoralTech.us,Mozart,..\data\new_midi_files\ChoralTech.us\Mozart\000784_all.mid,keep_unique,,test,349.845804,206.36123787986207,1966,5.619618636329278
ChoralTech.us,Mozart,..\data\new_midi_files\ChoralTech.us\Mozart\000785_all.mid,keep_unique,,train,222.43892799999998,137.96831375452385,1329,5.974673641656825
ChoralTech.us,Mozart,..\data\new_midi_files\ChoralTech.us\Mozart\000786_all.mid,keep_unique,,dev,168.9,184.34782608695636,507,3.0017761989342806
ChoralTech.us,Mozart,..\data\new_midi_files\ChoralTech.us\Mozart\000787_all.mid,keep_unique,,train,226.0,212.5301204819279,2610,11.548672566371682
ChoralTech.us,Mozart,..\data\new_midi_files\ChoralTech.us\Mozart\000788_all.mid,keep_unique,,dev,218.70000000000002,170.63492063492052,1360,6.218564243255601
ChoralTech.us,Mozart,..\data\new_midi_files\ChoralTech.us\Mozart\000789_all.mid,keep_unique,,train,49.166647,213.60008544003415,772,15.701701195934717
ChoralTech.us,Mozart,..\data\new_midi_files\ChoralTech.us\Mozart\001428_all.mid,keep_unique,,dev,209.4,173.15436241610743,873,4.169054441260745
ChoralTech.us,Mozart,..\data\new_midi_files\ChoralTech.us\Mozart\001429_all.mid,keep_unique,,train,132.6,150.0,844,6.36500754147813
ChoralTech.us,Mozart,..\data\new_midi_files\ChoralTech.us\Mozart\001430_all.mid,keep_unique,,train,295.8,146.42857142857085,447,1.511156186612576
ChoralTech.us,Mozart,..\data\new_midi_files\ChoralTech.us\Mozart\001431_all.mid,keep_unique,,train,24.6,165.5172413793103,213,8.658536585365853
ChoralTech.us,Mozart,..\data\new_midi_files\ChoralTech.us\Mozart\001432_all.mid,keep_unique,,train,142.8,145.054945054945,351,2.4579831932773106
ChoralTech.us,Mozart,..\data\new_midi_files\ChoralTech.us\Mozart\001433_all.mid,keep_unique,,test,228.342735,165.1283702565748,442,1.9356867211036952
ChoralTech.us,Mozart,..\data\new_midi_files\ChoralTech.us\Mozart\001434_all.mid,keep_unique,,train,125.4,133.3333333333334,1140,9.09090909090909
ChoralTech.us,Mozart,..\data\new_midi_files\ChoralTech.us\Mozart\001435_all.mid,keep_unique,,train,282.6,160.00000000000054,509,1.8011323425336163
ChoralTech.us,Mozart,..\data\new_midi_files\ChoralTech.us\Mozart\001436_all.mid,keep_unique,,train,265.0,164.57142857142858,1014,3.8264150943396227
ChoralTech.us,Mozart,..\data\new_midi_files\ChoralTech.us\Mozart\001437_all.mid,keep_unique,,dev,579.6,164.8414985590779,2577,4.446169772256729
commons.wikimedia.org,Mozart,..\data\new_midi_files\commons.wikimedia.org\Mozart\Bona_Nox.mid,keep_unique,,train,66.748046875,155.95959595959596,432,6.472099487929773
commons.wikimedia.org,Mozart,..\data\new_midi_files\commons.wikimedia.org\Mozart\Die_Warnung_Lied_von_Mozart.mid,keep_unique,,dev,88.35000000000001,196.1685823754789,1087,12.303338992642896
commons.wikimedia.org,Mozart,..\data\new_midi_files\commons.wikimedia.org\Mozart\Farnaby_-_For_Two_Virginals.mid,keep_unique,,test,80.0625,237.43772241992912,617,7.70647931303669
commons.wikimedia.org,Mozart,"..\data\new_midi_files\commons.wikimedia.org\Mozart\K265_(Ah_vous_dirai-je,_Maman).mid",keep_unique,,dev,711.7822916666667,213.4703760438791,6490,9.117956538091732
commons.wikimedia.org,Mozart,..\data\new_midi_files\commons.wikimedia.org\Mozart\K520.mid,keep_unique,,train,90.67407058333333,171.2595023658229,596,6.572992655626402
commons.wikimedia.org,Mozart,"..\data\new_midi_files\commons.wikimedia.org\Mozart\Land_der_Berge,_Land_am_Strome.mid",keep_unique,,dev,139.80383746875,94.93785427395366,855,6.115711953837576
commons.wikimedia.org,Mozart,..\data\new_midi_files\commons.wikimedia.org\Mozart\Leck_mich_im_Arsch.mid,keep_unique,,train,135.99479166666666,120.0,967,7.110566427942247
commons.wikimedia.org,Mozart,..\data\new_midi_files\commons.wikimedia.org\Mozart\Leopold_Mozart_-_Menuet_in_C-Dur.mid,keep_unique,,train,72.0,182.05128205128196,347,4.819444444444445
commons.wikimedia.org,Mozart,"..\data\new_midi_files\commons.wikimedia.org\Mozart\Mozart_-_6_Variations_on_an_aria_from_I_Filosofi_Immaginarii_K._398_(416e),_first_movement,_cadenza_written_out.mid",keep_unique,,train,84.74062499999998,198.9637305699479,667,7.871077184054285
commons.wikimedia.org,Mozart,..\data\new_midi_files\commons.wikimedia.org\Mozart\Mozart_-_Die_Zauberflöte_-_Wenn_Tugend_und_Gerechtigkeit.mid,keep_unique,,train,198.88889533333338,169.27008732133626,2913,14.646368240508735
commons.wikimedia.org,Mozart,..\data\new_midi_files\commons.wikimedia.org\Mozart\Mozart_-_Die_Zauberflöte_-_Zum_Ziele_führt_dich_diese_Bahn.mid,keep_unique,,train,110.56487943750001,139.39581519912534,819,7.407415484615649
commons.wikimedia.org,Mozart,..\data\new_midi_files\commons.wikimedia.org\Mozart\Mozart_-_Eine_kleine_Gigue_(KV_574).mid,keep_unique,,test,97.39340762500001,280.7472702732977,914,9.384618756941249
commons.wikimedia.org,Mozart,..\data\new_midi_files\commons.wikimedia.org\Mozart\Mozart_-_Offertorium_de_Sanctissimo_Sacramento.mid,keep_unique,,train,175.4815905,191.36700085747472,4650,26.498506121073707
commons.wikimedia.org,Mozart,..\data\new_midi_files\commons.wikimedia.org\Mozart\Mozart_-_Sonata_Facile_1st_Movement.mid,keep_unique,,train,261.0916649458336,261.0402458114312,2714,10.394816703792708
commons.wikimedia.org,Mozart,..\data\new_midi_files\commons.wikimedia.org\Mozart\Mozart_-_Turkish_March.mid,keep_unique,,dev,189.58007888750024,258.0025704931539,2815,14.848606544100369
commons.wikimedia.org,Mozart,..\data\new_midi_files\commons.wikimedia.org\Mozart\Mozart_Wolfgang_Amadeus-Fuga_en_Mi-bemol_Mayor-KV153.mid,keep_unique,,train,132.125,233.73537353735333,1034,7.825922421948912
commons.wikimedia.org,Mozart,..\data\new_midi_files\commons.wikimedia.org\Mozart\Mozart_Wolfgang_Amadeus-Fugue_en_Sol_menor_KV154.mid,keep_unique,,dev,108.0,240.0,661,6.12037037037037
commons.wikimedia.org,Mozart,..\data\new_midi_files\commons.wikimedia.org\Mozart\Nannerl_Notenbuch_-_Minuet_in_F.mid,keep_unique,,train,73.8,180.0000000000001,357,4.83739837398374
commons.wikimedia.org,Mozart,"..\data\new_midi_files\commons.wikimedia.org\Mozart\Piano_Sonata_No._11,_Menuetto.mid",keep_unique,,train,371.5325520833333,216.82309101244135,2660,7.159534164864704
commons.wikimedia.org,Mozart,"..\data\new_midi_files\commons.wikimedia.org\Mozart\Piano_Sonata_No._11,_Tema.mid",keep_unique,,train,53.75,214.36712541190158,478,8.893023255813954
commons.wikimedia.org,Mozart,"..\data\new_midi_files\commons.wikimedia.org\Mozart\Piano_Sonata_No._11,_Variation_1.mid",keep_unique,,train,53.75,237.65853658536554,672,12.502325581395349
commons.wikimedia.org,Mozart,"..\data\new_midi_files\commons.wikimedia.org\Mozart\Piano_Sonata_No._11,_Variation_2.mid",keep_unique,,train,53.75,190.588235294117,918,17.07906976744186
commons.wikimedia.org,Mozart,"..\data\new_midi_files\commons.wikimedia.org\Mozart\Piano_Sonata_No._11,_Variation_3.mid",keep_unique,,train,54.0,241.88519637462477,940,17.40740740740741
commons.wikimedia.org,Mozart,"..\data\new_midi_files\commons.wikimedia.org\Mozart\Piano_Sonata_No._11,_Variation_4.mid",keep_unique,,train,54.0,239.44055944055953,970,17.962962962962962
commons.wikimedia.org,Mozart,"..\data\new_midi_files\commons.wikimedia.org\Mozart\Piano_Sonata_No._11,_Variation_5.mid",keep_unique,,train,54.0,238.87722847389063,1217,22.537037037037038
commons.wikimedia.org,Mozart,"..\data\new_midi_files\commons.wikimedia.org\Mozart\Piano_Sonata_No._11,_Variation_6.mid",keep_unique,,train,87.5,234.2550636458248,921,10.525714285714285
commons.wikimedia.org,Mozart,..\data\new_midi_files\commons.wikimedia.org\Mozart\Rondo_Alla_Turka.mid,keep_unique,,train,223.0,235.12880562060877,2528,11.336322869955158
commons.wikimedia.org,Mozart,"..\data\new_midi_files\commons.wikimedia.org\Mozart\String_Quartet_No._14,_movement_1.mid",keep_unique,,test,339.75,220.11914128357827,3507,10.322295805739515
commons.wikimedia.org,Mozart,"..\data\new_midi_files\commons.wikimedia.org\Mozart\String_Quartet_No._14,_movement_2.mid",keep_unique,,train,219.5,160.49535603715177,1261,5.744874715261959
commons.wikimedia.org,Mozart,"..\data\new_midi_files\commons.wikimedia.org\Mozart\String_Quartet_No._14,_movement_3.mid",keep_unique,,dev,158.75,216.00000000000068,2332,14.689763779527558
commons.wikimedia.org,Mozart,"..\data\new_midi_files\commons.wikimedia.org\Mozart\String_Quartet_No._14,_movement_4.mid",keep_unique,,dev,594.5,140.47058823529412,2869,4.8259041211101765
commons.wikimedia.org,Mozart,"..\data\new_midi_files\commons.wikimedia.org\Mozart\W._A._Mozart,_Piano_Sonata_No._3,_K_281.mid",keep_unique,,test,673.1804165625,204.63987441426613,5707,8.477667887521125
commons.wikimedia.org,Mozart,..\data\new_midi_files\commons.wikimedia.org\Mozart\Üb_immer_Treu_und_Redlichkeit.mid,keep_unique,,dev,72.666594,166.15401230785866,646,8.889917146797881
midisheetmusic.com,Mozart,..\data\new_midi_files\midisheetmusic.com\Mozart\Mozart__Aria_from_Don_Giovanni.mid,keep_unique,,dev,47.99583333333333,173.33333333333334,254,5.292126052608734
midisheetmusic.com,Mozart,..\data\new_midi_files\midisheetmusic.com\Mozart\Mozart__Eine_Kleine_Nachtmusik.mid,keep_unique,,dev,97.99791666666667,216.45093945720257,828,8.449159208316503
midisheetmusic.com,Mozart,..\data\new_midi_files\midisheetmusic.com\Mozart\Mozart__Fantasy_No._3_in_D_minor.mid,keep_unique,,train,214.39333333333335,187.22627737226279,1009,4.706303056687085
midisheetmusic.com,Mozart,..\data\new_midi_files\midisheetmusic.com\Mozart\Mozart__Minuet_from_Don_Juan.mid,keep_unique,,test,100.79666666666667,130.43478260869566,660,6.547835576573299
midisheetmusic.com,Mozart,..\data\new_midi_files\midisheetmusic.com\Mozart\Mozart__Rondo_Alla_Turca.mid,keep_unique,,train,153.5975,196.6292134831456,1608,10.468920392584515
midisheetmusic.com,Mozart,..\data\new_midi_files\midisheetmusic.com\Mozart\Mozart__Sonata_K.545_in_C_major.mid,keep_unique,,train,239.99666666666667,160.0,1344,5.60007777885804
