composer,filename,tempo,num_notes,num_chords,avg_pitch,pitch_range,avg_duration,avg_velocity,note_density,pitch_class_0,pitch_class_1,pitch_class_2,pitch_class_3,pitch_class_4,pitch_class_5,pitch_class_6,pitch_class_7,pitch_class_8,pitch_class_9,pitch_class_10,pitch_class_11,pitch_entropy,pitch_class_variance,range_normalized,notes_per_chord,chord_density,velocity_variation,tempo_note_ratio,chromatic_ratio,relative_path,total_duration,num_midi_tracks,num_note_tracks,num_unique_programs,drum_track_count,has_drums,pitch_std,pitch_median,velocity_std,velocity_range,duration_std,duration_median,onset_interval_mean,onset_interval_std,max_polyphony,avg_polyphony,gm_piano_track_count,gm_chromatic_percussion_track_count,gm_organ_track_count,gm_guitar_track_count,gm_bass_track_count,gm_strings_track_count,gm_ensemble_track_count,gm_brass_track_count,gm_reed_track_count,gm_pipe_track_count,gm_synth_lead_track_count,gm_synth_pad_track_count,gm_synth_effects_track_count,gm_ethnic_track_count,gm_percussive_track_count,gm_sound_effects_track_count
Beethoven,Beethoven_WoO80_thema_8bars_11_1.mid,166.47398843930617,64,41,60.625,44.0,0.6376627604166666,79.609375,4.282726892513593,0.21875,0.0,0.078125,0.078125,0.0625,0.140625,0.0625,0.1875,0.09375,0.03125,0.015625,0.03125,2.1706239702831747,0.0042046440972222,0.7257731839047723,1.5238095238095235,0.6307692307692307,0.4753536697960175,2.561138283681633,0.24999975000025,new_midi_files\BigSynthPiano\midi\Beethoven_WoO80_thema_8bars_11_1.mid,14.94375,1,1,1,0,0,13.151164397117086,62.5,12.636278609993331,49.0,0.5948509022020783,0.195833333333333,0.2202876984126984,0.3543273472819618,8,2.730935452390909,1,0,0,0,0,0,0,0,0,0,0,0,0,0,0,0
Beethoven,Beethoven_WoO80_thema_8bars_18_1.mid,142.75092936803,64,46,60.625,44.0,0.8242838541666665,69.875,3.212213101897841,0.21875,0.0,0.078125,0.078125,0.0625,0.140625,0.0625,0.1875,0.09375,0.03125,0.015625,0.03125,2.1706239702831747,0.0042046440972222,0.7257731839047723,1.3617021276595744,0.7076923076923077,0.4860838139077805,2.1961681441235386,0.24999975000025,new_midi_files\BigSynthPiano\midi\Beethoven_WoO80_thema_8bars_18_1.mid,19.92395833333333,1,1,1,0,0,13.151164397117086,62.5,18.102572331025225,72.0,0.7931675840916104,0.2609374999999989,0.2956349206349206,0.496080101809679,8,2.647775396037016,1,0,0,0,0,0,0,0,0,0,0,0,0,0,0,0
Beethoven,Beethoven_WoO80_thema_8bars_1_1.mid,153.35463258785964,64,44,60.625,44.0,0.7445800781249998,71.390625,3.602885122852285,0.21875,0.0,0.078125,0.078125,0.0625,0.140625,0.0625,0.1875,0.09375,0.03125,0.015625,0.03125,2.1706239702831747,0.0042046440972222,0.7257731839047723,1.4222222222222225,0.676923076923077,0.4625104138637627,2.359302039813225,0.24999975000025,new_midi_files\BigSynthPiano\midi\Beethoven_WoO80_thema_8bars_1_1.mid,17.763541666666665,1,1,1,0,0,13.151164397117086,62.5,16.614768644473354,60.0,0.7473432304842569,0.1489583333333324,0.2656084656084656,0.4368947569315083,8,2.6826364862487533,1,0,0,0,0,0,0,0,0,0,0,0,0,0,0,0
Beethoven,Beethoven_WoO80_thema_8bars_22_1.mid,172.51965555971563,64,42,60.625,44.0,0.5995117187499999,80.171875,4.113275758184375,0.21875,0.0,0.078125,0.078125,0.0625,0.140625,0.0625,0.1875,0.09375,0.03125,0.015625,0.03125,2.1706239702831747,0.0042046440972222,0.7257731839047723,1.4883720930232558,0.6461538461538462,0.4620333917871879,2.6541485470725483,0.24999975000025,new_midi_files\BigSynthPiano\midi\Beethoven_WoO80_thema_8bars_22_1.mid,15.559375,1,1,1,0,0,13.151164397117086,62.5,13.807328995297208,57.0,0.6075607610944758,0.0994791666666672,0.2300595238095238,0.3780481668127238,8,2.4659570194818223,1,0,0,0,0,0,0,0,0,0,0,0,0,0,0,0
Beethoven,Beethoven_WoO80_thema_8bars_24_1.mid,145.94594594594588,64,35,60.625,44.0,0.6110514322916666,82.265625,4.24485283957441,0.21875,0.0,0.078125,0.078125,0.0625,0.140625,0.0625,0.1875,0.09375,0.03125,0.015625,0.03125,2.1706239702831747,0.0042046440972222,0.7257731839047723,1.7777777777777777,0.5384615384615384,0.5598359619275338,2.245322245322244,0.24999975000025,new_midi_files\BigSynthPiano\midi\Beethoven_WoO80_thema_8bars_24_1.mid,15.077083333333333,1,1,1,0,0,13.151164397117086,62.5,15.623742136868971,66.0,0.6204003001527233,0.0770833333333333,0.2227182539682539,0.3753151167725488,8,2.593823407489292,1,0,0,0,0,0,0,0,0,0,0,0,0,0,0,0
Beethoven,Beethoven_WoO80_thema_8bars_26_1.mid,136.2104640851312,64,42,60.609375,44.0,0.709423828125,77.53125,3.613905064407976,0.21875,0.0,0.078125,0.078125,0.0625,0.15625,0.046875,0.1875,0.09375,0.03125,0.015625,0.03125,2.154975702231001,0.0044487847222222,0.7259602870684563,1.4883720930232558,0.6461538461538462,0.5650534783695237,2.095545601309711,0.2343747656252344,new_midi_files\BigSynthPiano\midi\Beethoven_WoO80_thema_8bars_26_1.mid,17.709375,1,1,1,0,0,13.131090476779718,62.5,16.507544439967443,74.0,0.6594194665411723,0.1890624999999994,0.26317791005291,0.4380453406554243,8,2.563790365272632,1,0,0,0,0,0,0,0,0,0,0,0,0,0,0,0
Beethoven,Beethoven_WoO80_thema_8bars_2_1.mid,203.98406374501943,64,39,60.625,44.0,0.5767740885416667,77.59375,3.6601930179911832,0.21875,0.0,0.078125,0.078125,0.0625,0.140625,0.0625,0.1875,0.09375,0.03125,0.015625,0.03125,2.1706239702831747,0.0042046440972222,0.7257731839047723,1.6,0.6,0.3785355240908835,3.138216365307992,0.24999975000025,new_midi_files\BigSynthPiano\midi\Beethoven_WoO80_thema_8bars_2_1.mid,17.485416666666666,1,1,1,0,0,13.151164397117086,62.5,14.317514132610452,62.0,0.5336667506293145,0.1593749999999998,0.2533068783068783,0.4319541950936906,8,2.1111044918384367,1,0,0,0,0,0,0,0,0,0,0,0,0,0,0,0
Beethoven,Beethoven_WoO80_thema_8bars_3_1.mid,169.8113207547169,65,40,60.90769230769231,44.0,0.7441666666666668,76.73846153846154,3.8461538461538463,0.2153846153846154,0.0,0.0769230769230769,0.0769230769230769,0.0615384615384615,0.1384615384615384,0.0615384615384615,0.2,0.0923076923076923,0.0307692307692307,0.0153846153846153,0.0307692307692307,2.1624788839325,0.0043573307034845,0.7224046357776456,1.5853658536585369,0.6060606060606061,0.4492586392950915,2.5728987993138923,0.2461536000002462,new_midi_files\BigSynthPiano\midi\Beethoven_WoO80_thema_8bars_3_1.mid,16.9,1,1,1,0,0,13.244125637629892,65.0,16.98893479078202,86.0,0.7581906476780728,0.125,0.24697265625,0.4141532967940433,8,2.862179487179487,1,0,0,0,0,0,0,0,0,0,0,0,0,0,0,0
Beethoven,Beethoven_WoO80_thema_8bars_7_1.mid,148.8372093023258,64,39,60.625,44.0,0.7444173177083333,80.3125,3.747255428153208,0.21875,0.0,0.078125,0.078125,0.0625,0.140625,0.0625,0.1875,0.09375,0.03125,0.015625,0.03125,2.1706239702831747,0.0042046440972222,0.7257731839047723,1.6,0.6,0.5359983703243824,2.289803220035781,0.24999975000025,new_midi_files\BigSynthPiano\midi\Beethoven_WoO80_thema_8bars_7_1.mid,17.079166666666666,1,1,1,0,0,13.151164397117086,62.5,14.213632320768678,77.0,0.7510135694760246,0.1312499999999996,0.2535383597883597,0.4214675689395999,8,2.7895218345938027,1,0,0,0,0,0,0,0,0,0,0,0,0,0,0,0
Beethoven,Beethoven_WoO80_thema_8bars_Score2_1.mid,128.00000000000003,64,40,60.625,44.0,0.7253124999999999,90.65625,4.588224751321803,0.21875,0.0,0.078125,0.078125,0.0625,0.140625,0.0625,0.1875,0.09375,0.03125,0.015625,0.03125,2.1706239702831747,0.0042046440972222,0.7257731839047723,1.5609756097560976,0.6153846153846154,0.7027616279069766,1.9692307692307696,0.24999975000025,new_midi_files\BigSynthPiano\midi\Beethoven_WoO80_thema_8bars_Score2_1.mid,13.94875,2,2,1,0,0,13.151164397117086,62.5,18.67084855965309,63.0,0.6956610081650759,0.1487500000000008,0.219047619047619,0.3577962277464216,8,3.3278967649430955,2,0,0,0,0,0,0,0,0,0,0,0,0,0,0,0
Beethoven,Beethoven_WoO80_var10_8bars_11_8.mid,202.34192037470672,257,108,56.505836575875485,61.0,0.0965629053177691,74.07782101167315,15.977205025255795,0.1750972762645914,0.0077821011673151,0.1439688715953307,0.0622568093385214,0.046692607003891,0.1011673151750972,0.0505836575875486,0.1478599221789883,0.0389105058365758,0.0933852140077821,0.0233463035019455,0.1089494163424124,2.280185343545257,0.0026229474413776,1.0795344802754194,2.3577981651376145,0.4186046511627907,0.3643017675606035,0.7842710092042896,0.182879194552712,new_midi_files\BigSynthPiano\midi\Beethoven_WoO80_var10_8bars_11_8.mid,16.085416666666667,1,1,1,0,0,14.3676356531348,55.0,11.074990857303854,67.0,0.0766849811515224,0.0812500000000007,0.0615885416666666,0.0344087685304126,7,1.5428053360963598,1,0,0,0,0,0,0,0,0,0,0,0,0,0,0,0
Beethoven,Beethoven_WoO80_var10_8bars_18_8.mid,195.79728059332515,257,116,56.463035019455255,61.0,0.1306055447470817,79.5136186770428,15.549253166950274,0.1712062256809338,0.0077821011673151,0.1478599221789883,0.0661478599221789,0.0428015564202334,0.1011673151750972,0.046692607003891,0.1556420233463035,0.0389105058365758,0.0894941634241245,0.0194552529182879,0.11284046692607,2.266640512940054,0.0027819203251458,1.0803528166459462,2.1965811965811968,0.4496124031007752,0.4040381982785371,0.7589041883462214,0.1789881478601011,new_midi_files\BigSynthPiano\midi\Beethoven_WoO80_var10_8bars_18_8.mid,16.528125,1,1,1,0,0,14.275485617706382,55.0,11.356994850811688,86.0,0.1215522867501331,0.0968749999999998,0.0624471028645833,0.0353356929353293,6,2.030818680279828,1,0,0,0,0,0,0,0,0,0,0,0,0,0,0,0
Beethoven,Beethoven_WoO80_var10_8bars_1_8.mid,212.43414120126445,259,110,56.97683397683398,61.0,0.0923664736164736,74.04633204633204,17.377690802348337,0.1737451737451737,0.0115830115830115,0.1428571428571428,0.0579150579150579,0.0463320463320463,0.1003861003861003,0.0579150579150579,0.1467181467181467,0.0463320463320463,0.0888030888030888,0.0193050193050193,0.1081081081081081,2.292415148505079,0.0024956354589559,1.070610538911152,2.333333333333333,0.4230769230769231,0.3469282450763475,0.8170543892356326,0.193050000000193,new_midi_files\BigSynthPiano\midi\Beethoven_WoO80_var10_8bars_1_8.mid,14.904166666666669,1,1,1,0,0,14.564178433787497,57.0,13.83597292487146,94.0,0.0974181630471955,0.0677083333333339,0.0573078165374677,0.0348935094814477,6,1.6051160190103435,1,0,0,0,0,0,0,0,0,0,0,0,0,0,0,0
Beethoven,Beethoven_WoO80_var10_8bars_24_8.mid,183.0508474576272,255,118,56.3843137254902,61.0,0.0995424836601306,82.45490196078431,14.94140625,0.1725490196078431,0.0078431372549019,0.1450980392156863,0.0666666666666666,0.0431372549019607,0.1058823529411764,0.0431372549019607,0.1529411764705882,0.0431372549019607,0.0901960784313725,0.0196078431372549,0.1098039215686274,2.270198625136185,0.0027300397283096,1.081861157610614,2.142857142857143,0.4609375,0.4480006644890205,0.7150423728813561,0.1803919764707686,new_midi_files\BigSynthPiano\midi\Beethoven_WoO80_var10_8bars_24_8.mid,17.066666666666666,1,1,1,0,0,14.25239398602736,55.0,8.593027582267148,47.0,0.0901679701054547,0.0791666666666666,0.066572342519685,0.0376863011619234,6,1.487304687499999,1,0,0,0,0,0,0,0,0,0,0,0,0,0,0,0
Beethoven,Beethoven_WoO80_var10_8bars_26_8.mid,187.01298701298708,255,123,56.36078431372549,61.0,0.1089338235294117,80.09803921568627,13.738144677030135,0.1764705882352941,0.0078431372549019,0.1450980392156863,0.0627450980392156,0.0470588235294117,0.1019607843137254,0.0470588235294117,0.1529411764705882,0.0392156862745098,0.0901960784313725,0.0196078431372549,0.1098039215686274,2.269225127163382,0.0027659233628091,1.0823128113004616,2.056451612903226,0.48046875,0.4260239704087753,0.7305194805194808,0.1764704117648823,new_midi_files\BigSynthPiano\midi\Beethoven_WoO80_var10_8bars_26_8.mid,18.56145833333333,1,1,1,0,0,14.259885850976898,55.0,10.755855499581328,51.0,0.1033969161119902,0.088541666666666,0.0718011811023622,0.0397704989969765,6,1.496548627869128,1,0,0,0,0,0,0,0,0,0,0,0,0,0,0,0
Beethoven,Beethoven_WoO80_var10_8bars_7_8.mid,193.6134453781511,259,118,56.43243243243244,61.0,0.099300193050193,82.27799227799228,14.777130631166052,0.1776061776061776,0.0077220077220077,0.1467181467181467,0.0617760617760617,0.0501930501930501,0.1003861003861003,0.0463320463320463,0.1505791505791505,0.0386100386100386,0.0888030888030888,0.0231660231660231,0.1081081081081081,2.2748179103577195,0.0027192457211762,1.080938678163443,2.176470588235294,0.4538461538461538,0.4227765050771229,0.7446670976082735,0.1776060000001776,new_midi_files\BigSynthPiano\midi\Beethoven_WoO80_var10_8bars_7_8.mid,17.527083333333334,1,1,1,0,0,14.332721367740328,55.0,9.67263076574529,78.0,0.1024119235589773,0.078125,0.0665455426356589,0.0372912940238986,5,1.46737192440271,1,0,0,0,0,0,0,0,0,0,0,0,0,0,0,0
Beethoven,Beethoven_WoO80_var12_8bars_11_9.mid,108.64995957962816,66,68,53.78787878787879,40.0,0.9208806818181816,53.56060606060606,3.378299120234604,0.1363636363636363,0.0303030303030303,0.1212121212121212,0.0303030303030303,0.106060606060606,0.0909090909090909,0.0757575757575757,0.2121212121212121,0.0,0.1363636363636363,0.0151515151515151,0.0454545454545454,2.1954135233936363,0.003577441077441,0.743661958005158,0.9565217391304348,1.0149253731343284,0.4884689995869098,1.6216411877556445,0.1515150000001515,new_midi_files\BigSynthPiano\midi\Beethoven_WoO80_var12_8bars_11_9.mid,19.53645833333333,1,1,1,0,0,11.04881064696922,56.0,13.4075157438121,66.0,0.6294042378283565,0.8312499999999989,0.2845032051282051,0.3438889340296668,6,3.111010397227405,1,0,0,0,0,0,0,0,0,0,0,0,0,0,0,0
Beethoven,Beethoven_WoO80_var12_8bars_14_9.mid,79.61299239806495,66,76,53.92424242424242,42.0,1.2297190656565653,68.12121212121212,2.548775091516151,0.1363636363636363,0.0303030303030303,0.106060606060606,0.0303030303030303,0.106060606060606,0.0909090909090909,0.0757575757575757,0.2121212121212121,0.0,0.1363636363636363,0.0151515151515151,0.0606060606060606,2.2070017159921176,0.00342439546985,0.7788704547891403,0.8571428571428571,1.1343283582089552,0.8450401119565352,1.1882536178815664,0.1515150000001515,new_midi_files\BigSynthPiano\midi\Beethoven_WoO80_var12_8bars_14_9.mid,25.894791666666663,1,1,1,0,0,11.203774534504804,56.0,14.397511518477822,58.0,0.8676543369435863,1.0473958333333335,0.3907051282051282,0.4743377886381303,6,3.134277324107968,1,0,0,0,0,0,0,0,0,0,0,0,0,0,0,0
Beethoven,Beethoven_WoO80_var12_8bars_18_9.mid,78.55973813420626,68,81,53.80882352941177,42.0,1.3549479166666665,51.13235294117647,2.4378220927627154,0.1470588235294117,0.0294117647058823,0.1029411764705882,0.0294117647058823,0.1176470588235294,0.088235294117647,0.0735294117647058,0.2058823529411764,0.0,0.1323529411764706,0.0147058823529411,0.0588235294117647,2.2030357824607427,0.0034361783929257,0.780541116950862,0.8292682926829268,1.173913043478261,0.6426913177482217,1.13854692948125,0.1470586764707353,new_midi_files\BigSynthPiano\midi\Beethoven_WoO80_var12_8bars_18_9.mid,27.89375,1,1,1,0,0,11.062997882370254,55.0,13.586221839622397,60.0,0.9139344582928778,1.257812500000001,0.4133084577114427,0.5351049295290857,6,3.3031219657928164,1,0,0,0,0,0,0,0,0,0,0,0,0,0,0,0
Beethoven,Beethoven_WoO80_var12_8bars_19_9.mid,95.4274353876739,66,80,53.92424242424242,42.0,0.8807133838383838,48.21212121212121,2.8060230292294066,0.1363636363636363,0.0303030303030303,0.106060606060606,0.0303030303030303,0.106060606060606,0.0909090909090909,0.0757575757575757,0.2121212121212121,0.0,0.1363636363636363,0.0151515151515151,0.0606060606060606,2.2070017159921176,0.00342439546985,0.7788704547891403,0.8148148148148148,1.1940298507462686,0.4999834436982657,1.4242900804130432,0.1515150000001515,new_midi_files\BigSynthPiano\midi\Beethoven_WoO80_var12_8bars_19_9.mid,23.52083333333333,1,1,1,0,0,11.203774534504804,56.0,11.914487172823186,51.0,0.7515260989163571,0.5916666666666663,0.358701923076923,0.4550466888222064,6,2.471302037201062,1,0,0,0,0,0,0,0,0,0,0,0,0,0,0,0
Beethoven,Beethoven_WoO80_var12_8bars_1_9.mid,95.8402662229618,67,85,54.014925373134325,42.0,1.1603389303482583,44.149253731343286,2.777681810329936,0.1492537313432835,0.0298507462686567,0.1044776119402985,0.0298507462686567,0.1044776119402985,0.0895522388059701,0.0746268656716417,0.208955223880597,0.0,0.1343283582089552,0.0149253731343283,0.0597014925373134,2.2031115827734515,0.0034699017351055,0.7775628482739125,0.7790697674418605,1.25,0.4558976906331041,1.4094156797494382,0.1492535820897015,new_midi_files\BigSynthPiano\midi\Beethoven_WoO80_var12_8bars_1_9.mid,24.120833333333334,1,1,1,0,0,11.144227522981712,57.0,12.189123768715012,67.0,0.8435856880699649,1.0385416666666671,0.3626578282828283,0.4560450021170867,6,3.223052340646053,1,0,0,0,0,0,0,0,0,0,0,0,0,0,0,0
Beethoven,Beethoven_WoO80_var12_8bars_24_9.mid,103.04114490160998,66,88,53.81818181818182,42.0,1.0537563131313128,55.45454545454545,3.405536146197259,0.1363636363636363,0.0303030303030303,0.0909090909090909,0.0303030303030303,0.106060606060606,0.0909090909090909,0.0757575757575757,0.2272727272727272,0.0,0.1363636363636363,0.0151515151515151,0.0606060606060606,2.1948329860857485,0.0037304866850321,0.7804053909046296,0.7415730337078652,1.3134328358208955,0.5330059132566055,1.5379275358449251,0.1515150000001515,new_midi_files\BigSynthPiano\midi\Beethoven_WoO80_var12_8bars_24_9.mid,19.38020833333333,1,1,1,0,0,11.159870058585714,55.0,14.562490024116045,63.0,0.6807916582142197,0.8635416666666664,0.2942628205128205,0.3521880118189258,7,3.588605213652241,1,0,0,0,0,0,0,0,0,0,0,0,0,0,0,0
Beethoven,Beethoven_WoO80_var12_8bars_26_9.mid,91.1032028469751,66,65,53.92424242424242,42.0,0.9937342171717172,55.22727272727273,2.744163887565507,0.1363636363636363,0.0303030303030303,0.106060606060606,0.0303030303030303,0.106060606060606,0.0909090909090909,0.0757575757575757,0.2121212121212121,0.0,0.1363636363636363,0.0151515151515151,0.0606060606060606,2.2070017159921176,0.00342439546985,0.7788704547891403,1.0,0.9701492537313432,0.599623802649188,1.359749296223509,0.1515150000001515,new_midi_files\BigSynthPiano\midi\Beethoven_WoO80_var12_8bars_26_9.mid,24.051041666666663,1,1,1,0,0,11.203774534504804,56.0,14.027889379403137,55.0,0.76391286031368,0.9406250000000008,0.3604807692307692,0.4368659506892596,6,2.7269695526008046,1,0,0,0,0,0,0,0,0,0,0,0,0,0,0,0
Beethoven,Beethoven_WoO80_var12_8bars_2_9.mid,97.75137887144678,64,84,53.421875,40.0,1.2036295572916669,54.1875,3.0185712881988795,0.140625,0.03125,0.109375,0.03125,0.109375,0.09375,0.078125,0.21875,0.0,0.125,0.015625,0.046875,2.1984726103173933,0.0035942925347222,0.7487569324596538,0.7529411764705882,1.2923076923076924,0.5487265152068466,1.5038673672530274,0.1562498437501562,new_midi_files\BigSynthPiano\midi\Beethoven_WoO80_var12_8bars_2_9.mid,21.20208333333333,1,1,1,0,0,11.003983209927894,55.0,16.262375095600273,64.0,0.691457227801996,1.098437500000001,0.3291335978835978,0.4095190497169316,7,3.633241623268152,1,0,0,0,0,0,0,0,0,0,0,0,0,0,0,0
Beethoven,Beethoven_WoO80_var12_8bars_4_9.mid,98.66392600205532,66,80,53.92424242424242,42.0,1.0148042929292926,51.15151515151515,2.8700851603551367,0.1363636363636363,0.0303030303030303,0.106060606060606,0.0303030303030303,0.106060606060606,0.0909090909090909,0.0757575757575757,0.2121212121212121,0.0,0.1363636363636363,0.0151515151515151,0.0606060606060606,2.2070017159921176,0.00342439546985,0.7788704547891403,0.8148148148148148,1.1940298507462686,0.5132400177618959,1.4725959104784376,0.1515150000001515,new_midi_files\BigSynthPiano\midi\Beethoven_WoO80_var12_8bars_4_9.mid,22.995833333333334,1,1,1,0,0,11.203774534504804,56.0,14.27568649757493,64.0,0.6580890666088873,0.9848958333333336,0.3391826923076923,0.4101922745090365,6,2.912574741801049,1,0,0,0,0,0,0,0,0,0,0,0,0,0,0,0
Beethoven,Beethoven_WoO80_var12_8bars_Score2_9.mid,82.10525631579002,66,40,53.92424242424242,42.0,1.3851691130997472,66.51515151515152,2.9809777764266685,0.1363636363636363,0.0303030303030303,0.106060606060606,0.0303030303030303,0.106060606060606,0.0909090909090909,0.0757575757575757,0.2121212121212121,0.0,0.1363636363636363,0.0151515151515151,0.0606060606060606,2.2070017159921176,0.00342439546985,0.7788704547891403,1.6097560975609757,0.5970149253731343,0.8003723767170865,1.225451586802836,0.1515150000001515,new_midi_files\BigSynthPiano\midi\Beethoven_WoO80_var12_8bars_Score2_9.mid,22.140386460416668,2,2,1,0,0,11.203774534504804,56.0,26.48855809260912,63.0,0.8384331229151656,0.9211539229166664,0.3372781346153846,0.4247020906259017,6,4.129158342742985,2,0,0,0,0,0,0,0,0,0,0,0,0,0,0,0
Beethoven,Beethoven_WoO80_var15_8bars_11_10.mid,251.11716621253413,170,145,62.15882352941176,58.0,0.2131004901960783,63.77058823529412,8.783638320775026,0.1058823529411764,0.0235294117647058,0.1058823529411764,0.0294117647058823,0.1176470588235294,0.1117647058823529,0.0411764705882352,0.188235294117647,0.0,0.1529411764705882,0.0352941176470588,0.088235294117647,2.229260341006203,0.0030324875048058,0.9330935782506002,1.1643835616438356,0.847953216374269,0.2529402864283175,1.4685214398393809,0.129411635294247,new_midi_files\BigSynthPiano\midi\Beethoven_WoO80_var15_8bars_11_10.mid,19.354166666666668,1,1,1,0,0,15.254837567281804,63.5,14.154203894577517,67.0,0.1704960186430336,0.1463541666666663,0.1106817061143984,0.1153698146215197,5,1.8717976318622176,1,0,0,0,0,0,0,0,0,0,0,0,0,0,0,0
Beethoven,Beethoven_WoO80_var15_8bars_18_10.mid,220.7954000958313,170,141,62.17058823529412,58.0,0.2418688725490197,59.59411764705882,7.60165820485351,0.1058823529411764,0.0235294117647058,0.1058823529411764,0.0294117647058823,0.1176470588235294,0.1117647058823529,0.0411764705882352,0.1823529411764705,0.0,0.1588235294117647,0.0352941176470588,0.088235294117647,2.2302771654590035,0.0030036524413687,0.9329170064721458,1.1971830985915493,0.8245614035087719,0.2686896014133293,1.2912011701510602,0.129411635294247,new_midi_files\BigSynthPiano\midi\Beethoven_WoO80_var15_8bars_18_10.mid,22.363541666666663,1,1,1,0,0,15.24082229933351,63.5,16.857010082672897,96.0,0.2029044584875782,0.1661458333333323,0.1255485700197238,0.1324946495359866,5,1.8386044995109243,1,0,0,0,0,0,0,0,0,0,0,0,0,0,0,0
Beethoven,Beethoven_WoO80_var15_8bars_22_10.mid,239.8236590742101,168,154,61.88690476190476,58.0,0.2348400297619048,59.20238095238095,9.470902577955252,0.1071428571428571,0.0238095238095238,0.1071428571428571,0.0297619047619047,0.119047619047619,0.1130952380952381,0.0416666666666666,0.1785714285714285,0.0,0.1547619047619047,0.0357142857142857,0.0892857142857142,2.2356077360376387,0.0029053287981859,0.93719340603554,1.0838709677419356,0.9112426035502958,0.2458329101881874,1.4190749057645569,0.1309522500001309,new_midi_files\BigSynthPiano\midi\Beethoven_WoO80_var15_8bars_22_10.mid,17.738541666666666,1,1,1,0,0,15.125044508095904,62.5,15.68421997537103,72.0,0.1629035881778523,0.2109375000000004,0.1029129241516966,0.0993441134966873,6,2.224147043279115,1,0,0,0,0,0,0,0,0,0,0,0,0,0,0,0
Beethoven,Beethoven_WoO80_var15_8bars_24_10.mid,246.1538461538458,169,155,61.976331360946745,58.0,0.2694711538461538,61.85207100591716,8.788732394366196,0.1065088757396449,0.0236686390532544,0.1065088757396449,0.029585798816568,0.1183431952662721,0.1183431952662721,0.0414201183431952,0.1775147928994082,0.0,0.1538461538461538,0.0355029585798816,0.0887573964497041,2.235140408689006,0.0029028998362179,0.9358411153182024,1.0833333333333333,0.9117647058823528,0.2502573679044271,1.4479638009049751,0.1301773846155148,new_midi_files\BigSynthPiano\midi\Beethoven_WoO80_var15_8bars_24_10.mid,19.229166666666668,1,1,1,0,0,15.124709459861684,63.0,16.431551006889144,88.0,0.2076581762078165,0.2635416666666665,0.1127418154761904,0.1237356992848371,5,2.368309859154928,1,0,0,0,0,0,0,0,0,0,0,0,0,0,0,0
Beethoven,Beethoven_WoO80_var15_8bars_26_10.mid,234.037613187834,168,140,61.88690476190476,58.0,0.2274305555555556,64.5,8.303130148270181,0.1071428571428571,0.0238095238095238,0.1071428571428571,0.0297619047619047,0.119047619047619,0.1130952380952381,0.0416666666666666,0.1785714285714285,0.0,0.1547619047619047,0.0357142857142857,0.0892857142857142,2.2356077360376387,0.0029053287981859,0.93719340603554,1.1914893617021276,0.8284023668639053,0.2744241618402319,1.384837947857006,0.1309522500001309,new_midi_files\BigSynthPiano\midi\Beethoven_WoO80_var15_8bars_26_10.mid,20.23333333333333,1,1,1,0,0,15.125044508095904,62.5,13.516744465749916,61.0,0.1716688603690997,0.1526041666666673,0.1177395209580838,0.1312118477893775,5,1.888385502471169,1,0,0,0,0,0,0,0,0,0,0,0,0,0,0,0
Beethoven,Beethoven_WoO80_var15_8bars_3_10.mid,256.12306213195524,170,130,62.24705882352941,58.0,0.218688725490196,61.3,9.316131978536363,0.1058823529411764,0.0235294117647058,0.1117647058823529,0.0294117647058823,0.1176470588235294,0.1117647058823529,0.0411764705882352,0.188235294117647,0.0,0.1529411764705882,0.0352941176470588,0.0823529411764705,2.227826820064512,0.0030555555555555,0.9317709168020172,1.297709923664122,0.7602339181286549,0.2384072416209049,1.4977956849821945,0.129411635294247,new_midi_files\BigSynthPiano\midi\Beethoven_WoO80_var15_8bars_3_10.mid,18.247916666666665,1,1,1,0,0,15.279671910823945,64.0,16.31450094782156,79.0,0.1400433553007727,0.2223958333333326,0.1039694280078895,0.1092456306389855,5,2.0373330288845763,1,0,0,0,0,0,0,0,0,0,0,0,0,0,0,0
Beethoven,Beethoven_WoO80_var15_8bars_4_10.mid,259.02192242833047,168,130,61.88690476190476,58.0,0.1934399801587301,61.91666666666666,9.775730391562616,0.1071428571428571,0.0238095238095238,0.1071428571428571,0.0297619047619047,0.119047619047619,0.1130952380952381,0.0416666666666666,0.1785714285714285,0.0,0.1547619047619047,0.0357142857142857,0.0892857142857142,2.2356077360376387,0.0029053287981859,0.93719340603554,1.282442748091603,0.7692307692307693,0.2381209479894245,1.532674097209056,0.1309522500001309,new_midi_files\BigSynthPiano\midi\Beethoven_WoO80_var15_8bars_4_10.mid,17.185416666666665,1,1,1,0,0,15.125044508095904,62.5,15.383361708687652,78.0,0.1298989657899294,0.1807291666666668,0.1013223552894211,0.1081980887720004,5,1.8910170929809669,1,0,0,0,0,0,0,0,0,0,0,0,0,0,0,0
Beethoven,Beethoven_WoO80_var15_8bars_Score2_10.mid,255.00012750006377,170,86,62.129411764705885,58.0,0.2918164630882353,80.0,10.035598385279007,0.1,0.0235294117647058,0.1058823529411764,0.0294117647058823,0.1176470588235294,0.1117647058823529,0.0411764705882352,0.2,0.0,0.1411764705882353,0.0352941176470588,0.0941176470588235,2.226706854928349,0.0031132256824298,0.9335353002555388,1.9540229885057472,0.5029239766081871,0.3124998443603513,1.4912288157898466,0.129411635294247,new_midi_files\BigSynthPiano\midi\Beethoven_WoO80_var15_8bars_Score2_10.mid,16.9396974125,2,2,1,0,0,15.288433332805107,63.5,0.0,0.0,0.111277897133326,0.2338234124999996,0.0988513254437869,0.1161358653774832,5,2.928552825766124,2,0,0,0,0,0,0,0,0,0,0,0,0,0,0,0
Beethoven,Beethoven_WoO80_var17_8bars_11_11.mid,188.7905604719761,173,146,67.35260115606937,55.0,0.2261681117533718,53.9942196531792,10.131153541145611,0.1734104046242774,0.0404624277456647,0.1676300578034682,0.0982658959537572,0.0173410404624277,0.0982658959537572,0.0057803468208092,0.1907514450867052,0.0289017341040462,0.0635838150289017,0.0289017341040462,0.0867052023121387,2.1971604267224256,0.0038115670048744,0.8165979968012828,1.1768707482993197,0.8390804597701149,0.2844937046337023,1.085003221103311,0.2023119364163873,new_midi_files\BigSynthPiano\midi\Beethoven_WoO80_var17_8bars_11_11.mid,17.076041666666665,1,1,1,0,0,12.433288184695876,67.0,11.98819125612246,54.0,0.2290003454031558,0.15625,0.0972383720930232,0.0812466251413892,7,2.291343866284391,1,0,0,0,0,0,0,0,0,0,0,0,0,0,0,0
Beethoven,Beethoven_WoO80_var17_8bars_14_11.mid,232.31661204940733,170,182,67.31764705882352,55.0,0.4030392156862743,49.94117647058823,5.99977941987427,0.1764705882352941,0.0294117647058823,0.1647058823529411,0.1,0.0176470588235294,0.1,0.0058823529411764,0.1941176470588235,0.0294117647058823,0.0647058823529411,0.0294117647058823,0.088235294117647,2.185876920843988,0.0039609765474817,0.8170220081358144,0.9289617486338798,1.064327485380117,0.2140489527595773,1.3585766786515052,0.1941174529413706,new_midi_files\BigSynthPiano\midi\Beethoven_WoO80_var17_8bars_14_11.mid,28.334375,1,1,1,0,0,12.520770287059614,67.0,14.877027645235234,73.0,0.4168694424403897,0.25,0.1577539447731755,0.1420422844278105,6,2.4181463916767747,1,0,0,0,0,0,0,0,0,0,0,0,0,0,0,0
Beethoven,Beethoven_WoO80_var17_8bars_19_11.mid,200.8810572687224,173,153,67.38728323699422,55.0,0.2155527456647399,55.63583815028902,9.38729369206421,0.1791907514450867,0.0289017341040462,0.1676300578034682,0.0982658959537572,0.0173410404624277,0.0982658959537572,0.0057803468208092,0.1965317919075144,0.0231213872832369,0.0693641618497109,0.0289017341040462,0.0867052023121387,2.1723336729937124,0.004140122363668,0.8161777199177608,1.1233766233766234,0.8793103448275862,0.2755872140902876,1.154488834877715,0.1849709132949826,new_midi_files\BigSynthPiano\midi\Beethoven_WoO80_var17_8bars_19_11.mid,18.429166666666667,1,1,1,0,0,12.47217759681452,67.0,15.227382128719167,62.0,0.2135436076505797,0.1552083333333334,0.1034520348837209,0.086429618028982,6,2.023456929685734,1,0,0,0,0,0,0,0,0,0,0,0,0,0,0,0
Beethoven,Beethoven_WoO80_var17_8bars_1_11.mid,194.4303797468355,168,176,67.5297619047619,55.0,0.2971788194444443,46.77976190476191,7.814710727783701,0.1666666666666666,0.0416666666666666,0.1726190476190476,0.0952380952380952,0.0178571428571428,0.1071428571428571,0.0059523809523809,0.1785714285714285,0.0297619047619047,0.0654761904761904,0.0297619047619047,0.0892857142857142,2.2109489420500608,0.0035667044595616,0.8144556952993781,0.9491525423728814,1.0414201183431953,0.2393679118126944,1.1504756198037605,0.2023807500002024,new_midi_files\BigSynthPiano\midi\Beethoven_WoO80_var17_8bars_1_11.mid,21.497916666666665,1,1,1,0,0,12.703545434640573,67.0,15.028316762206453,83.0,0.3505763718517067,0.1901041666666678,0.1200349301397205,0.1071809356136951,6,2.322366508382596,1,0,0,0,0,0,0,0,0,0,0,0,0,0,0,0
Beethoven,Beethoven_WoO80_var17_8bars_22_11.mid,187.70552510739168,171,189,67.3157894736842,55.0,0.3576449805068226,57.45029239766082,7.958500993843022,0.1812865497076023,0.0292397660818713,0.1695906432748538,0.0994152046783625,0.0175438596491228,0.0994152046783625,0.0058479532163742,0.1871345029239766,0.0292397660818713,0.0643274853801169,0.0292397660818713,0.087719298245614,2.183926762400753,0.0039848443395688,0.8170445539297526,0.9,1.0988372093023255,0.3044441457925837,1.091311192484835,0.1929822631580877,new_midi_files\BigSynthPiano\midi\Beethoven_WoO80_var17_8bars_22_11.mid,21.48645833333333,1,1,1,0,0,12.507061717197368,67.0,17.564971702472384,87.0,0.3389808342021232,0.234375,0.1196629901960784,0.0939250274474791,7,2.846317932806516,1,0,0,0,0,0,0,0,0,0,0,0,0,0,0,0
Beethoven,Beethoven_WoO80_var17_8bars_24_11.mid,209.57178841309832,174,145,67.47126436781609,55.0,0.2207435344827585,55.747126436781606,10.732459521973787,0.1724137931034483,0.0402298850574712,0.1666666666666666,0.0977011494252873,0.0229885057471264,0.0977011494252873,0.0057471264367816,0.1896551724137931,0.028735632183908,0.0632183908045977,0.028735632183908,0.0862068965517241,2.206986146311643,0.0037075571409697,0.815161827782099,1.1917808219178083,0.8285714285714286,0.2647416677081987,1.197553076646276,0.2011492241381322,new_midi_files\BigSynthPiano\midi\Beethoven_WoO80_var17_8bars_24_11.mid,16.2125,1,1,1,0,0,12.473271727849768,67.0,16.77725498542842,77.0,0.2311872631756279,0.1343750000000003,0.0892882947976878,0.0768951088692507,6,2.36912104857363,1,0,0,0,0,0,0,0,0,0,0,0,0,0,0,0
Beethoven,Beethoven_WoO80_var17_8bars_26_11.mid,196.1566528825104,171,174,67.3157894736842,55.0,0.3394797758284599,52.099415204678365,7.901044424122829,0.1812865497076023,0.0292397660818713,0.1695906432748538,0.0994152046783625,0.0175438596491228,0.0994152046783625,0.0058479532163742,0.1871345029239766,0.0292397660818713,0.0643274853801169,0.0292397660818713,0.087719298245614,2.183926762400753,0.0039848443395688,0.8170445539297526,0.9771428571428572,1.0116279069767442,0.2642539039031336,1.140445656293665,0.1929822631580877,new_midi_files\BigSynthPiano\midi\Beethoven_WoO80_var17_8bars_26_11.mid,21.64270833333333,1,1,1,0,0,12.507061717197368,67.0,15.252515839168838,79.0,0.3504777509079748,0.2302083333333335,0.1247855392156862,0.1082977940067064,7,2.68224478991192,1,0,0,0,0,0,0,0,0,0,0,0,0,0,0,0
Beethoven,Beethoven_WoO80_var17_8bars_3_11.mid,181.73719376391983,169,157,67.2189349112426,55.0,0.2759923570019724,51.18934911242604,9.584120982986768,0.1834319526627219,0.029585798816568,0.1715976331360946,0.1005917159763313,0.0236686390532544,0.1005917159763313,0.0059171597633136,0.1775147928994082,0.029585798816568,0.059171597633136,0.029585798816568,0.0887573964497041,2.196148964290512,0.0038424094238841,0.8182218188134255,1.0696202531645569,0.923529411764706,0.2801255073368266,1.0690423162583522,0.1952660769232722,new_midi_files\BigSynthPiano\midi\Beethoven_WoO80_var17_8bars_3_11.mid,17.633333333333333,1,1,1,0,0,12.634811357403938,67.0,14.47665756897098,75.0,0.2855110370216769,0.1645833333333328,0.1001364087301587,0.0769145278295093,6,2.6451441398865807,1,0,0,0,0,0,0,0,0,0,0,0,0,0,0,0
Beethoven,Beethoven_WoO80_var17_8bars_4_11.mid,232.6489397509262,172,151,67.29651162790698,55.0,0.2773982558139535,54.31976744186046,8.66271444310372,0.1802325581395348,0.0290697674418604,0.1686046511627907,0.0988372093023255,0.0174418604651162,0.0988372093023255,0.005813953488372,0.1976744186046511,0.0290697674418604,0.063953488372093,0.0232558139534883,0.0872093023255814,2.169217217382297,0.0042046000841295,0.8172786055661408,1.131578947368421,0.8728323699421965,0.2324845449748938,1.3447915592539086,0.1860463255815814,new_midi_files\BigSynthPiano\midi\Beethoven_WoO80_var17_8bars_4_11.mid,19.855208333333334,1,1,1,0,0,12.485777468545995,67.0,14.475603532161806,64.0,0.2801489613985758,0.1994791666666664,0.1137183235867446,0.1012156329886331,7,2.4030218771313163,1,0,0,0,0,0,0,0,0,0,0,0,0,0,0,0
Beethoven,Beethoven_WoO80_var17_8bars_7_11.mid,200.64692709629205,173,178,67.3699421965318,55.0,0.3138668111753371,49.58959537572255,7.9624125035957425,0.1791907514450867,0.0289017341040462,0.1676300578034682,0.0982658959537572,0.0173410404624277,0.1040462427745664,0.0057803468208092,0.1907514450867052,0.0289017341040462,0.0635838150289017,0.0289017341040462,0.0867052023121387,2.181521321515125,0.0040120414610875,0.8163878042698335,0.9664804469273744,1.0229885057471264,0.2459228915104772,1.1531432591740922,0.1907512543354508,new_midi_files\BigSynthPiano\midi\Beethoven_WoO80_var17_8bars_7_11.mid,21.727083333333333,1,1,1,0,0,12.456241024445797,67.0,14.307090540031968,75.0,0.2959008217904826,0.2312499999999999,0.1181080426356589,0.1059722592293624,6,2.4991370217662285,1,0,0,0,0,0,0,0,0,0,0,0,0,0,0,0
Beethoven,Beethoven_WoO80_var17_8bars_Score2_11.mid,200.0,172,108,67.31395348837209,55.0,0.2327761627906976,67.61046511627907,11.945481378591891,0.1802325581395348,0.0290697674418604,0.1686046511627907,0.0988372093023255,0.0174418604651162,0.0988372093023255,0.005813953488372,0.191860465116279,0.0290697674418604,0.063953488372093,0.0290697674418604,0.0872093023255814,2.180900334769877,0.0040412234841656,0.8170668387860169,1.5779816513761469,0.6242774566473989,0.3363704732153188,1.1560693641618496,0.1918602732560058,new_midi_files\BigSynthPiano\midi\Beethoven_WoO80_var17_8bars_Score2_11.mid,14.39875,2,2,1,0,0,12.470674090718049,67.0,21.890703820050085,63.0,0.2024869810955331,0.1487499999999997,0.0833333333333333,0.0745355992499929,5,2.780623317996352,2,0,0,0,0,0,0,0,0,0,0,0,0,0,0,0
Beethoven,Beethoven_WoO80_var18_8bars_11_12.mid,196.252129471891,178,99,68.48314606741573,63.0,0.2610135767790262,82.7247191011236,11.195702024503705,0.1741573033707865,0.0,0.1292134831460674,0.0786516853932584,0.0505617977528089,0.1123595505617977,0.0280898876404494,0.1573033707865168,0.0449438202247191,0.095505617977528,0.0561797752808988,0.0730337078651685,2.273212160337009,0.002518796728808,0.9199343590034196,1.78,0.553072625698324,0.4193856833008847,1.09638061157481,0.2078649606743651,new_midi_files\BigSynthPiano\midi\Beethoven_WoO80_var18_8bars_11_12.mid,15.898958333333333,1,1,1,0,0,16.088667488730504,72.0,9.338668924458474,46.0,0.4654365671124625,0.0822916666666664,0.0846398305084745,0.1124262363049717,9,2.922230229967895,1,0,0,0,0,0,0,0,0,0,0,0,0,0,0,0
Beethoven,Beethoven_WoO80_var18_8bars_14_12.mid,191.808191808192,180,105,68.25555555555556,63.0,0.2609953703703703,79.22777777777777,8.710555499546325,0.1666666666666666,0.0,0.1388888888888889,0.0722222222222222,0.0611111111111111,0.1166666666666666,0.0333333333333333,0.1555555555555555,0.0388888888888888,0.1,0.05,0.0666666666666666,2.273744490269404,0.0025051440329218,0.9230017771332965,1.69811320754717,0.580110497237569,0.4109149981376028,1.0597137668960883,0.1944442500001944,new_midi_files\BigSynthPiano\midi\Beethoven_WoO80_var18_8bars_14_12.mid,20.664583333333333,1,1,1,0,0,16.551643833174,72.0,14.877585883751271,100.0,0.5348146364746548,0.0619791666666666,0.1064711359404096,0.1526511748055159,8,2.2734146587357573,1,0,0,0,0,0,0,0,0,0,0,0,0,0,0,0
Beethoven,Beethoven_WoO80_var18_8bars_19_12.mid,201.1428571428572,178,92,68.71910112359551,63.0,0.227065777153558,82.25280898876404,10.533193614004809,0.1685393258426966,0.0,0.1404494382022472,0.0786516853932584,0.0505617977528089,0.1179775280898876,0.0280898876404494,0.1516853932584269,0.0393258426966292,0.1011235955056179,0.0449438202247191,0.0786516853932584,2.2636386352889857,0.0026029611861577,0.916775657031878,1.913978494623656,0.5139664804469274,0.4069043554214475,1.1237031125299284,0.1910110449440112,new_midi_files\BigSynthPiano\midi\Beethoven_WoO80_var18_8bars_19_12.mid,16.898958333333333,1,1,1,0,0,16.224886394605786,72.0,12.627245288274729,103.0,0.4492993676944319,0.0557291666666674,0.0866701977401129,0.1144242892848835,7,2.3917277938728967,1,0,0,0,0,0,0,0,0,0,0,0,0,0,0,0
Beethoven,Beethoven_WoO80_var18_8bars_1_12.mid,210.5391410295464,181,101,68.85635359116021,65.0,0.2871777163904236,79.83977900552486,9.485751719620046,0.1657458563535911,0.0,0.1325966850828729,0.0828729281767955,0.0552486187845303,0.1325966850828729,0.0165745856353591,0.154696132596685,0.0331491712707182,0.1049723756906077,0.0497237569060773,0.0718232044198895,2.244679722491599,0.0027647626412163,0.9439942091901669,1.7745098039215683,0.554945054945055,0.3774231975082728,1.1568084671953098,0.1823202596686906,new_midi_files\BigSynthPiano\midi\Beethoven_WoO80_var18_8bars_1_12.mid,19.08125,1,1,1,0,0,16.221918395413642,72.0,12.025376848521276,97.0,0.567461190196685,0.0625,0.1038888888888889,0.1515290508144915,7,2.724096517087021,1,0,0,0,0,0,0,0,0,0,0,0,0,0,0,0
Beethoven,Beethoven_WoO80_var18_8bars_22_12.mid,236.42893791688064,181,100,68.49171270718232,63.0,0.2455743554327807,81.93922651933701,10.85186110417187,0.1657458563535911,0.0,0.1325966850828729,0.0718232044198895,0.0607734806629834,0.1160220994475138,0.0331491712707182,0.1602209944751381,0.0441988950276243,0.0939226519337016,0.0497237569060773,0.0718232044198895,2.279784145349529,0.0024340849044765,0.9198192976940154,1.792079207920792,0.5494505494505495,0.3451105296525497,1.2990600984443992,0.1988948287294806,new_midi_files\BigSynthPiano\midi\Beethoven_WoO80_var18_8bars_22_12.mid,16.679166666666667,1,1,1,0,0,16.277503298762365,72.0,13.666172192137529,71.0,0.4579647944128704,0.0739583333333335,0.0883969907407407,0.1232440204981661,8,2.664938795903073,1,0,0,0,0,0,0,0,0,0,0,0,0,0,0,0
Beethoven,Beethoven_WoO80_var18_8bars_24_12.mid,201.86915887850475,175,99,68.44,63.0,0.271970238095238,83.37714285714286,10.295379335702906,0.1714285714285714,0.0,0.1371428571428571,0.0742857142857142,0.0571428571428571,0.1085714285714285,0.0285714285714285,0.16,0.04,0.1028571428571428,0.0457142857142857,0.0742857142857142,2.264211120855086,0.0026365079365079,0.9205143056616848,1.75,0.5625,0.4109897399785452,1.1469838572642317,0.1885712400001885,new_midi_files\BigSynthPiano\midi\Beethoven_WoO80_var18_8bars_24_12.mid,16.997916666666665,1,1,1,0,0,16.22645459031111,72.0,10.01972585066323,51.0,0.5379488743605074,0.0520833333333321,0.0936302681992337,0.1345307397864945,8,2.800036769211913,1,0,0,0,0,0,0,0,0,0,0,0,0,0,0,0
Beethoven,Beethoven_WoO80_var18_8bars_2_12.mid,211.47826086956536,177,96,68.32768361581921,63.0,0.2701506591337099,80.06214689265536,10.672696438665913,0.1694915254237288,0.0,0.135593220338983,0.0790960451977401,0.0508474576271186,0.1186440677966101,0.0282485875706214,0.1581920903954802,0.0451977401129943,0.096045197740113,0.03954802259887,0.0790960451977401,2.2626850021468927,0.0026340078947088,0.9220274381347068,1.824742268041237,0.5393258426966292,0.3768015916781403,1.1880801172447493,0.1920902033900226,new_midi_files\BigSynthPiano\midi\Beethoven_WoO80_var18_8bars_2_12.mid,16.584375,1,1,1,0,0,16.25137879422729,72.0,12.63219731282622,92.0,0.5051755392590452,0.0770833333333325,0.088973721590909,0.1299851477755291,8,2.8832359776395946,1,0,0,0,0,0,0,0,0,0,0,0,0,0,0,0
Beethoven,Beethoven_WoO80_var18_8bars_4_12.mid,223.49206349206403,176,108,68.60795454545455,63.0,0.2803385416666666,80.0284090909091,9.514049214482798,0.1704545454545454,0.0,0.1363636363636363,0.0795454545454545,0.0511363636363636,0.1193181818181818,0.0284090909090909,0.1534090909090909,0.0397727272727272,0.1022727272727272,0.0454545454545454,0.0738636363636363,2.2635025734067384,0.0026167211891643,0.9182608561810426,1.614678899082569,0.6101694915254238,0.3564865850758156,1.2626670253788927,0.1931816250001932,new_midi_files\BigSynthPiano\midi\Beethoven_WoO80_var18_8bars_4_12.mid,18.49895833333333,1,1,1,0,0,16.263447034761093,72.0,10.33662342511541,69.0,0.5468766755137573,0.0750000000000006,0.1025416666666666,0.1427559470448312,7,2.667154682133004,1,0,0,0,0,0,0,0,0,0,0,0,0,0,0,0
Beethoven,Beethoven_WoO80_var18_8bars_7_12.mid,226.42878742062325,183,98,68.0327868852459,63.0,0.235780965391621,81.51366120218579,10.95330132801297,0.1639344262295081,0.0,0.1366120218579235,0.0765027322404371,0.0601092896174863,0.1147540983606557,0.0273224043715847,0.1639344262295081,0.0437158469945355,0.0983606557377049,0.0437158469945355,0.0710382513661202,2.266908840974289,0.0025835597758467,0.926024082774104,1.8484848484848484,0.532608695652174,0.3584139990661276,1.2305912359816482,0.1912566393444535,new_midi_files\BigSynthPiano\midi\Beethoven_WoO80_var18_8bars_7_12.mid,16.707291666666666,1,1,1,0,0,16.414008957213294,72.0,14.449784131916523,95.0,0.4525359987597743,0.0593749999999992,0.0883756868131868,0.1151318968822379,8,2.5825799613442224,1,0,0,0,0,0,0,0,0,0,0,0,0,0,0,0
Beethoven,Beethoven_WoO80_var23_8bars_11_13.mid,200.8134805345732,218,107,55.41743119266055,39.0,0.1544103593272169,38.37155963302752,11.841792564929554,0.1146788990825688,0.0275229357798165,0.091743119266055,0.0458715596330275,0.036697247706422,0.055045871559633,0.0275229357798165,0.3899082568807339,0.0642201834862385,0.0275229357798165,0.0275229357798165,0.091743119266055,2.0480003995463822,0.0093595984251232,0.7037496768961651,2.0185185185185186,0.4885844748858447,0.1901337786325626,0.9169565321213388,0.1926603577983578,new_midi_files\BigSynthPiano\midi\Beethoven_WoO80_var23_8bars_11_13.mid,18.409375,1,1,1,0,0,12.570719904039546,60.0,12.331228290220178,69.0,0.0497710672272218,0.151562499999998,0.0806931643625191,0.0811059243018554,4,1.828495445029139,1,0,0,0,0,0,0,0,0,0,0,0,0,0,0,0
Beethoven,Beethoven_WoO80_var23_8bars_14_13.mid,216.3786626596542,226,136,55.376106194690266,39.0,0.2584301253687315,32.991150442477874,7.883720930232558,0.1150442477876106,0.0265486725663716,0.084070796460177,0.0442477876106194,0.0353982300884955,0.0530973451327433,0.0265486725663716,0.415929203539823,0.0619469026548672,0.0265486725663716,0.0265486725663716,0.084070796460177,1.999746530418392,0.0108101434898756,0.7042748574377853,1.6496350364963503,0.5991189427312775,0.1517681176193981,0.9532099676636748,0.1858405221240796,new_midi_files\BigSynthPiano\midi\Beethoven_WoO80_var23_8bars_14_13.mid,28.666666666666668,1,1,1,0,0,12.340133634309495,60.0,9.26693195615582,49.0,0.1184098724895673,0.2291666666666678,0.1182824074074074,0.1347519952464826,5,2.0373909883720933,1,0,0,0,0,0,0,0,0,0,0,0,0,0,0,0
Beethoven,Beethoven_WoO80_var23_8bars_18_13.mid,196.5870307167235,223,137,55.408071748878925,39.0,0.2283819133034379,46.502242152466366,10.592251744099746,0.1121076233183856,0.0269058295964125,0.0896860986547085,0.0448430493273542,0.0358744394618834,0.0538116591928251,0.0269058295964125,0.4035874439461883,0.0627802690582959,0.0269058295964125,0.0269058295964125,0.0896860986547085,2.022806972711602,0.0101029524467055,0.7038685531755676,1.615942028985507,0.6116071428571429,0.2353506805774903,0.8776206728425155,0.188340618834269,new_midi_files\BigSynthPiano\midi\Beethoven_WoO80_var23_8bars_18_13.mid,21.053125,1,1,1,0,0,12.429147262101834,60.0,13.507637580260218,83.0,0.0984147022663476,0.2104166666666671,0.0919012762762762,0.0991912547160024,5,2.419078719509175,1,0,0,0,0,0,0,0,0,0,0,0,0,0,0,0
Beethoven,Beethoven_WoO80_var23_8bars_1_13.mid,213.66306027820733,220,106,55.25909090909091,39.0,0.1296496212121211,35.236363636363635,11.589749218021185,0.1045454545454545,0.0272727272727272,0.0909090909090909,0.0454545454545454,0.0363636363636363,0.0545454545454545,0.0272727272727272,0.4045454545454545,0.0636363636363636,0.0272727272727272,0.0272727272727272,0.0909090909090909,2.026065782542425,0.0100975665748393,0.7057662124480903,2.05607476635514,0.4796380090497738,0.1641473087670353,0.9668011777294452,0.1909089000001909,new_midi_files\BigSynthPiano\midi\Beethoven_WoO80_var23_8bars_1_13.mid,18.982291666666665,1,1,1,0,0,12.456147043670995,60.0,9.128802841682695,56.0,0.0513817668303557,0.1234375,0.0788146879756468,0.0847953407381537,4,1.5026065960599235,1,0,0,0,0,0,0,0,0,0,0,0,0,0,0,0
Beethoven,Beethoven_WoO80_var23_8bars_22_13.mid,202.9757243539546,221,112,55.41176470588236,39.0,0.165035822021116,38.59276018099548,11.639236339697169,0.1131221719457013,0.0271493212669683,0.090497737556561,0.0452488687782805,0.0361990950226244,0.0542986425339366,0.0271493212669683,0.3981900452488687,0.0633484162895927,0.0271493212669683,0.0271493212669683,0.090497737556561,2.0328408939933422,0.0098054856006679,0.703821643349291,1.9557522123893805,0.5045045045045045,0.1892027117600833,0.9143050646574532,0.1900450588237194,new_midi_files\BigSynthPiano\midi\Beethoven_WoO80_var23_8bars_22_13.mid,18.9875,1,1,1,0,0,12.485200181921222,60.0,8.312708587194008,53.0,0.0637733340567783,0.1604166666666664,0.0834611742424242,0.0808580559066159,5,1.920890937019966,1,0,0,0,0,0,0,0,0,0,0,0,0,0,0,0
Beethoven,Beethoven_WoO80_var23_8bars_26_13.mid,200.1895734597156,226,150,55.42477876106194,39.0,0.2411596607669615,39.97345132743363,9.200627623934524,0.1150442477876106,0.0265486725663716,0.0884955752212389,0.0442477876106194,0.0353982300884955,0.0530973451327433,0.0265486725663716,0.4070796460176991,0.0619469026548672,0.0265486725663716,0.0265486725663716,0.0884955752212389,2.013571976041053,0.0103304661463092,0.7036563820033258,1.4966887417218544,0.6607929515418502,0.1986855016392664,0.8818923940956633,0.1858405221240796,new_midi_files\BigSynthPiano\midi\Beethoven_WoO80_var23_8bars_26_13.mid,24.563541666666666,1,1,1,0,0,12.350203545121053,60.0,10.920436453554707,70.0,0.1380680987169613,0.2182291666666662,0.1024675925925926,0.1142250793014678,6,2.218820236631185,1,0,0,0,0,0,0,0,0,0,0,0,0,0,0,0
Beethoven,Beethoven_WoO80_var23_8bars_2_13.mid,226.90565294465247,220,110,55.41818181818182,39.0,0.1143560606060605,43.52727272727272,13.380638621388748,0.1181818181818181,0.0272727272727272,0.0909090909090909,0.0454545454545454,0.0363636363636363,0.0545454545454545,0.0272727272727272,0.3954545454545454,0.0636363636363636,0.0272727272727272,0.0272727272727272,0.0863636363636363,2.036660293577461,0.0096774563820018,0.7037401447815919,1.981981981981982,0.497737556561086,0.1909881223430796,1.0267224115142646,0.1909089000001909,new_midi_files\BigSynthPiano\midi\Beethoven_WoO80_var23_8bars_2_13.mid,16.441666666666666,1,1,1,0,0,12.514995963520809,60.0,13.922322880186528,83.0,0.0525043366824686,0.1010416666666671,0.0650447108066971,0.0656076719549484,5,1.530157121135326,1,0,0,0,0,0,0,0,0,0,0,0,0,0,0,0
Beethoven,Beethoven_WoO80_var23_8bars_4_13.mid,208.9227421109905,227,130,55.40088105726872,39.0,0.211522577092511,40.55066079295154,10.071171087900916,0.1101321585903083,0.026431718061674,0.0881057268722467,0.0440528634361233,0.0352422907488986,0.052863436123348,0.026431718061674,0.4140969162995594,0.0616740088105726,0.026431718061674,0.026431718061674,0.0881057268722467,2.0029227517134136,0.0106977246900882,0.7039599109574667,1.732824427480916,0.5701754385964912,0.1931694507473209,0.916327816276274,0.1850218414098766,new_midi_files\BigSynthPiano\midi\Beethoven_WoO80_var23_8bars_4_13.mid,22.539583333333333,1,1,1,0,0,12.319269641909852,60.0,7.527385362817363,51.0,0.1123362788789854,0.1875,0.0973128687315634,0.1128653443898998,5,2.130280062852389,1,0,0,0,0,0,0,0,0,0,0,0,0,0,0,0
Beethoven,Beethoven_WoO80_var23_8bars_7_13.mid,203.4886288363876,226,116,55.42477876106194,39.0,0.1797428097345132,40.7566371681416,11.833751499945455,0.1150442477876106,0.0265486725663716,0.0884955752212389,0.0442477876106194,0.0353982300884955,0.0530973451327433,0.0265486725663716,0.4070796460176991,0.0619469026548672,0.0265486725663716,0.0265486725663716,0.0884955752212389,2.013571976041053,0.0103304661463092,0.7036563820033258,1.931623931623932,0.5110132158590308,0.1993100418348992,0.8964256776933375,0.1858405221240796,new_midi_files\BigSynthPiano\midi\Beethoven_WoO80_var23_8bars_7_13.mid,19.097916666666663,1,1,1,0,0,12.350203545121053,60.0,8.81411153450473,56.0,0.0728204651034965,0.1739583333333341,0.0821759259259259,0.090324085938834,5,2.127031744300208,1,0,0,0,0,0,0,0,0,0,0,0,0,0,0,0
Beethoven,Beethoven_WoO80_var23_8bars_Score2_13.mid,219.9998166668196,228,108,55.42105263157895,39.0,0.1596293196271929,45.0921052631579,17.416652152789876,0.1140350877192982,0.0263157894736842,0.087719298245614,0.043859649122807,0.0350877192982456,0.0526315789473684,0.0263157894736842,0.4122807017543859,0.0614035087719298,0.0263157894736842,0.0263157894736842,0.087719298245614,2.003736840807485,0.010625064122294,0.7037036910062963,2.091743119266055,0.4716157205240174,0.2040368446600975,0.960697889374758,0.1842103421054473,new_midi_files\BigSynthPiano\midi\Beethoven_WoO80_var23_8bars_Score2_13.mid,13.09092,2,2,1,0,0,12.295980470628278,60.0,14.398627156396527,71.0,0.0508456651102762,0.1352273854166665,0.0570685297356828,0.0672700649289987,4,2.780208333333332,2,0,0,0,0,0,0,0,0,0,0,0,0,0,0,0
Beethoven,Beethoven_WoO80_var23_8bars_Score_13.mid,219.9998166668196,228,108,55.42105263157895,39.0,0.1596293196271929,46.12280701754386,17.427241622525784,0.1140350877192982,0.0263157894736842,0.087719298245614,0.043859649122807,0.0350877192982456,0.0526315789473684,0.0263157894736842,0.4122807017543859,0.0614035087719298,0.0263157894736842,0.0263157894736842,0.087719298245614,2.003736840807485,0.010625064122294,0.7037036910062963,2.091743119266055,0.4716157205240174,0.2087006573723943,0.960697889374758,0.1842103421054473,new_midi_files\BigSynthPiano\midi\Beethoven_WoO80_var23_8bars_Score_13.mid,13.082965447916663,2,2,1,0,0,12.295980470628278,60.0,16.65287518027369,71.0,0.0508456651102762,0.1352273854166665,0.0570685297356828,0.0672700649289987,4,2.781898723182488,2,0,0,0,0,0,0,0,0,0,0,0,0,0,0,0
Beethoven,Beethoven_WoO80_var25_8bars_11_14.mid,219.0552441953563,131,107,68.41221374045801,63.0,0.1077369592875318,64.05343511450381,9.582444376714417,0.1755725190839694,0.0229007633587786,0.099236641221374,0.099236641221374,0.0534351145038167,0.1374045801526717,0.0305343511450381,0.1755725190839694,0.0763358778625954,0.0381679389312977,0.0458015267175572,0.0458015267175572,2.29516183831751,0.0027237955571094,0.920888181138546,1.212962962962963,0.8106060606060606,0.2910788849805357,1.659509425722396,0.274808885496458,new_midi_files\BigSynthPiano\midi\Beethoven_WoO80_var25_8bars_11_14.mid,13.670833333333333,1,1,1,0,0,14.001564922900329,71.0,10.97624984769718,49.0,0.0490162498057139,0.1010416666666667,0.1041346153846154,0.0507145355588128,5,1.0323834196891195,1,0,0,0,0,0,0,0,0,0,0,0,0,0,0,0
Beethoven,Beethoven_WoO80_var25_8bars_14_14.mid,174.73456121343455,132,115,68.54545454545455,63.0,0.110440340909091,54.81818181818182,6.794638069705094,0.1818181818181818,0.0227272727272727,0.0984848484848484,0.0909090909090909,0.053030303030303,0.1439393939393939,0.0303030303030303,0.1742424242424242,0.0757575757575757,0.0378787878787878,0.0454545454545454,0.0454545454545454,2.2878491908026,0.0028600397918579,0.9190981298274808,1.137931034482759,0.8646616541353384,0.3119373983106465,1.3137936933340943,0.2651512500002652,new_midi_files\BigSynthPiano\midi\Beethoven_WoO80_var25_8bars_14_14.mid,19.42708333333333,1,1,1,0,0,13.96335226983729,72.0,12.949680107092728,72.0,0.0968626500753444,0.0656250000000002,0.1409192111959287,0.0880173420465927,5,0.7504021447721184,1,0,0,0,0,0,0,0,0,0,0,0,0,0,0,0
Beethoven,Beethoven_WoO80_var25_8bars_19_14.mid,195.71865443425068,143,73,72.1958041958042,58.0,0.0496722027972028,60.61538461538461,10.841889117043122,0.1818181818181818,0.0349650349650349,0.1048951048951049,0.1188811188811188,0.0279720279720279,0.1188811188811188,0.0419580419580419,0.1538461538461538,0.0349650349650349,0.0699300699300699,0.0489510489510489,0.0629370629370629,2.316160662281938,0.0024080911318673,0.8033707753891882,1.9324324324324325,0.5069444444444444,0.3081323669568109,1.359157322460074,0.2797200000002797,new_midi_files\BigSynthPiano\midi\Beethoven_WoO80_var25_8bars_19_14.mid,13.189583333333331,1,1,1,0,0,10.898937358388675,72.0,13.059799566310764,60.0,0.0475691480387052,0.0395833333333333,0.0877494131455399,0.0869261912745918,6,0.5385405149265524,1,0,0,0,0,0,0,0,0,0,0,0,0,0,0,0
Beethoven,Beethoven_WoO80_var25_8bars_1_14.mid,215.0591163658991,132,108,68.50757575757575,63.0,0.1277935606060606,49.48484848484848,8.905755850727388,0.1742424242424242,0.0227272727272727,0.0984848484848484,0.0984848484848484,0.053030303030303,0.1363636363636363,0.0303030303030303,0.1742424242424242,0.0757575757575757,0.0454545454545454,0.0454545454545454,0.0454545454545454,2.301832106113852,0.0026304713804713,0.919606311911088,1.211009174311927,0.8120300751879699,0.2290338372070596,1.6169858373375872,0.2727270000002728,new_midi_files\BigSynthPiano\midi\Beethoven_WoO80_var25_8bars_1_14.mid,14.821875,1,1,1,0,0,13.991066528606645,71.5,11.278489078158213,51.0,0.0865716214796358,0.1062500000000001,0.1102894402035623,0.0595746446700079,5,1.138098250052709,1,0,0,0,0,0,0,0,0,0,0,0,0,0,0,0
Beethoven,Beethoven_WoO80_var25_8bars_22_14.mid,218.73417721518976,131,101,68.6793893129771,63.0,0.0891062340966921,52.31297709923664,9.415992812219228,0.1679389312977099,0.0229007633587786,0.099236641221374,0.099236641221374,0.0534351145038167,0.1374045801526717,0.0305343511450381,0.1755725190839694,0.0763358778625954,0.0381679389312977,0.0458015267175572,0.0534351145038167,2.304647477739986,0.0025684044571347,0.9173057552331828,1.2843137254901962,0.7651515151515151,0.2380739207811335,1.657077100115074,0.274808885496458,new_midi_files\BigSynthPiano\midi\Beethoven_WoO80_var25_8bars_22_14.mid,13.9125,1,1,1,0,0,13.943324307955846,72.0,12.06096724278516,63.0,0.0381230619071547,0.0812499999999998,0.1032371794871794,0.0593770026306791,5,0.8390236597783769,1,0,0,0,0,0,0,0,0,0,0,0,0,0,0,0
Beethoven,Beethoven_WoO80_var25_8bars_24_14.mid,222.7722772277227,132,103,68.43939393939394,63.0,0.094113005050505,59.90909090909091,9.50281214848144,0.1818181818181818,0.0227272727272727,0.0984848484848484,0.0984848484848484,0.053030303030303,0.1363636363636363,0.0303030303030303,0.1742424242424242,0.0757575757575757,0.0378787878787878,0.0454545454545454,0.0454545454545454,2.290820305290844,0.0028026476890113,0.9205224572161872,1.2692307692307692,0.7744360902255639,0.2677234716082555,1.6749795280279902,0.2727270000002728,new_midi_files\BigSynthPiano\midi\Beethoven_WoO80_var25_8bars_24_14.mid,13.890625,1,1,1,0,0,13.95189656693701,71.5,12.259476572848468,71.0,0.0548208878397369,0.0817708333333335,0.1017811704834605,0.0571457470550136,5,0.8943382077240344,1,0,0,0,0,0,0,0,0,0,0,0,0,0,0,0
Beethoven,Beethoven_WoO80_var25_8bars_26_14.mid,216.7635990420802,132,113,68.43181818181819,63.0,0.1370580808080808,62.61363636363637,9.709600796873804,0.1742424242424242,0.0227272727272727,0.0984848484848484,0.0984848484848484,0.053030303030303,0.1363636363636363,0.0303030303030303,0.1742424242424242,0.0757575757575757,0.0378787878787878,0.0454545454545454,0.053030303030303,2.3005635684259405,0.0026400367309458,0.920624363830132,1.1578947368421053,0.849624060150376,0.2875303156223875,1.6298014965569938,0.2727270000002728,new_midi_files\BigSynthPiano\midi\Beethoven_WoO80_var25_8bars_26_14.mid,13.594791666666666,1,1,1,0,0,13.94371433375941,71.5,11.760003947170492,64.0,0.0752351813416456,0.1145833333333334,0.1028864503816793,0.0564204908605741,6,1.3307792506321363,1,0,0,0,0,0,0,0,0,0,0,0,0,0,0,0
Beethoven,Beethoven_WoO80_var25_8bars_2_14.mid,241.6666666666669,131,80,68.36641221374046,63.0,0.0848520992366412,58.93893129770992,10.089049338146811,0.183206106870229,0.0229007633587786,0.099236641221374,0.099236641221374,0.0534351145038167,0.1374045801526717,0.0229007633587786,0.1755725190839694,0.0763358778625954,0.0381679389312977,0.0458015267175572,0.0458015267175572,2.2806001254677826,0.0029180344320779,0.9215051227426116,1.617283950617284,0.6060606060606061,0.2428802113916615,1.8308080808080829,0.2671753053437786,new_midi_files\BigSynthPiano\midi\Beethoven_WoO80_var25_8bars_2_14.mid,12.984375,1,1,1,0,0,13.979923503853348,71.0,15.577805568782512,69.0,0.065875159277067,0.0656249999999998,0.0896233974358974,0.0509482733753734,5,0.8560770156438029,1,0,0,0,0,0,0,0,0,0,0,0,0,0,0,0
Beethoven,Beethoven_WoO80_var25_8bars_3_14.mid,214.9983033593486,133,98,68.53383458646617,63.0,0.0847979323308271,61.91729323308271,8.995350147949837,0.1804511278195488,0.0225563909774436,0.0977443609022556,0.0977443609022556,0.0526315789473684,0.1353383458646616,0.0300751879699248,0.1729323308270676,0.075187969924812,0.0451127819548872,0.0451127819548872,0.0451127819548872,2.297530024931336,0.0027084471831207,0.9192539635479126,1.3434343434343434,0.7313432835820896,0.2866563869720455,1.6044649504429,0.2706764210529022,new_midi_files\BigSynthPiano\midi\Beethoven_WoO80_var25_8bars_3_14.mid,14.785416666666666,1,1,1,0,0,13.941633906133038,72.0,10.374234359126197,55.0,0.062805102936732,0.072916666666666,0.1053345959595959,0.059338443233856,5,0.7627870931379461,1,0,0,0,0,0,0,0,0,0,0,0,0,0,0,0
Beethoven,Beethoven_WoO80_var25_8bars_4_14.mid,211.76470588235324,132,107,68.43939393939394,63.0,0.1436553030303029,58.68939393939394,8.649238959797966,0.1818181818181818,0.0227272727272727,0.0984848484848484,0.0984848484848484,0.053030303030303,0.1363636363636363,0.0303030303030303,0.1742424242424242,0.0757575757575757,0.0378787878787878,0.0454545454545454,0.0454545454545454,2.290820305290844,0.0028026476890113,0.9205224572161872,1.2222222222222223,0.8045112781954887,0.2758417741138224,1.592215833701904,0.2727270000002728,new_midi_files\BigSynthPiano\midi\Beethoven_WoO80_var25_8bars_4_14.mid,15.261458333333334,1,1,1,0,0,13.95189656693701,71.5,10.621684920095372,50.0,0.0729424168260486,0.1255208333333333,0.1120229007633587,0.0599194602340574,5,1.2425090437512791,1,0,0,0,0,0,0,0,0,0,0,0,0,0,0,0
Beethoven,Beethoven_WoO80_var25_8bars_7_14.mid,228.20919175911249,132,93,68.57575757575758,63.0,0.0833806818181818,61.64393939393939,9.691037014377486,0.1742424242424242,0.0227272727272727,0.0984848484848484,0.0984848484848484,0.053030303030303,0.1363636363636363,0.0378787878787878,0.1742424242424242,0.0757575757575757,0.0378787878787878,0.0454545454545454,0.0454545454545454,2.303357523806933,0.0026209060299969,0.9186919883708194,1.4042553191489362,0.6992481203007519,0.2689418296048272,1.715858584654981,0.2803027500002804,new_midi_files\BigSynthPiano\midi\Beethoven_WoO80_var25_8bars_7_14.mid,13.620833333333334,1,1,1,0,0,14.07346590601964,71.5,7.963108666387175,53.0,0.0468679609677641,0.0734375000000002,0.10081106870229,0.0527756609682016,4,0.8080452737840319,1,0,0,0,0,0,0,0,0,0,0,0,0,0,0,0
Beethoven,Beethoven_WoO80_var25_8bars_Score2_14.mid,219.99981666681967,131,100,68.41221374045801,63.0,0.1519865943861322,64.96946564885496,10.013020405924902,0.1755725190839694,0.0229007633587786,0.099236641221374,0.099236641221374,0.0534351145038167,0.1374045801526717,0.0305343511450381,0.1755725190839694,0.0763358778625954,0.0381679389312977,0.0458015267175572,0.0458015267175572,2.29516183831751,0.0027237955571094,0.920888181138546,1.297029702970297,0.7575757575757576,0.2939797264483854,1.6666652777789368,0.274808885496458,new_midi_files\BigSynthPiano\midi\Beethoven_WoO80_var25_8bars_Score2_14.mid,13.082965447916663,2,2,1,0,0,14.001564922900329,71.0,21.67734911376308,77.0,0.0588018801238888,0.1352273854166665,0.0996504326923077,0.0529377883344747,5,1.521844871015375,2,0,0,0,0,0,0,0,0,0,0,0,0,0,0,0
Beethoven,Beethoven_WoO80_var27_8bars_11_15.mid,235.90443686006824,236,107,63.190677966101696,56.0,0.0978592867231639,79.66101694915254,16.481885639458753,0.1483050847457627,0.0508474576271186,0.1144067796610169,0.0762711864406779,0.0338983050847457,0.1313559322033898,0.0466101694915254,0.1271186440677966,0.097457627118644,0.0508474576271186,0.0381355932203389,0.0847457627118644,2.377403127722232,0.0014672906891378,0.8862066513012292,2.185185185185185,0.4514767932489451,0.3362580203434759,0.9953773707175876,0.3093217245765805,new_midi_files\BigSynthPiano\midi\Beethoven_WoO80_var27_8bars_11_15.mid,14.31875,1,1,1,0,0,12.624367661882944,65.0,16.184435051890606,93.0,0.1307581661522925,0.0640625000000008,0.0548315602836879,0.0622770200631321,7,1.6129055725301926,1,0,0,0,0,0,0,0,0,0,0,0,0,0,0,0
Beethoven,Beethoven_WoO80_var27_8bars_14_15.mid,207.51415337107568,230,101,62.84782608695652,56.0,0.0559375,81.4695652173913,15.401785714285714,0.1608695652173913,0.0217391304347826,0.108695652173913,0.0913043478260869,0.0304347826086956,0.1304347826086956,0.0391304347826087,0.1304347826086956,0.0956521739130434,0.0565217391304347,0.0478260869565217,0.0869565217391304,2.3460574668242806,0.0018205208989708,0.8910411480498468,2.2549019607843137,0.4372294372294372,0.3907147975341825,0.8983296682730549,0.2956518782611652,new_midi_files\BigSynthPiano\midi\Beethoven_WoO80_var27_8bars_14_15.mid,14.933333333333334,1,1,1,0,0,12.512545689104522,65.0,12.564492231218711,93.0,0.0341779251400377,0.0494791666666674,0.0627228893740902,0.0697945695073168,6,0.8615373883928582,1,0,0,0,0,0,0,0,0,0,0,0,0,0,0,0
Beethoven,Beethoven_WoO80_var27_8bars_1_15.mid,219.26514399205544,213,109,62.68075117370892,56.0,0.1170872456964006,79.87793427230046,14.219749652294857,0.1643192488262911,0.0234741784037558,0.1173708920187793,0.0892018779342723,0.028169014084507,0.1173708920187793,0.028169014084507,0.1267605633802817,0.1032863849765258,0.056338028169014,0.056338028169014,0.0892018779342723,2.3404177664989363,0.0018629644323951,0.8934162092504193,1.9363636363636365,0.5093457943925234,0.3626444603290547,1.02460347659839,0.3004691830988919,new_midi_files\BigSynthPiano\midi\Beethoven_WoO80_var27_8bars_1_15.mid,14.979166666666666,1,1,1,0,0,12.337258177643902,63.0,14.12566443509009,90.0,0.1142690079132892,0.0635416666666657,0.0647159984276729,0.0661325446480102,7,1.6649513212795544,1,0,0,0,0,0,0,0,0,0,0,0,0,0,0,0
Beethoven,Beethoven_WoO80_var27_8bars_22_15.mid,223.9707227813359,226,102,63.190265486725664,56.0,0.0636707227138643,84.52654867256638,14.005551610612612,0.1592920353982301,0.0265486725663716,0.1017699115044247,0.084070796460177,0.0442477876106194,0.1460176991150442,0.0353982300884955,0.1150442477876106,0.1017699115044247,0.0575221238938053,0.0486725663716814,0.079646017699115,2.36107111648956,0.0016930108509323,0.886212436084027,2.1941747572815533,0.4493392070484581,0.3757224390247587,0.986655166437603,0.2964598805312699,new_midi_files\BigSynthPiano\midi\Beethoven_WoO80_var27_8bars_22_15.mid,16.136458333333334,1,1,1,0,0,12.563259149619189,65.0,11.60339069836737,88.0,0.0327842499496011,0.0552083333333337,0.0588888888888888,0.0652784426680086,7,0.8917435930540318,1,0,0,0,0,0,0,0,0,0,0,0,0,0,0,0
Beethoven,Beethoven_WoO80_var27_8bars_24_15.mid,240.35767511177352,234,101,63.02136752136752,56.0,0.0795450498575498,81.45299145299145,16.23121387283237,0.1581196581196581,0.0256410256410256,0.1068376068376068,0.0811965811965812,0.0341880341880341,0.1367521367521367,0.0341880341880341,0.1111111111111111,0.0982905982905982,0.0726495726495726,0.0512820512820512,0.0897435897435897,2.362625711632237,0.0016116955219519,0.888587495224149,2.294117647058824,0.4297872340425532,0.3374783562000683,1.0227986174969086,0.2905980000002905,new_midi_files\BigSynthPiano\midi\Beethoven_WoO80_var27_8bars_24_15.mid,14.416666666666666,1,1,1,0,0,12.599839430938829,65.0,13.159764972374395,92.0,0.095691991623806,0.0380208333333333,0.0541264306151645,0.0608261435605003,7,1.2911127167630043,1,0,0,0,0,0,0,0,0,0,0,0,0,0,0,0
Beethoven,Beethoven_WoO80_var27_8bars_26_15.mid,213.4998049161139,221,99,63.04977375565611,56.0,0.0654835972850678,79.6606334841629,14.14871623874625,0.1493212669683258,0.0226244343891402,0.1176470588235294,0.0814479638009049,0.0407239819004524,0.1357466063348416,0.0407239819004524,0.1176470588235294,0.1085972850678733,0.0542986425339366,0.0452488687782805,0.085972850678733,2.359574565287504,0.0016429445661545,0.8881871539910032,2.21,0.4459459459459459,0.371378582443543,0.961710832955468,0.2986422352944163,new_midi_files\BigSynthPiano\midi\Beethoven_WoO80_var27_8bars_26_15.mid,15.619791666666666,1,1,1,0,0,12.683843089317383,65.0,11.651723409960743,84.0,0.0634984170091102,0.0499999999999998,0.0649573863636363,0.071648214617522,7,0.9265088362787596,1,0,0,0,0,0,0,0,0,0,0,0,0,0,0,0
Beethoven,Beethoven_WoO80_var27_8bars_2_15.mid,236.4963503649633,230,89,63.35652173913044,56.0,0.0797780797101448,82.63478260869566,16.082744555320854,0.1521739130434782,0.0260869565217391,0.1130434782608695,0.0826086956521739,0.0391304347826087,0.1391304347826087,0.0347826086956521,0.117391304347826,0.1,0.0565217391304347,0.0391304347826087,0.1,2.353312420035002,0.0017260029405587,0.8838868924448268,2.555555555555556,0.3852813852813853,0.3479412735467717,1.0237937245236508,0.2826084130437609,new_midi_files\BigSynthPiano\midi\Beethoven_WoO80_var27_8bars_2_15.mid,14.301041666666666,1,1,1,0,0,12.572704253641197,65.0,11.544869317642217,73.0,0.0754723501565991,0.0427083333333335,0.0541666666666666,0.0624306687263761,7,1.283050477092286,1,0,0,0,0,0,0,0,0,0,0,0,0,0,0,0
Beethoven,Beethoven_WoO80_var27_8bars_3_15.mid,221.1458948611931,244,111,63.49180327868852,57.0,0.094108606557377,77.89754098360656,16.41025641025641,0.1680327868852459,0.0245901639344262,0.1147540983606557,0.0778688524590164,0.0368852459016393,0.1270491803278688,0.0368852459016393,0.1270491803278688,0.0983606557377049,0.0614754098360655,0.0532786885245901,0.0737704918032786,2.353826397140365,0.0017897667890949,0.8977536651786797,2.1785714285714284,0.4530612244897959,0.3506593764979564,0.9026363055558904,0.2909833155740615,new_midi_files\BigSynthPiano\midi\Beethoven_WoO80_var27_8bars_3_15.mid,14.86875,1,1,1,0,0,12.47308308583803,65.0,16.11923280073794,100.0,0.0928182361182093,0.0593749999999999,0.0554783950617283,0.0626649866628872,8,1.5443463640184958,1,0,0,0,0,0,0,0,0,0,0,0,0,0,0,0
Beethoven,Beethoven_WoO80_var27_8bars_4_15.mid,227.1844660194176,210,105,62.82857142857143,56.0,0.1014236111111111,79.22857142857143,14.753018660812296,0.1476190476190476,0.0142857142857142,0.1047619047619047,0.0857142857142857,0.0476190476190476,0.1523809523809524,0.0476190476190476,0.1238095238095238,0.1047619047619047,0.0523809523809523,0.0333333333333333,0.0857142857142857,2.3400948092916893,0.0018537414965986,0.891314219556163,1.981132075471698,0.4976303317535545,0.3472128178165704,1.0767036304237798,0.2857140000002857,new_midi_files\BigSynthPiano\midi\Beethoven_WoO80_var27_8bars_4_15.mid,14.234375,1,1,1,0,0,12.78984503637248,63.0,12.941448467438804,99.0,0.1028377223233815,0.0630208333333333,0.0644687001594896,0.0672317707906018,5,1.4963044273691912,1,0,0,0,0,0,0,0,0,0,0,0,0,0,0,0
Beethoven,Beethoven_WoO80_var27_8bars_7_15.mid,220.85889570552143,230,101,62.93478260869565,56.0,0.0467980072463768,86.25652173913043,14.988799131084107,0.1608695652173913,0.0217391304347826,0.108695652173913,0.0869565217391304,0.0347826086956521,0.1347826086956521,0.0434782608695652,0.1217391304347826,0.1,0.0521739130434782,0.0521739130434782,0.0826086956521739,2.354805944650494,0.0017291535391724,0.8898100031325528,2.2549019607843137,0.4372294372294372,0.3887900075623776,0.956099115608318,0.3043475217394347,new_midi_files\BigSynthPiano\midi\Beethoven_WoO80_var27_8bars_7_15.mid,15.344791666666666,1,1,1,0,0,12.480597417962922,65.0,11.024452114433643,82.0,0.0122479385755395,0.046875,0.0591521106259097,0.0700131020292541,7,0.7014459303509614,1,0,0,0,0,0,0,0,0,0,0,0,0,0,0,0
Beethoven,Beethoven_WoO80_var28_8bars_11_16.mid,208.58768753233304,117,123,58.2991452991453,56.0,0.2354166666666667,52.57264957264957,7.560072693006663,0.1794871794871795,0.0085470085470085,0.1196581196581196,0.0854700854700854,0.0512820512820512,0.1282051282051282,0.0256410256410256,0.1282051282051282,0.094017094017094,0.0598290598290598,0.0427350427350427,0.0769230769230769,2.3090461193339404,0.0022417634597121,0.9605629508303966,0.9435483870967742,1.0423728813559323,0.2508384447179856,1.7676922672231616,0.2564100000002565,new_midi_files\BigSynthPiano\midi\Beethoven_WoO80_var28_8bars_11_16.mid,15.476041666666667,1,1,1,0,0,11.99092602603294,58.0,11.45881979522424,61.0,0.2781110780845017,0.1010416666666662,0.1227280890804597,0.055137567002322,4,1.7797671131453188,1,0,0,0,0,0,0,0,0,0,0,0,0,0,0,0
Beethoven,Beethoven_WoO80_var28_8bars_14_16.mid,199.3079584775087,117,149,58.20512820512821,56.0,0.3206285612535612,52.66666666666666,5.578069129916567,0.1709401709401709,0.0085470085470085,0.1196581196581196,0.0854700854700854,0.0598290598290598,0.1282051282051282,0.0256410256410256,0.1282051282051282,0.1025641025641025,0.0598290598290598,0.0427350427350427,0.0683760683760683,2.3162851668460926,0.0021078359753573,0.9621145209152132,0.78,1.2627118644067796,0.2629284780643414,1.6890504955721075,0.264957000000265,new_midi_files\BigSynthPiano\midi\Beethoven_WoO80_var28_8bars_14_16.mid,20.975,1,1,1,0,0,12.030970335171874,58.0,15.764289407163917,71.0,0.3677241402005387,0.1416666666666675,0.1524335488505747,0.1014267848732693,4,1.7884882796980537,1,0,0,0,0,0,0,0,0,0,0,0,0,0,0,0
Beethoven,Beethoven_WoO80_var28_8bars_18_16.mid,209.41828254847647,117,143,58.1965811965812,56.0,0.3373486467236467,51.77777777777778,6.308694675353853,0.1794871794871795,0.0085470085470085,0.1367521367521367,0.0854700854700854,0.0512820512820512,0.1282051282051282,0.0256410256410256,0.1282051282051282,0.0769230769230769,0.0598290598290598,0.0427350427350427,0.0769230769230769,2.302099195091329,0.0023635157182165,0.9622558213270772,0.8125,1.2118644067796611,0.246070717575832,1.7747312080379365,0.2393160000002393,new_midi_files\BigSynthPiano\midi\Beethoven_WoO80_var28_8bars_18_16.mid,18.54583333333333,1,1,1,0,0,12.035729796343327,58.0,15.193403376888256,82.0,0.4150114305582603,0.1572916666666692,0.1444683908045977,0.0728284068923357,5,2.128229611323298,1,0,0,0,0,0,0,0,0,0,0,0,0,0,0,0
Beethoven,Beethoven_WoO80_var28_8bars_1_16.mid,206.6367713004484,118,144,58.16101694915254,56.0,0.2706479519774012,44.17796610169491,6.7188612099644125,0.1779661016949152,0.0084745762711864,0.1101694915254237,0.0847457627118644,0.0677966101694915,0.1271186440677966,0.0254237288135593,0.1271186440677966,0.0932203389830508,0.059322033898305,0.0423728813559322,0.0762711864406779,2.319002684116753,0.0020927096300552,0.9628442206592428,0.8137931034482758,1.2100840336134453,0.2127656186570626,1.736443456306289,0.2542370338985593,new_midi_files\BigSynthPiano\midi\Beethoven_WoO80_var28_8bars_1_16.mid,17.5625,1,1,1,0,0,11.96249105270944,58.0,11.22544880831067,55.0,0.3742080225546056,0.0999999999999996,0.1356481481481481,0.0771256851091172,4,1.818446026097272,1,0,0,0,0,0,0,0,0,0,0,0,0,0,0,0
Beethoven,Beethoven_WoO80_var28_8bars_24_16.mid,213.20172732880937,117,118,58.2991452991453,56.0,0.2920673076923078,45.88034188034188,7.074829931972788,0.1794871794871795,0.0085470085470085,0.1196581196581196,0.0854700854700854,0.0512820512820512,0.1282051282051282,0.0256410256410256,0.1282051282051282,0.094017094017094,0.0598290598290598,0.0427350427350427,0.0769230769230769,2.3090461193339404,0.0022417634597121,0.9605629508303966,0.9831932773109244,1.0,0.2141922124181262,1.8067942993966897,0.2564100000002565,new_midi_files\BigSynthPiano\midi\Beethoven_WoO80_var28_8bars_24_16.mid,16.5375,1,1,1,0,0,11.99092602603294,58.0,13.968317259520024,65.0,0.3763112867791771,0.0989583333333321,0.127801724137931,0.0656351783797757,5,2.0663265306122454,1,0,0,0,0,0,0,0,0,0,0,0,0,0,0,0
Beethoven,Beethoven_WoO80_var28_8bars_2_16.mid,210.9890109890109,117,139,58.2991452991453,56.0,0.3343215811965813,53.0940170940171,6.414253897550111,0.1794871794871795,0.0085470085470085,0.1196581196581196,0.0854700854700854,0.0512820512820512,0.1282051282051282,0.0256410256410256,0.1282051282051282,0.094017094017094,0.0598290598290598,0.0427350427350427,0.0769230769230769,2.3090461193339404,0.0022417634597121,0.9605629508303966,0.8357142857142857,1.1779661016949152,0.2504564592584914,1.7880424660085672,0.2564100000002565,new_midi_files\BigSynthPiano\midi\Beethoven_WoO80_var28_8bars_2_16.mid,18.240625,1,1,1,0,0,11.99092602603294,58.0,15.416709164727513,71.0,0.3417277303610485,0.1562499999999982,0.1243983477011494,0.0619942043934449,5,2.144423505225287,1,0,0,0,0,0,0,0,0,0,0,0,0,0,0,0
Beethoven,Beethoven_WoO80_var28_8bars_4_16.mid,206.67954733646155,117,144,58.2991452991453,56.0,0.3292913105413105,49.53846153846154,6.414253897550111,0.1794871794871795,0.0085470085470085,0.1196581196581196,0.0854700854700854,0.0512820512820512,0.1282051282051282,0.0256410256410256,0.1282051282051282,0.094017094017094,0.0598290598290598,0.0427350427350427,0.0769230769230769,2.3090461193339404,0.0022417634597121,0.9605629508303966,0.8068965517241379,1.2203389830508475,0.2385331736986324,1.7515215875971315,0.2564100000002565,new_midi_files\BigSynthPiano\midi\Beethoven_WoO80_var28_8bars_4_16.mid,18.240625,1,1,1,0,0,11.99092602603294,58.0,11.59688910653954,50.0,0.3194306296481277,0.2124999999999999,0.1460129310344827,0.0790423010622391,6,2.112158072068986,1,0,0,0,0,0,0,0,0,0,0,0,0,0,0,0
Beethoven,Beethoven_WoO80_var28_8bars_7_16.mid,197.26027397260304,119,156,58.36134453781513,56.0,0.3661764705882354,44.26890756302521,6.048284625158831,0.1764705882352941,0.0084033613445378,0.1176470588235294,0.0840336134453781,0.0504201680672268,0.1260504201680672,0.0252100840336134,0.134453781512605,0.0924369747899159,0.0672268907563025,0.042016806722689,0.0756302521008403,2.3104614574703533,0.0022062746667294,0.9595392204197024,0.7579617834394905,1.3,0.2232868273406229,1.6438356164383587,0.2521005882355462,new_midi_files\BigSynthPiano\midi\Beethoven_WoO80_var28_8bars_7_16.mid,19.675,1,1,1,0,0,12.101622290328033,58.0,10.929643200363577,51.0,0.3941676036309373,0.1989583333333335,0.1472016242937852,0.0856456318652724,5,2.214739517153748,1,0,0,0,0,0,0,0,0,0,0,0,0,0,0,0
Beethoven,Beethoven_WoO80_var28_8bars_Score2_16.mid,219.9998166668196,117,99,58.2991452991453,56.0,0.2213579933226496,50.0,8.95693033493445,0.1794871794871795,0.0085470085470085,0.1196581196581196,0.0854700854700854,0.0512820512820512,0.1282051282051282,0.0256410256410256,0.1282051282051282,0.094017094017094,0.0598290598290598,0.0427350427350427,0.0769230769230769,2.3090461193339404,0.0022417634597121,0.9605629508303966,1.17,0.8389830508474576,0.2262445315752467,1.864405225989996,0.2564100000002565,new_midi_files\BigSynthPiano\midi\Beethoven_WoO80_var28_8bars_Score2_16.mid,13.062510885416666,2,2,1,0,0,11.99092602603294,58.0,0.0,0.0,0.1661511697599916,0.1352273854166666,0.1081505603448275,0.0552383224792515,2,1.982688125271859,2,0,0,0,0,0,0,0,0,0,0,0,0,0,0,0
Beethoven,Beethoven_WoO80_var30_8bars_11_17.mid,86.90867134108454,95,54,54.44210526315789,32.0,0.4012719298245613,41.694736842105264,5.064978340553148,0.2105263157894736,0.0105263157894736,0.1263157894736842,0.0631578947368421,0.031578947368421,0.1052631578947368,0.031578947368421,0.1473684210526315,0.1052631578947368,0.031578947368421,0.031578947368421,0.1052631578947368,2.2413317855147605,0.0033325638658048,0.5877803449653649,1.7272727272727273,0.5625,0.4742960643817515,0.905298659802964,0.2421050210528736,new_midi_files\BigSynthPiano\midi\Beethoven_WoO80_var30_8bars_11_17.mid,18.75625,1,1,1,0,0,8.029833569060719,55.0,12.345954960152593,69.0,0.158595637624333,0.3666666666666671,0.1894946808510638,0.3084327765310765,5,2.032433633233366,1,0,0,0,0,0,0,0,0,0,0,0,0,0,0,0
Beethoven,Beethoven_WoO80_var30_8bars_18_17.mid,73.76340643508884,96,46,54.364583333333336,32.0,0.5332139756944446,45.69791666666666,4.102016290559488,0.2083333333333333,0.0104166666666666,0.125,0.0625,0.03125,0.1041666666666666,0.03125,0.1458333333333333,0.1041666666666666,0.03125,0.03125,0.1145833333333333,2.240985877402091,0.0033094618055555,0.588618498465726,2.042553191489361,0.4742268041237113,0.6112337418218438,0.7604474890215345,0.2395830937502396,new_midi_files\BigSynthPiano\midi\Beethoven_WoO80_var30_8bars_18_17.mid,23.403125,1,1,1,0,0,8.023558790195422,54.0,14.33463157274678,75.0,0.1942616329944419,0.4973958333333339,0.2208114035087719,0.3703447642428927,6,2.187252414652602,1,0,0,0,0,0,0,0,0,0,0,0,0,0,0,0
Beethoven,Beethoven_WoO80_var30_8bars_22_17.mid,63.88957357653438,96,55,54.364583333333336,32.0,0.6721028645833335,39.958333333333336,3.816781247411579,0.2083333333333333,0.0104166666666666,0.125,0.0625,0.03125,0.1041666666666666,0.03125,0.1458333333333333,0.1041666666666666,0.03125,0.03125,0.1145833333333333,2.240985877402091,0.0033094618055555,0.588618498465726,1.7142857142857142,0.5670103092783505,0.6157897352523706,0.6586553976962307,0.2395830937502396,new_midi_files\BigSynthPiano\midi\Beethoven_WoO80_var30_8bars_22_17.mid,25.152083333333334,1,1,1,0,0,8.023558790195422,54.0,10.676996950870077,60.0,0.1488231469352066,0.6541666666666672,0.2496271929824561,0.420821823160659,7,2.5652696098732712,1,0,0,0,0,0,0,0,0,0,0,0,0,0,0,0
Beethoven,Beethoven_WoO80_var30_8bars_24_17.mid,86.40000000000003,96,62,54.364583333333336,32.0,0.55263671875,45.47916666666666,4.702280728608603,0.2083333333333333,0.0104166666666666,0.125,0.0625,0.03125,0.1041666666666666,0.03125,0.1458333333333333,0.1041666666666666,0.03125,0.03125,0.1145833333333333,2.240985877402091,0.0033094618055555,0.588618498465726,1.5238095238095235,0.6391752577319587,0.5203565980167808,0.8907216494845365,0.2395830937502396,new_midi_files\BigSynthPiano\midi\Beethoven_WoO80_var30_8bars_24_17.mid,20.415625,1,1,1,0,0,8.023558790195422,54.0,14.063827097873782,75.0,0.2015423651032011,0.4833333333333334,0.1868201754385964,0.3075232278147182,8,2.5986529924996167,1,0,0,0,0,0,0,0,0,0,0,0,0,0,0,0
Beethoven,Beethoven_WoO80_var30_8bars_4_17.mid,71.07820453493754,95,59,54.44210526315789,32.0,0.5516337719298244,40.67368421052632,3.697547131562944,0.2105263157894736,0.0105263157894736,0.1263157894736842,0.0631578947368421,0.031578947368421,0.1052631578947368,0.031578947368421,0.1473684210526315,0.1052631578947368,0.031578947368421,0.031578947368421,0.1052631578947368,2.2413317855147605,0.0033325638658048,0.5877803449653649,1.5833333333333333,0.6145833333333334,0.5642993533615434,0.7403979639055994,0.2421050210528736,new_midi_files\BigSynthPiano\midi\Beethoven_WoO80_var30_8bars_4_17.mid,25.69270833333333,1,1,1,0,0,8.029833569060719,55.0,10.436214382481758,50.0,0.2290335863906931,0.4916666666666667,0.2558732269503546,0.4294445530964487,7,2.0396918710723706,1,0,0,0,0,0,0,0,0,0,0,0,0,0,0,0
Beethoven,Beethoven_WoO80_var30_8bars_7_17.mid,68.54422848076157,98,56,54.35714285714285,32.0,0.5784863945578231,46.142857142857146,3.3929601846508946,0.2040816326530612,0.010204081632653,0.1224489795918367,0.0612244897959183,0.0306122448979591,0.1122448979591836,0.0306122448979591,0.1530612244897959,0.1020408163265306,0.0306122448979591,0.0306122448979591,0.1122448979591836,2.237337584530928,0.0033290527095191,0.5886990693274811,1.719298245614035,0.5656565656565656,0.6635037608566168,0.6923659442501169,0.2346936428573776,new_midi_files\BigSynthPiano\midi\Beethoven_WoO80_var30_8bars_7_17.mid,28.883333333333333,1,1,1,0,0,7.942715826080998,54.0,14.191115357928735,70.0,0.2750254487152521,0.5109375000000007,0.2464884020618556,0.4299148738355882,6,1.962781304096942,1,0,0,0,0,0,0,0,0,0,0,0,0,0,0,0
Beethoven,Beethoven_WoO80_var30_8bars_Score2_17.mid,80.0,96,30,54.364583333333336,32.0,0.4256510717881951,41.0,4.923865752147066,0.2083333333333333,0.0104166666666666,0.125,0.0625,0.03125,0.1041666666666666,0.03125,0.1458333333333333,0.1041666666666666,0.03125,0.03125,0.1145833333333333,2.240985877402091,0.0033094618055555,0.588618498465726,3.096774193548387,0.3092783505154639,0.5061728395061729,0.8247422680412371,0.2395830937502396,new_midi_files\BigSynthPiano\midi\Beethoven_WoO80_var30_8bars_Score2_17.mid,19.496875997916664,2,2,1,0,0,8.023558790195422,54.0,0.0,0.0,0.2708922908536733,0.3734375000000005,0.181578947368421,0.3212682623585652,4,2.095848734742586,2,0,0,0,0,0,0,0,0,0,0,0,0,0,0,0
Beethoven,Beethoven_WoO80_var3_8bars_14_2.mid,201.2813046010484,183,96,59.87978142076503,63.0,0.0713627049180327,60.885245901639344,11.7002997002997,0.2021857923497267,0.0601092896174863,0.1147540983606557,0.081967213114754,0.0,0.0983606557377049,0.0218579234972677,0.0983606557377049,0.1038251366120218,0.0491803278688524,0.0546448087431694,0.1147540983606557,2.276069323043292,0.0025188619148576,1.052108031343697,1.8865979381443296,0.5217391304347826,0.3009929465390831,1.09392013370135,0.3224040491806502,new_midi_files\BigSynthPiano\midi\Beethoven_WoO80_var3_8bars_14_2.mid,15.640625,1,1,1,0,0,17.813446629626174,60.0,10.66083946805204,61.0,0.0841776070944121,0.0520833333333339,0.0822458791208791,0.0735304835521066,3,0.8349650349650347,1,0,0,0,0,0,0,0,0,0,0,0,0,0,0,0
Beethoven,Beethoven_WoO80_var3_8bars_18_2.mid,209.57487552661803,184,106,59.56521739130435,63.0,0.1235224184782608,64.52717391304348,11.542080501829588,0.1902173913043478,0.0543478260869565,0.1195652173913043,0.0815217391304347,0.0,0.092391304347826,0.0217391304347826,0.0978260869565217,0.1032608695652173,0.0543478260869565,0.0543478260869565,0.1304347826086956,2.279650156378596,0.0024088951900861,1.0576642158202358,1.719626168224299,0.572972972972973,0.3064333945427731,1.132837165008746,0.3152170760872718,new_midi_files\BigSynthPiano\midi\Beethoven_WoO80_var3_8bars_18_2.mid,15.941666666666666,1,1,1,0,0,17.992029846468668,60.0,10.407946412956385,61.0,0.1061286242704883,0.0953125,0.0791951275045537,0.0696944865254641,9,1.425705697856769,1,0,0,0,0,0,0,0,0,0,0,0,0,0,0,0
Beethoven,Beethoven_WoO80_var3_8bars_1_2.mid,236.06557377049185,188,106,59.83510638297872,63.0,0.0931571365248226,68.65957446808511,13.232641689273407,0.1914893617021276,0.0531914893617021,0.1276595744680851,0.0797872340425532,0.0053191489361702,0.101063829787234,0.0212765957446808,0.0957446808510638,0.0957446808510638,0.0478723404255319,0.0531914893617021,0.1276595744680851,2.292060881466353,0.0024395151149338,1.052893572944796,1.7570093457943925,0.5608465608465608,0.2896227122988169,1.249024199843872,0.303191186170516,new_midi_files\BigSynthPiano\midi\Beethoven_WoO80_var3_8bars_1_2.mid,14.207291666666666,1,1,1,0,0,17.850723851148427,60.0,12.84527663126864,71.0,0.0589425126291399,0.0859374999999995,0.066454991087344,0.0555025330398646,5,1.2327150084317018,1,0,0,0,0,0,0,0,0,0,0,0,0,0,0,0
Beethoven,Beethoven_WoO80_var3_8bars_2_2.mid,247.17372003551344,182,86,59.68681318681319,63.0,0.086132097069597,69.94505494505495,14.532146718788988,0.1923076923076923,0.0549450549450549,0.1208791208791208,0.0824175824175824,0.0,0.0989010989010989,0.0219780219780219,0.0989010989010989,0.0989010989010989,0.0549450549450549,0.0549450549450549,0.1208791208791208,2.2822121348753743,0.002379107461525,1.055509510070631,2.0919540229885056,0.4699453551912568,0.2818390880994404,1.350676065767833,0.3131865000003132,new_midi_files\BigSynthPiano\midi\Beethoven_WoO80_var3_8bars_2_2.mid,12.523958333333333,1,1,1,0,0,17.82995817509229,60.0,12.3589738161463,74.0,0.0487125305778719,0.0848958333333338,0.0618669429097605,0.0514663705252603,4,1.2516842718123586,1,0,0,0,0,0,0,0,0,0,0,0,0,0,0,0
Beethoven,Beethoven_WoO80_var3_8bars_4_2.mid,235.0477363720356,179,92,60.43016759776536,63.0,0.0845961359404097,69.24022346368714,14.089865529681864,0.1899441340782122,0.0558659217877094,0.1229050279329608,0.0837988826815642,0.0055865921787709,0.1005586592178771,0.0223463687150838,0.106145251396648,0.0893854748603352,0.0446927374301676,0.0502793296089385,0.1284916201117318,2.2938084553507565,0.002410756704084,1.0425256368113074,1.924731182795699,0.5111111111111111,0.2933314444268062,1.3058207576224197,0.3016756759779553,new_midi_files\BigSynthPiano\midi\Beethoven_WoO80_var3_8bars_4_2.mid,12.704166666666666,1,1,1,0,0,17.84349670978887,60.0,10.842362188525108,70.0,0.042445863448767,0.0760416666666667,0.0651626872659176,0.0485710598604277,5,1.1919481797310596,1,0,0,0,0,0,0,0,0,0,0,0,0,0,0,0
Beethoven,Beethoven_WoO80_var3_8bars_7_2.mid,223.12769010043024,190,98,59.3,63.0,0.0812938596491228,75.61578947368422,13.481152993348116,0.1947368421052631,0.0526315789473684,0.1157894736842105,0.0789473684210526,0.0157894736842105,0.0947368421052631,0.0210526315789473,0.0947368421052631,0.0894736842105263,0.0631578947368421,0.0526315789473684,0.1263157894736842,2.323705398261582,0.0021968297937827,1.0623945857943575,1.9191919191919191,0.5130890052356021,0.3373781679532825,1.1682078015729331,0.2947365473687159,new_midi_files\BigSynthPiano\midi\Beethoven_WoO80_var3_8bars_7_2.mid,14.09375,1,1,1,0,0,17.826635895996223,60.0,10.580257839754124,71.0,0.0476067196687372,0.0640624999999999,0.0684358465608465,0.0612634795537416,4,1.095934959349594,1,0,0,0,0,0,0,0,0,0,0,0,0,0,0,0
Beethoven,Beethoven_WoO80_var3_8bars_Score2_2.mid,219.9998166668196,184,109,59.48369565217392,63.0,0.1285450675951087,96.0,14.371160474552156,0.1956521739130435,0.0543478260869565,0.1195652173913043,0.0815217391304347,0.0,0.0978260869565217,0.0217391304347826,0.0978260869565217,0.0978260869565217,0.0543478260869565,0.0597826086956521,0.1195652173913043,2.281853664096809,0.0024039723797521,1.0591137327659272,1.6727272727272726,0.5891891891891892,0.4343895006244738,1.1891881981990244,0.3152170760872717,new_midi_files\BigSynthPiano\midi\Beethoven_WoO80_var3_8bars_Score2_2.mid,12.803419760416665,2,2,1,0,0,17.85325921514121,60.0,0.0,0.0,0.0115812299187263,0.1284091979166666,0.0685544535519125,0.0675820932653383,2,1.8473417946214608,2,0,0,0,0,0,0,0,0,0,0,0,0,0,0,0
Beethoven,Beethoven_WoO80_var3_8bars_Score_2.mid,232.00017013345817,184,109,59.48369565217392,63.0,0.1225284896059782,96.0,15.155065697898744,0.1956521739130435,0.0543478260869565,0.1195652173913043,0.0815217391304347,0.0,0.0978260869565217,0.0217391304347826,0.0978260869565217,0.0978260869565217,0.0543478260869565,0.0597826086956521,0.1195652173913043,2.281853664096809,0.0024039723797521,1.0591137327659272,1.6727272727272726,0.5891891891891892,0.412016866532814,1.2540549736943685,0.3152170760872717,new_midi_files\BigSynthPiano\midi\Beethoven_WoO80_var3_8bars_Score_2.mid,12.141154889583332,2,2,1,0,0,17.85325921514121,60.0,0.0,0.0,0.0142068120991414,0.1217671520833333,0.065008431693989,0.0640863673495648,2,1.856927309842904,2,0,0,0,0,0,0,0,0,0,0,0,0,0,0,0
Beethoven,Beethoven_WoO80_var4_8bars_11_3.mid,177.9975278121137,107,72,60.25233644859813,51.0,0.0745716510903427,67.96261682242991,8.296583474678943,0.2336448598130841,0.0560747663551401,0.0841121495327102,0.0841121495327102,0.02803738317757,0.0841121495327102,0.0373831775700934,0.1775700934579439,0.0747663551401869,0.0373831775700934,0.02803738317757,0.0747663551401869,2.266801263815985,0.0035586562630409,0.8464401906981387,1.4657534246575343,0.6666666666666666,0.3796846674539966,1.6481252575195713,0.2803735514021495,new_midi_files\BigSynthPiano\midi\Beethoven_WoO80_var4_8bars_11_3.mid,12.896875,1,1,1,0,0,11.912526555417676,63.0,9.916403132999664,53.0,0.0381976769683521,0.0666666666666664,0.1192610062893081,0.0796645020770113,3,0.6186899281156619,1,0,0,0,0,0,0,0,0,0,0,0,0,0,0,0
Beethoven,Beethoven_WoO80_var4_8bars_18_3.mid,232.82134195634632,107,107,60.02803738317757,51.0,0.1653232087227414,53.12149532710281,6.585881900365456,0.2336448598130841,0.0560747663551401,0.0841121495327102,0.0841121495327102,0.02803738317757,0.0841121495327102,0.0373831775700934,0.1775700934579439,0.0747663551401869,0.0373831775700934,0.02803738317757,0.0747663551401869,2.266801263815985,0.0035586562630409,0.8496029751039206,0.9907407407407408,0.9907407407407408,0.2271883947061616,2.155753166262466,0.2803735514021495,new_midi_files\BigSynthPiano\midi\Beethoven_WoO80_var4_8bars_18_3.mid,16.246875,1,1,1,0,0,12.13896017342756,63.0,15.018810809708892,70.0,0.1537988561834196,0.0812500000000007,0.1470813679245282,0.0950889728010805,4,1.0887991280374434,1,0,0,0,0,0,0,0,0,0,0,0,0,0,0,0
Beethoven,Beethoven_WoO80_var4_8bars_19_3.mid,177.07509881422928,107,75,60.25233644859813,51.0,0.0821748442367601,58.86915887850467,7.877300613496932,0.2336448598130841,0.0560747663551401,0.0841121495327102,0.0841121495327102,0.02803738317757,0.0841121495327102,0.0373831775700934,0.1775700934579439,0.0747663551401869,0.0373831775700934,0.02803738317757,0.0747663551401869,2.266801263815985,0.0035586562630409,0.8464401906981387,1.4078947368421053,0.6944444444444444,0.3305861362453483,1.6395842482799008,0.2803735514021495,new_midi_files\BigSynthPiano\midi\Beethoven_WoO80_var4_8bars_19_3.mid,13.583333333333334,1,1,1,0,0,11.912526555417676,63.0,11.138955900121475,59.0,0.0692575031828327,0.0500000000000007,0.1245577830188679,0.083807239851997,3,0.6473159509202454,1,0,0,0,0,0,0,0,0,0,0,0,0,0,0,0
Beethoven,Beethoven_WoO80_var4_8bars_1_3.mid,195.45300305395315,107,74,60.28971962616822,51.0,0.0834793613707165,50.07476635514018,6.962651664068325,0.2242990654205607,0.0560747663551401,0.0841121495327102,0.0841121495327102,0.0373831775700934,0.0841121495327102,0.0373831775700934,0.1775700934579439,0.0747663551401869,0.0373831775700934,0.02803738317757,0.0747663551401869,2.285018676102753,0.0032529527081453,0.8459153479285473,1.4266666666666667,0.6851851851851852,0.2548943797076384,1.809750028277344,0.2803735514021495,new_midi_files\BigSynthPiano\midi\Beethoven_WoO80_var4_8bars_1_3.mid,15.367708333333333,1,1,1,0,0,11.955532364850926,63.0,13.065400505379497,69.0,0.0557113445019242,0.0604166666666667,0.1337460691823899,0.0913091449372477,3,0.5812377143631808,1,0,0,0,0,0,0,0,0,0,0,0,0,0,0,0
Beethoven,Beethoven_WoO80_var4_8bars_22_3.mid,170.65179505054027,107,72,60.25233644859813,51.0,0.0473422897196262,56.08411214953271,8.237369687249398,0.2336448598130841,0.0560747663551401,0.0841121495327102,0.0841121495327102,0.02803738317757,0.0841121495327102,0.0373831775700934,0.1775700934579439,0.0747663551401869,0.0373831775700934,0.02803738317757,0.0747663551401869,2.266801263815985,0.0035586562630409,0.8464401906981387,1.4657534246575343,0.6666666666666666,0.3267318709543328,1.5801092134309285,0.2803735514021495,new_midi_files\BigSynthPiano\midi\Beethoven_WoO80_var4_8bars_22_3.mid,12.989583333333334,1,1,1,0,0,11.912526555417676,63.0,10.358184713880217,57.0,0.0169653159138357,0.0437500000000001,0.1211183176100628,0.079897289185606,3,0.3899759422614279,1,0,0,0,0,0,0,0,0,0,0,0,0,0,0,0
Beethoven,Beethoven_WoO80_var4_8bars_24_3.mid,183.67346938775503,107,74,60.25233644859813,51.0,0.0942854361370716,60.6822429906542,8.271863424061845,0.2336448598130841,0.0560747663551401,0.0841121495327102,0.0841121495327102,0.02803738317757,0.0841121495327102,0.0373831775700934,0.1775700934579439,0.0747663551401869,0.0373831775700934,0.02803738317757,0.0747663551401869,2.266801263815985,0.0035586562630409,0.8464401906981387,1.4266666666666667,0.6851851851851852,0.3285920992973872,1.700680272108843,0.2803735514021495,new_midi_files\BigSynthPiano\midi\Beethoven_WoO80_var4_8bars_24_3.mid,12.935416666666669,1,1,1,0,0,11.912526555417676,63.0,15.62025891036819,76.0,0.0688787034715214,0.0541666666666671,0.1178066037735849,0.0782640963394749,4,0.7799162506039621,1,0,0,0,0,0,0,0,0,0,0,0,0,0,0,0
Beethoven,Beethoven_WoO80_var4_8bars_2_3.mid,190.33457249070628,107,81,60.29906542056074,51.0,0.0764213395638629,52.691588785046726,8.23803031518165,0.2429906542056074,0.0560747663551401,0.0841121495327102,0.0841121495327102,0.02803738317757,0.0841121495327102,0.0373831775700934,0.1682242990654205,0.0747663551401869,0.0373831775700934,0.02803738317757,0.0747663551401869,2.2638015871357045,0.0036605574480061,0.8457842389183334,1.304878048780488,0.75,0.2753897954725674,1.7623571526917248,0.2803735514021495,new_midi_files\BigSynthPiano\midi\Beethoven_WoO80_var4_8bars_2_3.mid,12.988541666666666,1,1,1,0,0,11.854424587643695,63.0,11.730948934179317,72.0,0.0788107099071997,0.0499999999999998,0.114003537735849,0.0864747985984754,3,0.6295613120538938,1,0,0,0,0,0,0,0,0,0,0,0,0,0,0,0
Beethoven,Beethoven_WoO80_var4_8bars_3_3.mid,166.67105090096018,106,80,60.301886792452834,51.0,0.0876768867924527,59.68867924528302,7.316126249191171,0.2358490566037736,0.0566037735849056,0.0849056603773584,0.0849056603773584,0.0283018867924528,0.0849056603773584,0.0377358490566037,0.1698113207547169,0.0754716981132075,0.0377358490566037,0.0283018867924528,0.0754716981132075,2.2716721026421887,0.0034833471777224,0.8457446668258863,1.308641975308642,0.7476635514018691,0.3559867903526166,1.55767337290617,0.2830185849059434,new_midi_files\BigSynthPiano\midi\Beethoven_WoO80_var4_8bars_3_3.mid,14.488541666666666,1,1,1,0,0,11.95760578304268,63.0,8.188076014647441,50.0,0.0692417482944342,0.0536458333333333,0.128422619047619,0.0817284339684435,3,0.6414551729096262,1,0,0,0,0,0,0,0,0,0,0,0,0,0,0,0
Beethoven,Beethoven_WoO80_var4_8bars_4_3.mid,181.04098566758864,108,74,60.07407407407408,51.0,0.0882233796296296,62.5,8.183109707971587,0.2314814814814814,0.0555555555555555,0.0833333333333333,0.0833333333333333,0.0277777777777777,0.0925925925925925,0.037037037037037,0.1759259259259259,0.074074074074074,0.037037037037037,0.0277777777777777,0.074074074074074,2.26828141421338,0.0035008001828989,0.8489518970889635,1.44,0.6788990825688074,0.3433292770350439,1.6609264740145746,0.2777775000002778,new_midi_files\BigSynthPiano\midi\Beethoven_WoO80_var4_8bars_4_3.mid,13.197916666666666,1,1,1,0,0,11.999771374136678,63.0,12.541412880414912,59.0,0.0655336080890535,0.0562500000000003,0.1144178348909657,0.0776848517047108,4,0.7219415943172849,1,0,0,0,0,0,0,0,0,0,0,0,0,0,0,0
Beethoven,Beethoven_WoO80_var4_8bars_7_3.mid,240.7391113066432,107,94,60.25233644859813,51.0,0.0953855140186915,57.018691588785046,6.711532179026461,0.2336448598130841,0.0560747663551401,0.0841121495327102,0.0841121495327102,0.02803738317757,0.0841121495327102,0.0373831775700934,0.1775700934579439,0.0747663551401869,0.0373831775700934,0.02803738317757,0.0747663551401869,2.266801263815985,0.0035586562630409,0.8464401906981387,1.1263157894736842,0.8703703703703703,0.2358687068906177,2.2290658454318817,0.2803735514021495,new_midi_files\BigSynthPiano\midi\Beethoven_WoO80_var4_8bars_7_3.mid,15.942708333333334,1,1,1,0,0,11.912526555417676,63.0,9.47794420354136,51.0,0.0828325480677005,0.0541666666666666,0.1432291666666666,0.096514665324535,3,0.6401829467494282,1,0,0,0,0,0,0,0,0,0,0,0,0,0,0,0
Beethoven,Beethoven_WoO80_var4_8bars_Score_3.mid,174.00012760009355,107,98,60.30841121495328,51.0,0.1818299504478192,55.86915887850467,8.626189976293984,0.2336448598130841,0.0560747663551401,0.0841121495327102,0.0841121495327102,0.0186915887850467,0.0841121495327102,0.0373831775700934,0.1775700934579439,0.0747663551401869,0.0373831775700934,0.0373831775700934,0.0747663551401869,2.2636255808855474,0.0035732135751788,0.8456531705431753,1.0808080808080809,0.9074074074074074,0.3192521036680364,1.611112292593459,0.2897193364488878,new_midi_files\BigSynthPiano\midi\Beethoven_WoO80_var4_8bars_Score_3.mid,12.40408573125,2,2,1,0,0,11.944115365663771,63.0,12.573584617508091,63.0,0.0478313120389031,0.1627153979166671,0.1154846257861635,0.0804317386060102,3,1.5684996959430109,2,0,0,0,0,0,0,0,0,0,0,0,0,0,0,0
Beethoven,Beethoven_WoO80_var5_8bars_18_4.mid,183.18945933666544,146,83,66.72602739726027,56.0,0.2284817351598173,62.95205479452055,7.919986438379387,0.184931506849315,0.0068493150684931,0.0616438356164383,0.0616438356164383,0.0753424657534246,0.0821917808219178,0.0821917808219178,0.1643835616438356,0.0410958904109589,0.0821917808219178,0.0616438356164383,0.0958904109589041,2.325272389405415,0.0021801567940618,0.8392527076030698,1.738095238095238,0.564625850340136,0.3417788130831929,1.2461867982086083,0.2534244041098425,new_midi_files\BigSynthPiano\midi\Beethoven_WoO80_var5_8bars_18_4.mid,18.434375,1,1,1,0,0,11.375002964289967,65.5,18.719388597826843,94.0,0.3016349519917197,0.0968749999999998,0.1160416666666666,0.1518987720464971,5,1.8095722438831443,1,0,0,0,0,0,0,0,0,0,0,0,0,0,0,0
Beethoven,Beethoven_WoO80_var5_8bars_19_4.mid,197.2602739726028,159,99,66.0880503144654,56.0,0.1812041404612159,64.66037735849056,9.786497403346798,0.1949685534591195,0.0062893081761006,0.0754716981132075,0.0566037735849056,0.0691823899371069,0.0754716981132075,0.0754716981132075,0.1635220125786163,0.0377358490566037,0.0943396226415094,0.0566037735849056,0.0943396226415094,2.310792842642393,0.0024137033081497,0.8473543838285739,1.59,0.61875,0.3261388480045471,1.2328767123287672,0.2327041698115534,new_midi_files\BigSynthPiano\midi\Beethoven_WoO80_var5_8bars_19_4.mid,16.246875,1,1,1,0,0,11.128965916123937,64.0,17.32625527545347,95.0,0.2226130873442712,0.0812499999999998,0.0979825949367088,0.1400382196185037,6,1.7733538500993786,1,0,0,0,0,0,0,0,0,0,0,0,0,0,0,0
Beethoven,Beethoven_WoO80_var5_8bars_1_4.mid,192.3452350372464,147,93,67.17006802721089,56.0,0.2116354875283446,57.90476190476191,9.0892696122633,0.1768707482993197,0.0136054421768707,0.0816326530612244,0.0544217687074829,0.0816326530612244,0.0816326530612244,0.0748299319727891,0.1496598639455782,0.0408163265306122,0.0816326530612244,0.0544217687074829,0.1088435374149659,2.350057438829788,0.0018520446727443,0.8337046665429829,1.5638297872340423,0.6283783783783784,0.2994889524616783,1.2996299664678808,0.2380950000002381,new_midi_files\BigSynthPiano\midi\Beethoven_WoO80_var5_8bars_1_4.mid,16.172916666666666,1,1,1,0,0,11.397203469893295,66.0,17.779960183503903,81.0,0.2744631382592607,0.0666666666666668,0.1042451484018264,0.1374571897440282,7,1.923612005667911,1,0,0,0,0,0,0,0,0,0,0,0,0,0,0,0
Beethoven,Beethoven_WoO80_var5_8bars_26_4.mid,199.5957262489172,161,94,66.14285714285714,56.0,0.2397192028985507,69.35403726708074,9.429565005185772,0.1925465838509316,0.0062111801242236,0.0807453416149068,0.0559006211180124,0.0683229813664596,0.0745341614906832,0.0745341614906832,0.1739130434782608,0.0372670807453416,0.0807453416149068,0.0559006211180124,0.0993788819875776,2.30425753584723,0.0025298556725777,0.8466522550182165,1.694736842105263,0.5802469135802469,0.345740353316501,1.2320723842525754,0.2298134347828385,new_midi_files\BigSynthPiano\midi\Beethoven_WoO80_var5_8bars_26_4.mid,17.073958333333334,1,1,1,0,0,11.166641283350174,64.0,13.59137922694149,69.0,0.3090813726049207,0.1208333333333335,0.1016145833333333,0.1452912077441132,7,2.2604478067232034,1,0,0,0,0,0,0,0,0,0,0,0,0,0,0,0
Beethoven,Beethoven_WoO80_var5_8bars_2_4.mid,219.01140684410635,144,89,66.82638888888889,56.0,0.1823350694444444,61.65972222222222,10.759651307596512,0.1875,0.0069444444444444,0.0902777777777777,0.0416666666666666,0.0763888888888889,0.0694444444444444,0.0902777777777777,0.1666666666666666,0.0416666666666666,0.0763888888888889,0.0486111111111111,0.1041666666666666,2.306810831393728,0.0024273405349794,0.8379922975505674,1.6,0.6137931034482759,0.2802569335230536,1.5104234954765956,0.2291664375002291,new_midi_files\BigSynthPiano\midi\Beethoven_WoO80_var5_8bars_2_4.mid,13.383333333333333,1,1,1,0,0,11.365352967285602,66.0,18.355729954024213,100.0,0.1787346361643706,0.103645833333333,0.0868371212121212,0.1083860304085837,6,1.9618617683686168,1,0,0,0,0,0,0,0,0,0,0,0,0,0,0,0
Beethoven,Beethoven_WoO80_var5_8bars_3_4.mid,214.22594142259427,156,92,66.23076923076923,56.0,0.1904313568376069,68.48076923076923,10.419536631183467,0.2051282051282051,0.0064102564102564,0.0769230769230769,0.0576923076923076,0.0705128205128205,0.0769230769230769,0.0769230769230769,0.1538461538461538,0.0384615384615384,0.0833333333333333,0.0576923076923076,0.0961538461538461,2.310907146418155,0.0024586346701731,0.8455284425181537,1.6774193548387095,0.5859872611464968,0.3181808325619439,1.364496442182129,0.2371792500002371,new_midi_files\BigSynthPiano\midi\Beethoven_WoO80_var5_8bars_3_4.mid,14.971875,1,1,1,0,0,11.210598324482929,65.0,16.578280181226834,91.0,0.2311679564366071,0.0755208333333334,0.0863104838709677,0.1179469901161281,6,1.984206498295416,1,0,0,0,0,0,0,0,0,0,0,0,0,0,0,0
Beethoven,Beethoven_WoO80_var5_8bars_4_4.mid,178.7306064880111,157,103,66.47770700636943,56.0,0.2815419320594479,63.88535031847134,8.54421768707483,0.1847133757961783,0.0063694267515923,0.0828025477707006,0.0573248407643312,0.0700636942675159,0.0764331210191082,0.0764331210191082,0.1783439490445859,0.0382165605095541,0.0764331210191082,0.0573248407643312,0.0955414012738853,2.3106885644082142,0.0024237516960345,0.8423876466173363,1.5096153846153846,0.6518987341772152,0.3554505911197312,1.1312063701772854,0.235668554140363,new_midi_files\BigSynthPiano\midi\Beethoven_WoO80_var5_8bars_4_4.mid,18.375,1,1,1,0,0,11.296009095860915,65.0,16.47850101125445,81.0,0.3471479032052049,0.1427083333333333,0.1115451388888889,0.157418615914818,6,2.405555555555554,1,0,0,0,0,0,0,0,0,0,0,0,0,0,0,0
Beethoven,Beethoven_WoO80_var5_8bars_7_4.mid,213.6930860033726,162,92,66.07407407407408,56.0,0.1643454218106996,63.629629629629626,9.97178763785586,0.191358024691358,0.0061728395061728,0.0802469135802469,0.0555555555555555,0.0679012345679012,0.074074074074074,0.074074074074074,0.1728395061728395,0.037037037037037,0.0925925925925925,0.0555555555555555,0.0925925925925925,2.305766802376339,0.0024926332368033,0.8475336194599733,1.7419354838709675,0.5644171779141104,0.2963748428704875,1.3110005276280527,0.2283948333335617,new_midi_files\BigSynthPiano\midi\Beethoven_WoO80_var5_8bars_7_4.mid,16.245833333333334,1,1,1,0,0,11.13749952851175,64.0,16.195521743808804,79.0,0.1595124206951047,0.1057291666666673,0.0936076604554865,0.1288257339016529,6,1.6388176455501415,1,0,0,0,0,0,0,0,0,0,0,0,0,0,0,0
Beethoven,Beethoven_WoO80_var5_8bars_Score2_4.mid,199.9999999999999,161,66,65.98136645962732,56.0,0.3059239130434781,58.63975155279503,11.431614449276648,0.1925465838509316,0.0062111801242236,0.0807453416149068,0.0559006211180124,0.0683229813664596,0.0745341614906832,0.0745341614906832,0.1739130434782608,0.0372670807453416,0.0869565217391304,0.0559006211180124,0.093167701863354,2.30511595554708,0.0025169960863992,0.8487244529187014,2.4029850746268657,0.4074074074074074,0.2917400574765924,1.2345679012345672,0.2298134347828385,new_midi_files\BigSynthPiano\midi\Beethoven_WoO80_var5_8bars_Score2_4.mid,14.08375,2,2,1,0,0,11.10954603211222,64.0,18.009849891267162,63.0,0.2812018254717833,0.2837499999999995,0.08625,0.1249937498437422,6,3.497204224727076,2,0,0,0,0,0,0,0,0,0,0,0,0,0,0,0
Beethoven,Beethoven_WoO80_var6_8bars_14_5.mid,199.3539455468388,162,71,61.91975308641975,56.0,0.0610532407407407,85.37037037037037,12.208179605934532,0.191358024691358,0.0246913580246913,0.0617283950617283,0.1481481481481481,0.037037037037037,0.0864197530864197,0.0308641975308641,0.2098765432098765,0.074074074074074,0.0432098765432098,0.0185185185185185,0.074074074074074,2.226524124186178,0.0038897779809988,0.9043963566431852,2.25,0.4355828220858895,0.426097774802306,1.2230303407781518,0.2962960000002963,new_midi_files\BigSynthPiano\midi\Beethoven_WoO80_var6_8bars_14_5.mid,13.269791666666666,1,1,1,0,0,14.504566498925424,59.5,14.661568511617388,88.0,0.0332103832188189,0.0604166666666659,0.0690993788819875,0.0719096336220276,8,0.7453489284873221,1,0,0,0,0,0,0,0,0,0,0,0,0,0,0,0
Beethoven,Beethoven_WoO80_var6_8bars_18_5.mid,175.66331198536128,159,71,61.45283018867924,56.0,0.0740369496855346,81.69811320754717,9.938794113816904,0.2012578616352201,0.0125786163522012,0.0628930817610062,0.1509433962264151,0.0440251572327044,0.0943396226415094,0.0188679245283018,0.2075471698113207,0.0691823899371069,0.0440251572327044,0.0188679245283018,0.0754716981132075,2.190761859574423,0.0042596218504014,0.9112680232431056,2.208333333333333,0.44375,0.4624509316021249,1.097895699908508,0.2704399811323459,new_midi_files\BigSynthPiano\midi\Beethoven_WoO80_var6_8bars_18_5.mid,15.997916666666669,1,1,1,0,0,14.572610698020782,59.0,13.51903141044107,68.0,0.0260207062318165,0.0718750000000003,0.0860957278481012,0.0925444736081471,9,0.7358379997395498,1,0,0,0,0,0,0,0,0,0,0,0,0,0,0,0
Beethoven,Beethoven_WoO80_var6_8bars_24_5.mid,184.34854429072885,162,72,61.83950617283951,56.0,0.0660365226337448,89.24074074074075,11.899005355776588,0.191358024691358,0.0123456790123456,0.0617283950617283,0.1543209876543209,0.0432098765432098,0.0864197530864197,0.0246913580246913,0.2098765432098765,0.0679012345679012,0.0493827160493827,0.0185185185185185,0.0802469135802469,2.2048814447856007,0.0040739470609155,0.9055699594028416,2.219178082191781,0.4417177914110429,0.4814752718033868,1.1309726643602998,0.2777775000002778,new_midi_files\BigSynthPiano\midi\Beethoven_WoO80_var6_8bars_24_5.mid,13.614583333333334,1,1,1,0,0,14.733816642084104,59.0,12.379695420750965,91.0,0.0559139622975751,0.0609374999999996,0.0752458592132505,0.0808800800515242,8,0.7857689364957924,1,0,0,0,0,0,0,0,0,0,0,0,0,0,0,0
Beethoven,Beethoven_WoO80_var6_8bars_26_5.mid,190.3922432789776,163,71,62.01840490797546,56.0,0.0616372699386503,80.96319018404908,12.66634288489558,0.1963190184049079,0.0122699386503067,0.0613496932515337,0.147239263803681,0.0490797546012269,0.0858895705521472,0.0306748466257668,0.2085889570552147,0.0736196319018405,0.0429447852760736,0.0184049079754601,0.0736196319018405,2.21234077641511,0.0040050330167572,0.902957745852002,2.263888888888889,0.4329268292682927,0.4230223168764228,1.1609283126766927,0.2822083067487485,new_midi_files\BigSynthPiano\midi\Beethoven_WoO80_var6_8bars_26_5.mid,12.86875,1,1,1,0,0,14.543555228439686,60.0,12.821037911792054,79.0,0.0384093260524809,0.0552083333333337,0.0720036008230452,0.0771119821351866,8,0.7807187955318114,1,0,0,0,0,0,0,0,0,0,0,0,0,0,0,0
Beethoven,Beethoven_WoO80_var6_8bars_3_5.mid,182.1428571428572,162,72,61.94444444444444,56.0,0.0658371913580246,85.48765432098766,12.47253187906007,0.191358024691358,0.0123456790123456,0.0617283950617283,0.1481481481481481,0.0493827160493827,0.0864197530864197,0.0308641975308641,0.2222222222222222,0.0617283950617283,0.0432098765432098,0.0185185185185185,0.074074074074074,2.201564324715429,0.0042454148249758,0.9040358598451612,2.219178082191781,0.4417177914110429,0.4667812638431463,1.117440841367222,0.2716046666669383,new_midi_files\BigSynthPiano\midi\Beethoven_WoO80_var6_8bars_3_5.mid,12.988541666666666,1,1,1,0,0,14.673924971665697,59.0,11.891608024626873,82.0,0.0379532823603296,0.0609374999999998,0.0723214285714285,0.0775118463124614,8,0.8211564680407407,1,0,0,0,0,0,0,0,0,0,0,0,0,0,0,0
Beethoven,Beethoven_WoO80_var6_8bars_Score2_5.mid,180.0,158,80,61.563291139240505,56.0,0.099433016877637,102.9873417721519,13.462323599893494,0.1962025316455696,0.0126582278481012,0.0632911392405063,0.1518987341772152,0.0379746835443038,0.0886075949367088,0.0253164556962025,0.2151898734177215,0.0696202531645569,0.0443037974683544,0.0189873417721519,0.0759493670886076,2.1930331900779723,0.0042984119354092,0.9096329655883616,1.9506172839506173,0.5031446540880503,0.5689908385201762,1.1320754716981132,0.2784807341774937,new_midi_files\BigSynthPiano\midi\Beethoven_WoO80_var6_8bars_Score2_5.mid,11.736458333333331,2,2,1,0,0,14.48151748478292,59.0,7.881228573001842,18.0,0.0338565694004357,0.0822916666666664,0.0732484076433121,0.0827208481476779,8,1.3385994497204208,2,0,0,0,0,0,0,0,0,0,0,0,0,0,0,0
Beethoven,Beethoven_WoO80_var8_8bars_18_6.mid,203.39880821010857,354,135,62.31920903954802,63.0,0.1556820856873823,53.63841807909605,17.27355901189387,0.1610169491525423,0.0,0.135593220338983,0.059322033898305,0.0338983050847457,0.0903954802259887,0.0367231638418079,0.231638418079096,0.0338983050847457,0.0677966101694915,0.0367231638418079,0.1129943502824858,2.1895907477074137,0.0040570770425697,1.0109242392517483,2.6029411764705883,0.380281690140845,0.262420405230344,0.5729543893242495,0.1666665000001666,new_midi_files\BigSynthPiano\midi\Beethoven_WoO80_var8_8bars_18_6.mid,20.49375,1,1,1,0,0,16.31183839089775,59.0,19.18536676903775,97.0,0.0954592783011071,0.1473958333333329,0.0525790840415486,0.0740994893539514,8,2.689183694215715,1,0,0,0,0,0,0,0,0,0,0,0,0,0,0,0
Beethoven,Beethoven_WoO80_var8_8bars_22_6.mid,212.70310192023624,368,121,62.23097826086956,63.0,0.1557942708333333,67.0679347826087,19.894132222097085,0.1576086956521739,0.0,0.1331521739130435,0.0570652173913043,0.0326086956521739,0.1005434782608695,0.0353260869565217,0.2255434782608695,0.0326086956521739,0.0706521739130434,0.0353260869565217,0.1195652173913043,2.190558778264731,0.0039485041220331,1.012357522704355,3.0163934426229506,0.3279132791327913,0.3138369737264811,0.5764311705155454,0.1603259266305951,new_midi_files\BigSynthPiano\midi\Beethoven_WoO80_var8_8bars_22_6.mid,18.497916666666665,1,1,1,0,0,16.272089238123062,59.0,16.308615157136206,96.0,0.0867327840017931,0.1552083333333334,0.0444283605812897,0.06638991745974,8,3.099391823403535,1,0,0,0,0,0,0,0,0,0,0,0,0,0,0,0
Beethoven,Beethoven_WoO80_var8_8bars_26_6.mid,216.88107938500184,364,120,62.41483516483517,63.0,0.1392570970695971,63.76373626373626,19.61713355414585,0.1565934065934066,0.0,0.1428571428571428,0.0576923076923076,0.0329670329670329,0.0934065934065934,0.0357142857142857,0.2252747252747252,0.0329670329670329,0.0714285714285714,0.0357142857142857,0.1153846153846153,2.190780570310559,0.0039615451703363,1.0093753964781618,3.008264462809917,0.3287671232876712,0.2926538478867364,0.5941947380411009,0.162087750000162,new_midi_files\BigSynthPiano\midi\Beethoven_WoO80_var8_8bars_26_6.mid,18.555208333333333,1,1,1,0,0,16.234067412483203,59.0,14.983661552266216,94.0,0.0937775367942762,0.1401041666666662,0.0475177915518824,0.0716143660069471,8,2.7318250715769423,1,0,0,0,0,0,0,0,0,0,0,0,0,0,0,0
Beethoven,Beethoven_WoO80_var8_8bars_2_6.mid,217.4496644295301,349,112,62.3352435530086,63.0,0.1224212034383954,61.22636103151862,20.544518027961736,0.160458452722063,0.0028653295128939,0.1404011461318051,0.0515759312320916,0.0315186246418338,0.0974212034383954,0.0343839541547277,0.2148997134670487,0.0372492836676217,0.0744985673352435,0.0372492836676217,0.1174785100286533,2.211218559567363,0.0037307552665595,1.010664198909593,3.088495575221239,0.32,0.2802767456356963,0.6212847555129432,0.1633236189113381,new_midi_files\BigSynthPiano\midi\Beethoven_WoO80_var8_8bars_2_6.mid,16.9875,1,1,1,0,0,16.409845435985847,57.0,16.8994258628599,96.0,0.0702250661979686,0.1145833333333339,0.040663912835249,0.0557292090306658,8,2.5150846210448874,1,0,0,0,0,0,0,0,0,0,0,0,0,0,0,0
Beethoven,Beethoven_WoO80_var8_8bars_4_6.mid,201.6229116945109,348,126,62.37643678160919,63.0,0.1387871168582375,53.10344827586207,17.403625755365702,0.160919540229885,0.0,0.1350574712643678,0.0545977011494252,0.0402298850574712,0.0919540229885057,0.0373563218390804,0.2241379310344827,0.0344827586206896,0.0718390804597701,0.0373563218390804,0.1120689655172413,2.2031996754969314,0.0038162791209759,1.0099967590418355,2.7401574803149606,0.3610315186246418,0.2620801755920115,0.5777160793538996,0.1637929396553362,new_midi_files\BigSynthPiano\midi\Beethoven_WoO80_var8_8bars_4_6.mid,19.995833333333334,1,1,1,0,0,16.39943988930064,59.5,16.0129505654187,84.0,0.1046217710026223,0.1239583333333332,0.053662343900096,0.0787647847185858,8,2.4153990414669724,1,0,0,0,0,0,0,0,0,0,0,0,0,0,0,0
Beethoven,Beethoven_WoO80_var8_8bars_7_6.mid,218.4325442427028,351,108,61.86324786324786,63.0,0.1172750474833808,63.732193732193736,21.05473631592102,0.1595441595441595,0.0,0.131054131054131,0.0541310541310541,0.0341880341880341,0.0997150997150997,0.0341880341880341,0.2279202279202279,0.0341880341880341,0.0769230769230769,0.037037037037037,0.1111111111111111,2.1936969542396296,0.00393817826154,1.018375225317781,3.220183486238532,0.3068181818181818,0.2904409368817367,0.6205470006894965,0.1595440000001595,new_midi_files\BigSynthPiano\midi\Beethoven_WoO80_var8_8bars_7_6.mid,16.670833333333334,1,1,1,0,0,16.45865370433064,55.0,15.421044766268777,94.0,0.0682503569273914,0.1104166666666675,0.0435654761904761,0.0641801696411755,8,2.469195201199702,1,0,0,0,0,0,0,0,0,0,0,0,0,0,0,0
Beethoven,Beethoven_WoO80_var8_8bars_Score2_6.mid,200.0,367,114,62.02724795640327,63.0,0.1511205722070843,65.7275204359673,25.48611111111111,0.1634877384196185,0.0,0.1335149863760218,0.0599455040871934,0.0326975476839237,0.0953678474114441,0.0354223433242506,0.2261580381471389,0.0326975476839237,0.0708446866485013,0.0354223433242506,0.1144414168937329,2.18987729163327,0.003985054871263,1.0156826404517867,3.1913043478260867,0.3097826086956521,0.3270025892336682,0.5434782608695652,0.1634875749320436,new_midi_files\BigSynthPiano\midi\Beethoven_WoO80_var8_8bars_Score2_6.mid,14.4,2,2,1,0,0,16.259453550348987,56.0,21.60587971515928,62.0,0.0198984206635648,0.1487499999999997,0.0377049180327868,0.065069784547506,8,3.851475694444442,2,0,0,0,0,0,0,0,0,0,0,0,0,0,0,0
Beethoven,Beethoven_WoO80_var8_8bars_Score_6.mid,200.0,367,114,62.02724795640327,63.0,0.1443562670299726,80.0,26.058400639034343,0.1634877384196185,0.0,0.1335149863760218,0.0599455040871934,0.0326975476839237,0.0953678474114441,0.0354223433242506,0.2261580381471389,0.0326975476839237,0.0708446866485013,0.0354223433242506,0.1144414168937329,2.18987729163327,0.003985054871263,1.0156826404517867,3.1913043478260867,0.3097826086956521,0.3980099502487563,0.5434782608695652,0.1634875749320436,new_midi_files\BigSynthPiano\midi\Beethoven_WoO80_var8_8bars_Score_6.mid,14.08375,2,2,1,0,0,16.259453550348987,56.0,0.0,0.0,0.0208085116457092,0.1412499999999998,0.0377049180327868,0.065069784547506,8,3.761693441022452,2,0,0,0,0,0,0,0,0,0,0,0,0,0,0,0
Beethoven,Beethoven_WoO80_var9_8bars_11_7.mid,221.6521292970752,258,160,66.74418604651163,32.0,0.1557372416020672,52.32170542635659,13.671137605563835,0.2093023255813953,0.0193798449612403,0.0813953488372093,0.0620155038759689,0.0077519379844961,0.0503875968992248,0.003875968992248,0.1511627906976744,0.0736434108527131,0.1317829457364341,0.0891472868217054,0.1201550387596899,2.2050183906617065,0.0034966348176191,0.4794425015275165,1.6024844720496894,0.6177606177606177,0.2349930611107967,0.8557997270157341,0.2480617674421085,new_midi_files\BigSynthPiano\midi\Beethoven_WoO80_var9_8bars_11_7.mid,18.871875,1,1,1,0,0,5.593156213668896,68.0,11.653974011890345,65.0,0.1926407592050229,0.102604166666667,0.0684095330739299,0.0431392339357032,5,2.129105260252802,1,0,0,0,0,0,0,0,0,0,0,0,0,0,0,0
Beethoven,Beethoven_WoO80_var9_8bars_14_7.mid,220.19113814074635,273,289,67.13919413919415,32.0,0.3205051892551893,39.24542124542125,7.800464313351985,0.2197802197802197,0.0219780219780219,0.0879120879120879,0.0586080586080586,0.0073260073260073,0.0476190476190476,0.0036630036630036,0.1428571428571428,0.0695970695970696,0.1172161172161172,0.0879120879120879,0.1355311355311355,2.197821147601448,0.0036699919941678,0.476621739859363,0.9413793103448276,1.0547445255474452,0.1774276382648248,0.8036172924844757,0.2417580000002418,new_midi_files\BigSynthPiano\midi\Beethoven_WoO80_var9_8bars_14_7.mid,34.99791666666667,1,1,1,0,0,5.552516712395456,68.0,12.366289516166272,77.0,0.3910401736919372,0.2250000000000014,0.1189376531862745,0.0833755965897473,6,2.5000892910292296,1,0,0,0,0,0,0,0,0,0,0,0,0,0,0,0
Beethoven,Beethoven_WoO80_var9_8bars_18_7.mid,213.10782241014803,253,209,66.66403162055336,32.0,0.2050724637681159,41.73517786561265,10.543954851313218,0.1936758893280632,0.0237154150197628,0.0869565217391304,0.0632411067193675,0.0079051383399209,0.0513833992094861,0.0039525691699604,0.1541501976284585,0.075098814229249,0.1304347826086956,0.0948616600790513,0.1146245059288537,2.226363375585915,0.0031309616182446,0.4800189658813709,1.2047619047619047,0.8228346456692913,0.1949259835339604,0.8390071748431025,0.2608693043480869,new_midi_files\BigSynthPiano\midi\Beethoven_WoO80_var9_8bars_18_7.mid,23.994791666666668,1,1,1,0,0,5.603655881663939,68.0,12.838192914128516,78.0,0.2395654198605085,0.145833333333333,0.0888310185185185,0.0589640819513059,5,2.1622747992185807,1,0,0,0,0,0,0,0,0,0,0,0,0,0,0,0
Beethoven,Beethoven_WoO80_var9_8bars_1_7.mid,220.36492054149548,245,163,66.80816326530612,32.0,0.1653316326530612,39.53877551020408,11.852449103003426,0.2204081632653061,0.0244897959183673,0.0897959183673469,0.0612244897959183,0.0081632653061224,0.0489795918367346,0.0040816326530612,0.1306122448979592,0.073469387755102,0.1183673469387755,0.0979591836734693,0.1224489795918367,2.216051721637912,0.003433175991485,0.478983375039655,1.4939024390243902,0.6626016260162602,0.1786135554517204,0.8957923599247783,0.2612242285716898,new_midi_files\BigSynthPiano\midi\Beethoven_WoO80_var9_8bars_1_7.mid,20.67083333333333,1,1,1,0,0,5.687072226018998,68.0,11.962676929389646,74.0,0.2214752451704212,0.0958333333333332,0.0789318647540983,0.0507205857197136,6,1.959584761136868,1,0,0,0,0,0,0,0,0,0,0,0,0,0,0,0
Beethoven,Beethoven_WoO80_var9_8bars_22_7.mid,223.0200633579725,258,173,66.7984496124031,32.0,0.1635255167958657,48.406976744186046,12.401361906669337,0.2093023255813953,0.0232558139534883,0.0852713178294573,0.0620155038759689,0.0077519379844961,0.0503875968992248,0.003875968992248,0.1472868217054263,0.0736434108527131,0.1201550387596899,0.0930232558139534,0.1240310077519379,2.215541972365858,0.0033614265969593,0.4790530275272321,1.4827586206896552,0.667953667953668,0.2160832204874176,0.8610813257064576,0.2558136976746744,new_midi_files\BigSynthPiano\midi\Beethoven_WoO80_var9_8bars_22_7.mid,20.804166666666667,1,1,1,0,0,5.612665418513228,68.0,13.4507812864723,79.0,0.2053070731905223,0.1156249999999996,0.0727099546044098,0.0446464537970203,4,2.027939114760665,1,0,0,0,0,0,0,0,0,0,0,0,0,0,0,0
Beethoven,Beethoven_WoO80_var9_8bars_24_7.mid,215.635322616164,258,150,66.7984496124031,32.0,0.1426275839793282,48.16279069767442,13.597584408454573,0.2093023255813953,0.0232558139534883,0.0852713178294573,0.0620155038759689,0.0077519379844961,0.0503875968992248,0.003875968992248,0.1434108527131783,0.0736434108527131,0.127906976744186,0.0930232558139534,0.1201550387596899,2.21609666485791,0.0033489073172685,0.4790530275272321,1.7086092715231789,0.5791505791505791,0.2223219653934718,0.8325688131898225,0.2558136976746744,new_midi_files\BigSynthPiano\midi\Beethoven_WoO80_var9_8bars_24_7.mid,18.97395833333333,1,1,1,0,0,5.609902436605853,68.0,12.760944958858424,64.0,0.1702277779125966,0.0958333333333345,0.0693863488975356,0.0495562807631338,5,1.9393906121328583,1,0,0,0,0,0,0,0,0,0,0,0,0,0,0,0
Beethoven,Beethoven_WoO80_var9_8bars_26_7.mid,205.3316800991942,262,232,66.83206106870229,32.0,0.2174936386768448,41.03053435114504,9.65342544617156,0.2061068702290076,0.0229007633587786,0.0839694656488549,0.0610687022900763,0.0076335877862595,0.049618320610687,0.0038167938931297,0.148854961832061,0.0725190839694656,0.1259541984732824,0.0916030534351145,0.1259541984732824,2.212937171691576,0.0033769237741908,0.4788121002028115,1.1244635193133048,0.8821292775665399,0.1988571717703241,0.7807288216699398,0.2519081450384198,new_midi_files\BigSynthPiano\midi\Beethoven_WoO80_var9_8bars_26_7.mid,27.140625,1,1,1,0,0,5.578930746216498,68.0,13.167122443986267,77.0,0.3042015680015288,0.1328125000000002,0.098978288633461,0.0661980941356032,4,2.099558625983497,1,0,0,0,0,0,0,0,0,0,0,0,0,0,0,0
Beethoven,Beethoven_WoO80_var9_8bars_2_7.mid,220.5405405405402,256,131,66.7421875,32.0,0.1209960937499999,48.23046875,14.431004110393424,0.20703125,0.0234375,0.08203125,0.0625,0.0078125,0.05078125,0.00390625,0.1484375,0.07421875,0.125,0.09375,0.12109375,2.217028561046432,0.0033323499891493,0.4794568580860965,1.93939393939394,0.5097276264591439,0.2177049339697453,0.8581343989904289,0.2578122421877578,new_midi_files\BigSynthPiano\midi\Beethoven_WoO80_var9_8bars_2_7.mid,17.739583333333332,1,1,1,0,0,5.602379647510846,68.0,13.90893967580827,84.0,0.150589466397214,0.0859375000000002,0.0633047385620915,0.0402464667204817,5,1.7460951262477975,1,0,0,0,0,0,0,0,0,0,0,0,0,0,0,0
Beethoven,Beethoven_WoO80_var9_8bars_3_7.mid,223.1569625857872,243,157,66.61316872427983,32.0,0.1676697530864198,51.21399176954733,12.6329470377992,0.2139917695473251,0.0246913580246913,0.0864197530864197,0.0658436213991769,0.0082304526748971,0.0534979423868312,0.0041152263374485,0.1440329218106996,0.074074074074074,0.1111111111111111,0.0987654320987654,0.1152263374485596,2.2244657863498527,0.0032857598491648,0.4803854873210803,1.5379746835443038,0.6434426229508197,0.2284737943393001,0.9145777155155213,0.2674894444447119,new_midi_files\BigSynthPiano\midi\Beethoven_WoO80_var9_8bars_3_7.mid,19.235416666666666,1,1,1,0,0,5.709582537939211,68.0,12.491457563043436,76.0,0.2374907182485064,0.1104166666666666,0.0715220385674931,0.0449468677294236,4,2.118163110581612,1,0,0,0,0,0,0,0,0,0,0,0,0,0,0,0
Beethoven,Beethoven_WoO80_var9_8bars_4_7.mid,220.015278838808,265,202,66.88679245283019,32.0,0.2036635220125785,47.75471698113208,10.824150108496788,0.2113207547169811,0.0226415094339622,0.0830188679245283,0.060377358490566,0.0075471698113207,0.0490566037735849,0.0037735849056603,0.1471698113207547,0.0716981132075471,0.1245283018867924,0.090566037735849,0.1283018867924528,2.2074928996417422,0.0034851271706024,0.4784203031435046,1.3054187192118227,0.7593984962406015,0.2160697542361349,0.8271251084165713,0.2490563547172302,new_midi_files\BigSynthPiano\midi\Beethoven_WoO80_var9_8bars_4_7.mid,24.482291666666665,1,1,1,0,0,5.571017919109341,68.0,11.563615123793298,72.0,0.2413309939492448,0.1291666666666664,0.0890901199494949,0.0637811214017161,5,2.204484533889291,1,0,0,0,0,0,0,0,0,0,0,0,0,0,0,0
Beethoven,Beethoven_WoO80_var9_8bars_7_7.mid,210.12875536480672,258,182,66.73255813953489,32.0,0.1703649870801034,40.66666666666666,11.730049727681742,0.2015503875968992,0.0232558139534883,0.0891472868217054,0.0620155038759689,0.0077519379844961,0.0426356589147286,0.003875968992248,0.1472868217054263,0.0736434108527131,0.1317829457364341,0.0930232558139534,0.1240310077519379,2.213029845637648,0.0033363880375778,0.4795260426486775,1.4098360655737705,0.7027027027027027,0.1926154805222966,0.8113079357714545,0.2558136976746744,new_midi_files\BigSynthPiano\midi\Beethoven_WoO80_var9_8bars_7_7.mid,21.994791666666668,1,1,1,0,0,5.594344635927834,68.0,10.532219546648816,73.0,0.2181801849034323,0.1182291666666657,0.0794382295719844,0.0547235144473916,4,1.9983897703054705,1,0,0,0,0,0,0,0,0,0,0,0,0,0,0,0
Beethoven,Beethoven_WoO80_var9_8bars_Score_7.mid,225.8097686375322,254,148,66.67716535433071,32.0,0.1751845472440949,72.83464566929133,14.427975503683324,0.2007874015748031,0.0236220472440944,0.0826771653543307,0.0629921259842519,0.0078740157480314,0.0511811023622047,0.0039370078740157,0.1535433070866141,0.0748031496062992,0.1299212598425196,0.0944881889763779,0.1141732283464567,2.2206667217199816,0.0032545759535963,0.4799244141532356,1.7046979865771812,0.5803921568627451,0.3211265815701676,0.8855285044609106,0.2598422598427795,new_midi_files\BigSynthPiano\midi\Beethoven_WoO80_var9_8bars_Score_7.mid,17.6046875,2,2,1,0,0,5.593699900688019,68.0,14.614879581762224,63.0,0.177290165121367,0.1234375000000014,0.0681818181818181,0.0485888264601365,3,2.527558356261658,2,0,0,0,0,0,0,0,0,0,0,0,0,0,0,0
Beethoven,000124_all.mid,139.39393939393932,676,288,62.94822485207101,36.0,0.6008875739644971,127.0,4.333333333333333,0.1612426035502958,0.0384615384615384,0.0710059171597633,0.0355029585798816,0.1715976331360946,0.0488165680473372,0.0606508875739644,0.150887573964497,0.0310650887573964,0.0946745562130177,0.014792899408284,0.1213017751479289,2.2803297896219004,0.0027985909301339,0.5718985644583595,2.339100346020761,0.4254062038404727,0.904597453054177,0.20589946734703,0.1804731923078728,new_midi_files\ChoralTech.us\Beethoven\000124_all.mid,156.0,5,4,1,0,0,9.057605574451834,64.0,0.0,0.0,0.4727945803105587,0.5999999999999943,0.2293333333333333,0.4739263890333837,4,2.603846153846156,4,0,0,0,0,0,0,0,0,0,0,0,0,0,0,0
Beethoven,000128_all.mid,108.043586304456,1153,409,63.10841283607979,37.0,0.6781371379011276,127.0,3.485643583336166,0.204683434518647,0.007805724197745,0.1431049436253252,0.0615784908933217,0.0823937554206418,0.0919340849956634,0.0303555941023417,0.1769297484822203,0.0251517779705117,0.0598438855160451,0.0164787510841283,0.0997398091934085,2.208783772657952,0.0037327938371277,0.586292662910293,2.81219512195122,0.354419410745234,1.164671892259749,0.0936252914250051,0.1413701968778517,new_midi_files\ChoralTech.us\Beethoven\000128_all.mid,330.78539800000004,5,4,1,0,0,8.409172314048716,63.0,0.0,0.0,0.5450659115583711,0.4285710000000051,0.2833578637152778,0.7396013036505429,4,2.363744363347017,4,0,0,0,0,0,0,0,0,0,0,0,0,0,0,0
Beethoven,BeethovenFurElise.mid,198.30547120093695,2072,1115,64.15637065637065,67.0,0.20705474330357188,86.66216216216216,14.77517249931442,0.1167953667953668,0.004826254826254826,0.07432432432432433,0.06177606177606178,0.2702702702702703,0.0444015444015444,0.0028957528957528956,0.055984555984555984,0.032818532818532815,0.22104247104247104,0.03185328185328185,0.08301158301158301,2.074090839796016,0.006306171726055896,1.0443233971967767,1.8566308243727598,0.537867824409069,0.4348207886114205,0.09566110525853205,0.13416975000013417,new_midi_files\commons.wikimedia.org\Beethoven\BeethovenFurElise.mid,140.23524937500002,9,2,1,0,0,12.388914428935198,67.0,21.48110772626609,126.0,0.1438569590349122,0.17045437500000382,0.06706318113230324,0.09408829857675752,10,3.0592695491115385,2,0,0,0,0,0,0,0,0,0,0,0,0,0,0,0
Beethoven,Beethoven_-_Die_Himmel_rühmen_des_Ewigen_Ehre_(MIDI-Datei).mid,84.80981595092024,721,159,55.28016643550624,58.0,0.8934147270862258,89.95145631067962,6.625125628140704,0.0957004160887656,0.09153952843273232,0.10818307905686546,0.08876560332871013,0.006934812760055479,0.2538141470180305,0.016643550624133148,0.03467406380027739,0.0651872399445215,0.059639389736477116,0.17337031900138697,0.005547850208044383,2.1449813891999425,0.004802576920421608,1.0492008742134675,4.50625,0.22022160664819945,1.0482653448660026,0.1174651190455959,0.43550580582567827,new_midi_files\commons.wikimedia.org\Beethoven\Beethoven_-_Die_Himmel_rühmen_des_Ewigen_Ehre_(MIDI-Datei).mid,108.828125,5,4,2,0,0,12.25930009450991,57.0,13.544159089879841,42.0,0.44671659232018635,0.615234375,0.1478949652777778,0.38236453911015655,9,5.918984804977292,3,0,0,0,0,0,0,0,1,0,0,0,0,0,0,0
Beethoven,Drei-duos-für-Clarinette-und-Fagott_No3.mid,226.5717192268568,6804,4732,67.05746619635508,47.0,0.28060699588477367,72.0,6.449289099526067,0.14506172839506173,0.003233392122281011,0.14124044679600234,0.10640799529688419,0.023221634332745444,0.16740152851263962,0.019253380364491476,0.11493239271017049,0.005878894767783657,0.10346854791299236,0.15461493239271018,0.015285126396237508,2.142186542120335,0.003834494135678624,0.7008913692247938,1.437566025776463,0.6953710506980162,0.31638377670393303,0.033294888938553535,0.28938830555584494,new_midi_files\commons.wikimedia.org\Beethoven\Drei-duos-für-Clarinette-und-Fagott_No3.mid,1055.0,2,2,2,0,0,10.023125309190288,69.0,0.0,0.0,0.26471787413968717,0.25,0.15500514478906366,0.19472585427412772,2,1.8097156398104266,0,0,0,0,0,0,0,0,2,0,0,0,0,0,0,0
Beethoven,DreiDuosFürClarinetteUndFagott_No1.mid,220.25379516011483,4413,3173,66.44006344890097,48.0,0.286430019752247,62.42465443009291,6.394661353572995,0.15114434624971673,0.012236573759347382,0.13890777249036937,0.028098799002945842,0.11987310219805121,0.08928166779968276,0.04713346929526399,0.17199184228416042,0.017675050985723997,0.09358712893723091,0.017675050985723997,0.11239519601178337,2.2407887707250413,0.0029921254825545384,0.7224556507905976,1.390359168241966,0.7188491164476665,0.2821404911265727,0.04989891145448909,0.12281882121018402,new_midi_files\commons.wikimedia.org\Beethoven\DreiDuosFürClarinetteUndFagott_No1.mid,690.1069120000001,2,2,2,0,0,10.606889030125744,65.0,8.105247488215973,24.0,0.22755727271816809,0.24590150000000222,0.15636015650498644,0.15392656110508698,4,1.8316229778128343,0,0,0,0,0,2,0,0,0,0,0,0,0,0,0,0
Beethoven,DreiDuosFürClarinetteUndFagott_No2.mid,233.07159353348726,5840,5116,61.2222602739726,33.0,0.34775256849315067,72.0,6.1798941798941796,0.15205479452054796,0.016267123287671232,0.10873287671232877,0.0061643835616438354,0.11934931506849315,0.16900684931506849,0.01986301369863014,0.13732876712328768,0.007191780821917808,0.15222602739726027,0.0773972602739726,0.03441780821917808,2.166726264128477,0.003697791239236046,0.5390196198785177,1.1412937267930428,0.8758774182502996,0.3075981964026719,0.039902686788818226,0.12688343476040084,new_midi_files\commons.wikimedia.org\Beethoven\DreiDuosFürClarinetteUndFagott_No2.mid,945.0,3,2,2,0,0,6.036213576673407,62.0,0.0,0.0,1.1012295369274263,0.25,0.1618213735228635,0.15747883008474148,6,2.149074074074074,0,0,0,0,0,0,0,0,2,0,0,0,0,0,0,0
Beethoven,Furelise.mid,151.3776905715578,1033,752,64.10454985479187,67.0,0.2377646895983153,98.44820909970959,6.969213714209545,0.11616650532429816,0.00484027105517909,0.07260406582768635,0.060019361084220714,0.2700871248789932,0.04743465634075508,0.002904162633107454,0.05808325266214908,0.03291384317521781,0.22168441432720232,0.030977734753146177,0.08228460793804453,2.0750226287404177,0.006299608613298007,1.0451676067704903,1.3718459495351925,0.7272727272727273,0.6460802019668195,0.14640008759338277,0.1316552410456302,new_midi_files\commons.wikimedia.org\Beethoven\Furelise.mid,148.22332078779763,3,2,1,0,0,12.335371213604695,67.0,23.36091421289792,67.0,0.17883122284291997,0.19713328779761952,0.14267123498062015,0.09776960487809565,5,1.6570329355033535,2,0,0,0,0,0,0,0,0,0,0,0,0,0,0,0
Beethoven,Ludwig_van_Beethoven_-_Bagatelles_Op._126.mid,191.0632139299171,7520,6302,62.54175531914893,67.0,0.2978345712890625,60.06502659574468,6.6066364953405285,0.10332446808510638,0.0336436170212766,0.1163563829787234,0.09813829787234042,0.05053191489361702,0.058643617021276594,0.08457446808510638,0.13829787234042554,0.05771276595744681,0.04441489361702128,0.09601063829787235,0.11835106382978723,2.4069293954205486,0.0010370493498817967,1.0712842737914294,1.1930826590512453,0.8379204892966361,0.31273571532371686,0.025403964091200253,0.37007941715462545,new_midi_files\commons.wikimedia.org\Beethoven\Ludwig_van_Beethoven_-_Bagatelles_Op._126.mid,1138.2493959375001,17,1,1,0,0,15.622495070826671,63.0,19.47737777387144,116.0,0.4017199756359179,0.1909720312499985,0.15099624218646096,0.3534962408511101,7,1.9676847482524153,1,0,0,0,0,0,0,0,0,0,0,0,0,0,0,0
Beethoven,Moonlite.mid,167.33293565995498,6540,3761,60.829969418960246,65.0,0.1552713470549826,68.52477064220183,15.611557674848742,0.043119266055045874,0.1743119266055046,0.018501529051987767,0.13348623853211009,0.09174311926605505,0.01620795107033639,0.06192660550458716,0.044036697247706424,0.24403669724770644,0.06100917431192661,0.038837920489296636,0.072782874617737,2.210136437855763,0.004300571718928759,1.0685522210896883,1.7384370015948962,0.5749885338633236,0.40707880708875027,0.025582164143090502,0.6525987357804692,new_midi_files\commons.wikimedia.org\Beethoven\Moonlite.mid,418.920400911459,5,2,1,0,0,13.762872351030026,61.0,20.781633663652855,97.0,0.48712553230370126,0.08984375,0.06405642414344075,0.1074823777254292,11,2.4240275898003087,2,0,0,0,0,0,0,0,0,0,0,0,0,0,0,0
Beethoven,Pathétique-1.mid,210.1053769251559,4371,2180,60.8716540837337,60.0,0.2237622016319685,57.56668954472661,10.456937799043063,0.16403568977350722,0.03180050331731869,0.08350491878288721,0.11942347288949898,0.038206360100663465,0.10569663692518874,0.04461221688400824,0.14916495081217113,0.10020590253946465,0.036604895904827274,0.08579272477693892,0.04095172729352551,2.3452441888928703,0.0019259331576470008,0.9856804438365497,2.0041265474552956,0.4986276303751144,0.2726917257305861,0.04805703955287189,0.3818344385727909,new_midi_files\commons.wikimedia.org\Beethoven\Pathétique-1.mid,418.0,1,1,1,0,0,14.306807465781967,62.0,22.69017502252171,117.0,0.4230549672245882,0.0999999999999659,0.09496710526315788,0.26892486803355414,8,2.3398674242424264,1,0,0,0,0,0,0,0,0,0,0,0,0,0,0,0
Beethoven,Pathétique-2.mid,194.13227250124075,1625,1597,56.99138461538462,60.0,0.476676923076923,36.79076923076923,5.345394736842105,0.07323076923076922,0.09476923076923077,0.03323076923076923,0.2393846153846154,0.032,0.046153846153846156,0.012307692307692308,0.08184615384615385,0.15938461538461537,0.017846153846153845,0.11569230769230769,0.09415384615384616,2.2177373093959662,0.003949662064431294,1.0527906867350005,1.0168961201501878,0.9821648216482165,0.18854271904477152,0.1193925415136782,0.6215378400006215,new_midi_files\commons.wikimedia.org\Beethoven\Pathétique-2.mid,304.0,1,1,1,0,0,9.355340042649944,56.0,18.44641072509916,119.0,0.7075522931140562,0.20625000000000426,0.1834975369458128,0.24285521770750537,7,2.5480263157894747,1,0,0,0,0,0,0,0,0,0,0,0,0,0,0,0
Beethoven,Piano_Concerto_No._5_(E_flat_Major)_-_Movement_2_-_Adagio_un_poco_mosso.mid,197.07803024084734,3104,1263,68.28898195876289,70.0,0.7065079633732011,61.60083762886598,6.458586237395814,0.013853092783505154,0.10824742268041238,0.036404639175257734,0.1208118556701031,0.12951030927835053,0.011275773195876288,0.19619845360824742,0.05122422680412371,0.061211340206185565,0.031894329896907214,0.055412371134020616,0.18395618556701032,2.2155703398589712,0.0036824320833480947,1.0250555355652364,2.4556962025316458,0.4067632850241546,0.3109927817535554,0.06347118526275276,0.5418809014180678,new_midi_files\commons.wikimedia.org\Beethoven\Piano_Concerto_No._5_(E_flat_Major)_-_Movement_2_-_Adagio_un_poco_mosso.mid,480.6005348395833,11,10,6,0,0,14.211806556982,70.0,14.802440827546553,90.0,1.1500170039417243,0.41666654166670014,0.1518480625986948,0.3091440185458346,14,4.563042608852688,1,0,0,0,0,1,5,1,1,1,0,0,0,0,0,0
Beethoven,Piano_Concerto_No._5_(E_flat_Major)_-_Movement_3_-_Rondo_-_Allegro_ma_non_troppo.mid,251.37982354505124,16813,4378,65.37441265687266,74.0,0.24349853142409583,99.59085231665972,27.877401650924657,0.06923214179503956,0.017962291084280022,0.07012430857074882,0.1895557009456968,0.030274192589067984,0.10212335692618807,0.006602034140248617,0.11842027002914411,0.09564027835603402,0.036935704514363885,0.2180455599833462,0.045084161065841906,2.201487985928782,0.0040109661111286206,1.131941318638818,3.839461064169902,0.2603782562150589,0.3946070288732181,0.014950625879924542,0.527805336704269,new_midi_files\commons.wikimedia.org\Beethoven\Piano_Concerto_No._5_(E_flat_Major)_-_Movement_3_-_Rondo_-_Allegro_ma_non_troppo.mid,603.1049884250003,15,14,10,0,0,13.748815280874522,63.0,8.228573368475507,108.0,0.3801963541600626,0.19999999999998863,0.03556248021799908,0.07841379000428791,25,6.7881063619198105,2,0,0,0,0,2,4,2,3,1,0,0,0,0,0,0
Beethoven,Quartet_13_mvt5.MID,73.75612706342642,1215,446,57.45432098765432,48.0,1.102620316237997,91.10534979423868,3.5661581872652635,0.07736625514403292,0.04197530864197531,0.060082304526748974,0.2189300411522634,0.0205761316872428,0.1037037037037037,0.019753086419753086,0.13991769547325103,0.10205761316872428,0.007407407407407408,0.16790123456790124,0.040329218106995884,2.198553325689968,0.003948937887742949,0.8354462874057439,2.7181208053691277,0.3667763157894737,1.2187007724054626,0.060654709756107254,0.5506167333338841,new_midi_files\commons.wikimedia.org\Beethoven\Quartet_13_mvt5.MID,340.70277766666663,1,8,1,0,0,10.301193139364866,58.0,19.507316665253246,65.0,0.8545867250996693,0.8159718958333428,0.2716881236614497,0.41382061895311056,7,3.93211846819715,8,0,0,0,0,0,0,0,0,0,0,0,0,0,0,0
Beethoven,Sym_9_First_Movement.mid,181.5348115176669,29470,4678,61.6003393281303,73.0,0.258794004979288,68.14356973193078,32.943866720968295,0.06199524940617577,0.03634204275534442,0.25707499151679675,0.027417712928401766,0.07638276213098066,0.09440108585001697,0.034645402103834405,0.0850695622667119,0.012826603325415678,0.19351883271123177,0.08791991856124873,0.03240583644384119,2.184671601153496,0.004853936690554226,1.185058387845691,6.2983543492199185,0.15873231312137356,0.3733182134703955,0.006159777799113261,0.1991514805227645,new_midi_files\commons.wikimedia.org\Beethoven\Sym_9_First_Movement.mid,894.5519434500011,21,16,10,0,0,12.853441305615496,62.0,33.37113058997572,126.0,0.7234349397853866,0.10810813333336,0.0301106672418474,0.08225311569301418,25,8.525675208223245,0,0,0,0,0,2,7,3,3,1,0,0,0,0,0,0
Beethoven,Sym_9_Fourth_Movement.mid,221.73834325672337,47745,7652,64.72342653681014,79.0,0.32511179610029173,72.95610011519531,34.61354963446014,0.03475702070494915,0.06369277352495896,0.1722071774313922,0.01882849649231294,0.1234407318165341,0.035140840565494595,0.12734290039874618,0.09218073650766574,0.01872187986438365,0.20321129283323028,0.04354223084632279,0.06693391901400943,2.2437179294680365,0.0034290599923058403,1.2205781276813616,6.238729909839279,0.1602647342185733,0.32754172024664696,0.004644123973876835,0.27212800899871553,new_midi_files\commons.wikimedia.org\Beethoven\Sym_9_Fourth_Movement.mid,1379.3731213416668,32,39,14,1,1,13.561264815323094,65.0,14.63416269876214,104.0,0.4845991980135551,0.2009535083333276,0.02888604057769912,0.11635436757883294,34,11.253273291065822,4,0,0,0,0,6,5,6,14,3,0,0,0,0,0,0
Beethoven,Sym_9_Second_Movement.mid,178.07762827038192,34834,6530,64.51696618246541,71.0,0.14206634162354534,76.248521559396,41.8586422790231,0.07791943183141227,0.03024217021772034,0.21317964838747236,0.01993829316567703,0.10498893934101758,0.12003725695657236,0.02878682035161253,0.10964605891256259,0.011468156944929562,0.20517522412387937,0.04526138083595296,0.03335661893119106,2.17756981774067,0.004430666578863325,1.1004857032290347,5.333639565150819,0.18745514568680924,0.42578474092962354,0.005112031814852359,0.1356966858192066,new_midi_files\commons.wikimedia.org\Beethoven\Sym_9_Second_Movement.mid,832.1817933749991,20,21,10,1,1,13.332811593502425,65.0,25.501988653806098,110.0,0.38729207178372743,0.08928575000001615,0.023836907064900114,0.08943023101848858,26,5.946704173909539,0,0,0,0,1,4,5,5,4,1,0,0,0,0,0,0
Beethoven,Sym_9_Third_Movement.mid,147.57131831336105,8499,3109,64.4539357571479,66.0,1.0450192321586849,48.50864807624426,8.642271735162087,0.10365925402988586,0.012707377338510413,0.12413225085304154,0.09871749617602071,0.02588539828215084,0.21273090951876691,0.03671020120014119,0.07859748205671255,0.006236027767972703,0.08612777973879279,0.19037533827509118,0.024120484762913282,2.171532492651959,0.004204874272079599,1.0239871033584407,2.732797427652733,0.36576470588235294,0.3265007582010657,0.017361331566277772,0.3447460960116402,new_midi_files\commons.wikimedia.org\Beethoven\Sym_9_Third_Movement.mid,983.4219821416667,18,18,9,0,0,11.659344427950398,65.0,14.832040452187885,94.0,1.4626571247293727,0.7099999999999937,0.11551172613556131,0.2720733586134954,23,9.031340172785738,0,0,0,0,0,6,5,3,3,1,0,0,0,0,0,0
Beethoven,beethoven-122.mid,193.4461040404355,6311,3934,61.83504991285058,58.0,0.1678507793006919,57.23181746157503,15.914496762480464,0.2070987165266994,0.0667089209317065,0.0373950245602915,0.1074314688638884,0.0533988274441451,0.1164633180161622,0.0133100934875614,0.1510061796862621,0.1212169228331484,0.0114086515607669,0.0781175724924734,0.0364443035968943,2.245776204931809,0.0032163283138204,0.9379793360523688,1.6038119440914866,0.6232572877059569,0.2943325490834907,0.0306473548860005,0.3867845918241865,new_midi_files\midi-classical-music\data\beethoven-122.mid,396.55668,3,2,1,0,0,12.254376734932974,61.0,22.26078081983108,88.0,0.1415691577222938,0.1271014999999948,0.0626846066561014,0.0742178882610762,8,2.671260683760688,2,0,0,0,0,0,0,0,0,0,0,0,0,0,0,0
Beethoven,beethoven-13.mid,194.9823848812951,36637,6090,63.63040096077736,79.0,0.1768863523756719,103.13682888882823,57.495524088815024,0.2236809782460354,0.0127193820454731,0.1297595327128312,0.0117913584627562,0.1230723039550181,0.0818298441466277,0.0197614433496192,0.2104702895979474,0.022982231077872,0.0594753937276523,0.0131560990255752,0.0913011436525916,2.1061079914971765,0.0052453218215348,1.241544883665778,6.0149400755212605,0.1662208635842567,0.5262556068561843,0.0053218621344313,0.0804104335508624,new_midi_files\midi-classical-music\data\beethoven-13.mid,637.214819425,35,22,14,0,0,15.116905988625389,64.0,13.209595391183846,59.0,0.2933472199113137,0.1011905166666622,0.0173906270539906,0.0594956895524987,29,10.170173533998051,0,0,0,0,0,9,4,3,4,2,0,0,0,0,0,0
Beethoven,beethoven-sonata_no_17_in_d_minor_op_31_no_2_tempest.mid,215.6360888660299,9982,6913,62.32167902224003,61.0,0.4598481011017746,67.37397315167301,7.125055183711217,0.0914646363454217,0.063714686435584,0.1345421759166499,0.0367661791224203,0.1135043077539571,0.1204167501502705,0.0227409336806251,0.0655179322781005,0.0410739330795431,0.1816269284712482,0.0828491284311761,0.045782408335003,2.3404787700997582,0.0020311619910919,0.9787926124300824,1.4437373445183683,0.6924772112591405,0.3110006901635757,0.0216003294466623,0.2471446136047352,new_midi_files\midi-classical-music\data\beethoven-sonata_no_17_in_d_minor_op_31_no_2_tempest.mid,1400.9716055,3,2,1,0,0,12.540649547367334,62.0,26.08930564785152,97.0,5.425279602545555,0.1331017187501402,0.1401551221570985,0.3572989290336324,11,3.276443096475016,2,0,0,0,0,0,0,0,0,0,0,0,0,0,0,0
Beethoven,Beethoven__Fur_Elise.mid,218.18181818181824,147,129,64.6734693877551,55.0,0.3255102040816327,63.42176870748299,3.712550905513054,0.1224489795918367,0.0,0.0544217687074829,0.0816326530612244,0.3673469387755102,0.0136054421768707,0.0,0.0272108843537414,0.0408163265306122,0.1904761904761904,0.0,0.1020408163265306,1.8238288428718428,0.0104595693152544,0.8504259887438077,1.1307692307692307,0.8716216216216216,0.2893568875082176,1.4742014742014746,0.1224488571429796,new_midi_files\midisheetmusic.com\Beethoven\Beethoven__Fur_Elise.mid,39.595416666666665,2,2,1,0,0,11.135017550704852,69.0,10.870871752255509,67.0,0.1539024502130849,0.2750000000000003,0.2410958904109589,0.0904109589041095,4,1.2084732029170042,2,0,0,0,0,0,0,0,0,0,0,0,0,0,0,0
Beethoven,Beethoven__Minuet_in_G_major.mid,178.06469419372655,404,204,63.54950495049505,50.0,0.4826727846534653,63.77970297029703,4.96721808197218,0.0717821782178217,0.0495049504950495,0.1881188118811881,0.0123762376237623,0.0717821782178217,0.0074257425742574,0.099009900990099,0.1707920792079208,0.0074257425742574,0.1188118811881188,0.042079207920792,0.1608910891089109,2.179587214109145,0.003818389264669,0.7867881780064492,1.9707317073170727,0.5037037037037037,0.3561824582868079,0.4396659115894483,0.2103958292081312,new_midi_files\midisheetmusic.com\Beethoven\Beethoven__Minuet_in_G_major.mid,81.333252,2,2,1,0,0,9.873959388834438,67.0,11.291304106551411,63.0,0.2557952826569233,0.3333330000000103,0.1968567096774194,0.2264211905127034,4,2.3975409836065555,2,0,0,0,0,0,0,0,0,0,0,0,0,0,0,0
Beethoven,Beethoven__Moonlight_Sonata.mid,121.28113879003558,1141,824,58.35845749342682,58.0,1.3037494522348816,66.05872042068361,2.7556642364413046,0.0560911481156879,0.1630148992112182,0.0175284837861524,0.0744960560911481,0.1174408413672217,0.0166520595968448,0.1402278702892199,0.0350569675723049,0.1945661700262927,0.0823838737949167,0.0087642418930762,0.0937773882559158,2.2219409025763617,0.0033933539667262,0.99385764287336,1.383030303030303,0.7215411558669002,0.5402200296327841,0.1062006469264759,0.5810686564422989,new_midi_files\midisheetmusic.com\Beethoven\Beethoven__Moonlight_Sonata.mid,414.05625,2,2,1,0,0,10.77343727969963,61.0,8.060956731580227,53.0,1.7318425835063769,0.5,0.3578947368421052,0.2503577178034392,6,3.5926957388036045,2,0,0,0,0,0,0,0,0,0,0,0,0,0,0,0
Beethoven,Beethoven__Sonata_Pathetique_2nd_Mov.mid,146.1300309597524,597,278,57.21608040201005,52.0,0.6447375767727525,61.71189279731993,4.745761589074945,0.1222780569514237,0.0720268006700167,0.0351758793969849,0.2093802345058626,0.0268006700167504,0.0904522613065326,0.0,0.1306532663316583,0.1541038525963149,0.0067001675041876,0.1390284757118928,0.0134003350083752,2.125672206988614,0.0042629511787487,0.9088353960250972,2.139784946236559,0.4648829431438127,0.4194377748360652,0.2443646002671444,0.5745387889452982,new_midi_files\midisheetmusic.com\Beethoven\Beethoven__Sonata_Pathetique_2nd_Mov.mid,125.7964583333333,2,2,1,0,0,9.22863557737552,56.0,13.653184850111773,82.0,0.5145794469811216,0.4249999999999989,0.2025167785234899,0.2190574933683113,5,3.059770826881386,2,0,0,0,0,0,0,0,0,0,0,0,0,0,0,0
Beethoven,appass_3.mid,265.2554833443439,7223,4070,63.28699986155337,67.0,0.1582839084556276,58.84632424200471,15.533240700100835,0.2210992662328672,0.0764225391111726,0.0178596151183718,0.0553786515298352,0.0562093313027827,0.1640592551571369,0.0418108819050256,0.0928976879412986,0.1187872075314966,0.0276893257649176,0.1006506991554755,0.0271355392496192,2.255510860833068,0.003414564678421,1.0586692225559746,1.7742569393269467,0.5633997785160576,0.2210145064539374,0.0367186438738017,0.3930495861834195,new_midi_files\piano-midi.de\Beethoven\appass_3.mid,465.0027730499992,11,2,1,0,0,14.231779519384927,63.0,13.942651770961254,81.0,0.1675909535784031,0.106006999999991,0.0643036218568262,0.090772982635546,8,2.4586620489939963,2,0,0,0,0,0,0,0,0,0,0,0,0,0,0,0
Beethoven,beethoven_hammerklavier_1.mid,205.5709494988301,8290,3746,68.47406513872136,72.0,0.2060417198876667,54.91785283474065,13.997715909690806,0.1002412545235223,0.0326899879372738,0.152714113389626,0.0806996381182147,0.0419782870928829,0.1193003618817852,0.0604342581423401,0.1138721351025331,0.0324487334137515,0.0743063932448733,0.127503015681544,0.0638118214716526,2.3788429932545263,0.0014279072245236,1.0514929820895325,2.2124366159594344,0.4518152213243276,0.2658546759260148,0.0247944698466807,0.3337752995178248,new_midi_files\piano-midi.de\Beethoven\beethoven_hammerklavier_1.mid,592.2394806041693,17,2,1,0,0,15.275653437344534,70.0,17.243264301904638,99.0,0.2016260194081988,0.1378155166666488,0.0711469364644914,0.1054783807346834,10,2.8841134605316547,2,0,0,0,0,0,0,0,0,0,0,0,0,0,0,0
Beethoven,beethoven_hammerklavier_2.mid,205.917577115326,1887,823,63.41176470588236,72.0,0.1895701808492315,51.75781664016958,13.891630551289488,0.1091679915209326,0.1038685744568097,0.0789613142554319,0.063063063063063,0.0148383677795442,0.2093269740328563,0.0153683094859565,0.0699523052464228,0.0317965023847376,0.0657127715951245,0.1552729199788023,0.0826709062003179,2.2756829213811427,0.0029188041965092,1.1354359746730875,2.2900485436893203,0.4359110169491525,0.25013736078749,0.1090665133026091,0.3693690000003694,new_midi_files\piano-midi.de\Beethoven\beethoven_hammerklavier_2.mid,135.8371857812501,17,2,1,0,0,15.65826526907226,65.0,18.07618456530822,101.0,0.1588288892718572,0.1310042499999966,0.0716917303983298,0.1245948943036983,6,2.633438915898667,2,0,0,0,0,0,0,0,0,0,0,0,0,0,0,0
Beethoven,beethoven_hammerklavier_3.mid,176.6348375009915,5190,1938,63.44508670520232,71.0,0.605943371156069,43.72061657032755,6.826372465442688,0.0292870905587668,0.1647398843930635,0.0903660886319845,0.0439306358381502,0.0493256262042389,0.0610789980732177,0.1543352601156069,0.0605009633911368,0.0834296724470134,0.1034682080924855,0.050674373795761,0.1088631984585741,2.366789579306468,0.0017073524625564,1.119077970699664,2.6766374419804024,0.3733384704295897,0.2461263634172183,0.034027131092466,0.4971093294802658,new_midi_files\piano-midi.de\Beethoven\beethoven_hammerklavier_3.mid,760.2866714749985,17,2,1,0,0,14.188911582301255,63.0,15.298777099408133,93.0,0.5308181412763489,0.3947367499999927,0.1460976984390052,0.2531557469652432,9,4.1363951444773095,2,0,0,0,0,0,0,0,0,0,0,0,0,0,0,0
Beethoven,beethoven_hammerklavier_4.mid,239.627413073226,8008,5414,62.273476523476525,70.0,0.2068933478001157,59.80831668331668,12.476364338579524,0.0977772227772227,0.0666833166833166,0.0962787212787212,0.0884115884115884,0.0678071928071928,0.1001498501498501,0.0651848151848151,0.0945304695304695,0.0531968031968032,0.0954045954045954,0.1155094905094905,0.059065934065934,2.458259676334092,0.0003613299301985,1.1240740485965417,1.4788550323176362,0.6759895117992258,0.2485515507957368,0.0299197668963948,0.3889856250003889,new_midi_files\piano-midi.de\Beethoven\beethoven_hammerklavier_4.mid,641.8536508458311,17,2,1,0,0,14.255863921402756,63.0,13.996265584551406,99.0,0.3924543514477143,0.1153845000000046,0.0799443635376334,0.134528408769625,9,2.581276786382685,2,0,0,0,0,0,0,0,0,0,0,0,0,0,0,0
Beethoven,beethoven_les_adieux_2.mid,187.6910667736452,868,442,64.73617511520737,64.0,0.6213202775489628,43.555299539170505,5.001650552965746,0.1566820276497695,0.0403225806451612,0.1105990783410138,0.0449308755760368,0.0622119815668202,0.1048387096774193,0.054147465437788,0.152073732718894,0.0576036866359447,0.0944700460829493,0.076036866359447,0.0460829493087557,2.381376918913391,0.0015133871793601,0.9886280568395446,1.959367945823928,0.5086306098964327,0.2308286252439268,0.2159851171158172,0.2730412016131763,new_midi_files\piano-midi.de\Beethoven\beethoven_les_adieux_2.mid,173.54271171249988,17,2,1,0,0,11.174804202523031,64.0,12.164973214001462,56.0,0.7771318978615991,0.2639153718750009,0.1987735659890425,0.2800749849535732,7,3.1076269097715983,2,0,0,0,0,0,0,0,0,0,0,0,0,0,0,0
Beethoven,beethoven_les_adieux_3.mid,164.34076907290043,5331,2711,66.12961920840368,72.0,0.1381125168061811,52.53892327893453,17.734452446382132,0.091352466704183,0.0243856687300694,0.0921027949728006,0.1480022509848058,0.0140686550365785,0.1358094166197711,0.0408928906396548,0.1395610579628587,0.0641530669667979,0.0363909210279497,0.1963984243106359,0.0168823860438942,2.233612287578532,0.0033402587569878,1.0887708075911544,1.9657079646017697,0.5084396099024756,0.3177614545615763,0.0308215996010691,0.4738318278001362,new_midi_files\piano-midi.de\Beethoven\beethoven_les_adieux_3.mid,300.60133043958376,17,2,1,0,0,13.327536489312026,65.0,14.745350957765758,83.0,0.1257001473290642,0.0911855000000017,0.0563290381687774,0.0827811627944308,8,2.4493498615493703,2,0,0,0,0,0,0,0,0,0,0,0,0,0,0,0
Beethoven,beethoven_opus10_1.mid,181.6242749372265,2874,1765,61.061586638830896,59.0,0.3206549324779635,54.30828114126653,7.343790411702669,0.1530967292971468,0.0180932498260264,0.0873347251217814,0.1541405706332637,0.022616562282533,0.1214335421016005,0.0198329853862212,0.1635351426583159,0.0737647877522616,0.0247042449547668,0.1099512874043145,0.0514961725817675,2.255865170135918,0.002917224988204,0.9662375690094264,1.6274065685164212,0.6139130434782609,0.2973771211956018,0.0631736608477309,0.3757825052195825,new_midi_files\piano-midi.de\Beethoven\beethoven_opus10_1.mid,391.3510379354166,17,2,1,0,0,11.709753905280982,60.0,17.09453089143844,76.0,0.3045454340682083,0.1711154999999991,0.1360666794066887,0.1735468170741609,8,2.3548226185968364,2,0,0,0,0,0,0,0,0,0,0,0,0,0,0,0
Beethoven,beethoven_opus10_2.mid,160.413272216486,1616,884,63.69863861386138,60.0,0.7504240481023104,48.89170792079208,4.158246824312719,0.1280940594059406,0.0891089108910891,0.0334158415841584,0.2332920792079208,0.0142326732673267,0.068069306930693,0.0068069306930693,0.0915841584158415,0.1509900990099009,0.0253712871287128,0.1299504950495049,0.0290841584158415,2.174877572116206,0.0042501407473668,0.94193534373289,1.825988700564972,0.546691403834261,0.3028976939096989,0.0992042499792739,0.6101479047035805,new_midi_files\piano-midi.de\Beethoven\beethoven_opus10_2.mid,388.6253193416663,17,2,1,0,0,11.393616769802415,63.0,17.04740131625527,88.0,0.6937920354667194,0.7796175750000032,0.2375063079514961,0.3419986174374445,9,3.120448414909323,2,0,0,0,0,0,0,0,0,0,0,0,0,0,0,0
Beethoven,beethoven_opus10_3.mid,196.94827061855167,2765,1657,61.90777576853526,60.0,0.1919644663569919,50.360578661844485,12.74324862682711,0.166003616636528,0.0126582278481012,0.0929475587703435,0.142133815551537,0.033634719710669,0.1045207956600361,0.020253164556962,0.149005424954792,0.1077757685352622,0.0159132007233273,0.0784810126582278,0.0766726943942133,2.266939290925116,0.0026500737025034,0.9691835683961294,1.6676718938480095,0.599060014461316,0.2544128246459391,0.0712032793270251,0.3613016278484625,new_midi_files\piano-midi.de\Beethoven\beethoven_opus10_3.mid,216.9776389812498,17,2,1,0,0,12.982468117282876,62.0,15.584054342678812,83.0,0.3150384990283735,0.0800000000000125,0.0782109330612336,0.1356587865930983,8,2.4462509223033333,2,0,0,0,0,0,0,0,0,0,0,0,0,0,0,0
Beethoven,beethoven_opus22_1.mid,165.10533609340422,5189,3268,60.22142994796685,60.0,0.1898339458907467,49.26825978030449,12.984705508682788,0.1235305453844671,0.0343033339757178,0.114087492773174,0.0603199074966274,0.0682212372326074,0.1875120447099633,0.0188861052225862,0.0847947581422239,0.0213914048949701,0.1096550395066486,0.1599537483137406,0.017344382347273,2.2604436255758023,0.0029572681225096,0.9963230540277568,1.5873355766289383,0.6296724470134875,0.296608531303293,0.031812203486205,0.2948542050494372,new_midi_files\piano-midi.de\Beethoven\beethoven_opus22_1.mid,399.62400352708426,17,2,1,0,0,13.249147403380832,61.0,16.305113676613473,79.0,0.2303033588989848,0.0952379999999948,0.0766961793614271,0.1087752738937235,7,2.464937882942566,2,0,0,0,0,0,0,0,0,0,0,0,0,0,0,0
Beethoven,beethoven_opus22_2.mid,194.18965192388933,2191,969,59.74121405750799,58.0,0.4647436044357591,37.05522592423551,6.822773682735574,0.0675490643541761,0.0223642172523961,0.0853491556366955,0.1784573254221816,0.0178000912825193,0.105887722501141,0.0287539936102236,0.1401186672752168,0.0990415335463258,0.0301232314011866,0.1898676403468735,0.0346873573710634,2.2380713300787605,0.0034016542069198,0.9708540401156578,2.258762886597938,0.4420620437956204,0.1898421640645402,0.0885901696733071,0.5184841916938092,new_midi_files\piano-midi.de\Beethoven\beethoven_opus22_2.mid,321.1303938666663,17,2,1,0,0,10.962245244428676,58.0,13.605451656264751,65.0,0.4248019814895639,0.4115852999999996,0.1458407597564686,0.2142741262736407,6,3.170840433563972,2,0,0,0,0,0,0,0,0,0,0,0,0,0,0,0
Beethoven,beethoven_opus22_3.mid,234.60741647637496,1921,1129,62.44924518479959,53.0,0.2371467550255941,48.183758459135866,10.48929661085943,0.0900572618427902,0.0312337324310255,0.1759500260281103,0.0957834461218115,0.0166579906298802,0.1108797501301405,0.0416449765747006,0.1181676210307131,0.0255075481520041,0.1171264966163456,0.1509630400832899,0.0260281103591879,2.2774201205132685,0.0026659712438534,0.8486891874269001,1.7,0.5874089490114464,0.2045086660672559,0.1220642125267299,0.3451323982304336,new_midi_files\piano-midi.de\Beethoven\beethoven_opus22_3.mid,183.13906749583325,17,2,1,0,0,10.927504743516817,63.0,12.911344947442968,78.0,0.2381885707011974,0.1242545000000063,0.0946561961566839,0.1142806928537759,6,2.4875026537662768,2,0,0,0,0,0,0,0,0,0,0,0,0,0,0,0
Beethoven,beethoven_opus22_4.mid,173.89667732268478,3502,1535,63.792404340376926,60.0,0.2286423451218354,52.99828669331811,12.38473436994735,0.1202170188463735,0.0382638492290119,0.0953740719588806,0.0913763563677898,0.0265562535693889,0.2264420331239292,0.0265562535693889,0.0705311250713877,0.0342661336379211,0.0839520274129069,0.1650485436893204,0.0214163335237007,2.241623557366508,0.0036343056385898,0.9405508332827114,2.2799479166666665,0.4381958321438767,0.3030262638754202,0.0496422144797844,0.3555107809826514,new_midi_files\piano-midi.de\Beethoven\beethoven_opus22_4.mid,282.7674696437504,17,2,1,0,0,11.380096218217169,65.0,15.28654527715831,88.0,0.2354778909224585,0.1628131874999958,0.0804822410436305,0.1034328185253965,7,2.831674710055769,2,0,0,0,0,0,0,0,0,0,0,0,0,0,0,0
Beethoven,beethoven_opus90_2.mid,249.35278938607647,4010,2159,63.76209476309227,63.0,0.3660208784310064,41.42319201995012,8.113552825864287,0.0261845386533665,0.0912718204488778,0.0224438902743142,0.0872817955112219,0.1436408977556109,0.0204488778054862,0.1371571072319202,0.0147132169576059,0.1182044887780548,0.0972568578553615,0.0306733167082294,0.2107231920199501,2.218831933240272,0.0035550342072223,0.988047824432813,1.8564814814814807,0.5382697581650461,0.1654592789700065,0.0621672374435493,0.4645880640902402,new_midi_files\piano-midi.de\Beethoven\beethoven_opus90_2.mid,494.23478050416696,17,2,1,0,0,11.57153871920982,63.0,14.903068715626304,84.0,0.329857004698915,0.2202642499999996,0.1228262766286273,0.1226713294107076,6,2.969729732519215,2,0,0,0,0,0,0,0,0,0,0,0,0,0,0,0
Beethoven,mond_2.mid,181.8373708779358,898,389,61.505567928730514,50.0,0.418145325399035,58.47995545657015,7.239442742314809,0.0902004454342984,0.1915367483296214,0.0022271714922048,0.1280623608017817,0.0077951002227171,0.1369710467706013,0.1258351893095768,0.0267260579064587,0.1792873051224944,0.0,0.0913140311804008,0.0200445434298441,2.083193613262462,0.004512385300117,0.8129345174895858,2.3025641025641024,0.4327030033370411,0.3198468408059313,0.2022662634904736,0.7160349187089565,new_midi_files\piano-midi.de\Beethoven\mond_2.mid,124.04269665,7,2,1,0,0,9.970807733583325,61.0,12.654485863525876,75.0,0.3845381129583717,0.2889619999999979,0.1369045046265329,0.1947750312497913,6,3.0271391411929085,2,0,0,0,0,0,0,0,0,0,0,0,0,0,0,0
Beethoven,mond_3.mid,173.3568333665443,6538,3712,60.87060263077394,59.0,0.1636188085426869,55.08397063322117,15.932469066160856,0.0432854083817681,0.1740593453655552,0.0185071887427347,0.1342918323646375,0.0923829917405934,0.0162129091465279,0.0617925971245029,0.0443560721933312,0.2428877332517589,0.059804221474457,0.0394616090547568,0.0729580911593759,2.2115041211616195,0.0042706767117034,0.9692691788942892,1.7608402908699166,0.5676708976907784,0.315926652082629,0.0265112147677847,0.6524924646687468,new_midi_files\piano-midi.de\Beethoven\mond_3.mid,410.3569869083336,8,2,1,0,0,13.758395361460018,61.0,14.98543649148644,89.0,0.2507370484999522,0.0974324895833547,0.062723040574805,0.0971462266703029,10,2.606851605748441,2,0,0,0,0,0,0,0,0,0,0,0,0,0,0,0
Beethoven,pathetique_1.mid,188.88590864369868,5954,3129,60.87638562311052,60.0,0.3082732108498486,53.50822976150487,10.641293631148796,0.1541820624790057,0.0309035942223715,0.0769230769230769,0.1363789049378569,0.0314074571716493,0.1091703056768559,0.0485387974470943,0.1469600268726906,0.1027880416526704,0.032079274437353,0.0953980517299294,0.0352704064494457,2.330185984629421,0.0020589393526635,0.985603833083322,1.90223642172524,0.52544080604534,0.2817914722777431,0.0317188763465489,0.4140069759829468,new_midi_files\piano-midi.de\Beethoven\pathetique_1.mid,559.5184388645825,9,2,1,0,0,14.3038257918623,63.0,15.338910636019085,86.0,0.5413484985846714,0.1838710750000132,0.0938400051847106,0.3044869277345412,8,3.280425755270313,2,0,0,0,0,0,0,0,0,0,0,0,0,0,0,0
Beethoven,pathetique_2.mid,197.24768796936672,1641,575,56.96282754418038,60.0,0.5854094119274316,34.680073126142595,5.31010586172926,0.0712979890310786,0.0938452163315051,0.0341255332114564,0.2382693479585618,0.0316879951249238,0.0475319926873857,0.012187690432663,0.085313833028641,0.1596587446678854,0.0176721511273613,0.1145642900670323,0.0938452163315051,2.219769452289972,0.0039099465714724,1.0533184803746884,2.848958333333333,0.3501827040194884,0.174933052089371,0.1201264847560089,0.6185246709329768,new_midi_files\piano-midi.de\Beethoven\pathetique_2.mid,309.03338704166646,10,4,1,0,0,9.310171895254811,56.0,12.36591801408342,84.0,0.7190489464066323,0.3537736499999937,0.1821819444867884,0.2481331039702529,6,3.108585949787335,4,0,0,0,0,0,0,0,0,0,0,0,0,0,0,0
Beethoven,waldstein_1.mid,173.2976995465639,8576,5004,61.85704291044776,64.0,0.2149150966094817,51.42059235074627,13.798730760363734,0.123017723880597,0.0361473880597014,0.0820895522388059,0.060517723880597,0.1275652985074626,0.0770755597014925,0.0485074626865671,0.1113572761194029,0.0636660447761194,0.0981809701492537,0.0371968283582089,0.134678171641791,2.399843048743536,0.0011407830408842,1.0346436873487628,1.7134865134865136,0.583420776495278,0.2950158979981785,0.0202049317414671,0.2460352017259923,new_midi_files\piano-midi.de\Beethoven\waldstein_1.mid,621.5064377249968,8,2,1,0,0,15.56467734351921,60.0,18.434838611962963,84.0,0.3308579821599892,0.1264872812499788,0.0720956567113698,0.1112438033945605,8,2.965555554451792,2,0,0,0,0,0,0,0,0,0,0,0,0,0,0,0
Chopin,chpn-p1.mid,221.91849702589727,327,236,61.55351681957187,55.0,0.2497201047974008,59.77981651376147,10.645336785845736,0.1957186544342507,0.0061162079510703,0.0856269113149847,0.018348623853211,0.1590214067278287,0.0886850152905198,0.0122324159021406,0.2293577981651376,0.0061162079510703,0.1253822629969418,0.0091743119266055,0.0642201834862385,2.043924419298823,0.005712708120965,0.8935313845297713,1.379746835443038,0.7195121951219512,0.2681689375772912,0.6765807836155407,0.0519877155963822,new_midi_files\Classical Music MIDI (Kaggle)\Chopin\chpn-p1.mid,30.71767540833336,7,2,1,0,0,11.414462291570304,64.0,18.059038990571143,81.0,0.3954831647653447,0.1383666833333333,0.0841616476929959,0.0681942818052039,7,2.658354617765024,2,0,0,0,0,0,0,0,0,0,0,0,0,0,0,0
Chopin,chpn-p10.mid,208.0056267561308,322,170,63.04968944099379,65.0,0.2317143646480332,40.15527950310559,13.794003436341145,0.0341614906832298,0.2049689440993788,0.0217391304347826,0.1335403726708074,0.0962732919254658,0.0,0.1180124223602484,0.0062111801242236,0.2453416149068323,0.0869565217391304,0.0124223602484472,0.0403726708074534,2.042586219856365,0.0059103193892553,1.0309328966623783,1.8830409356725144,0.5263157894736842,0.1921253514861542,0.643980268594832,0.7142850000007144,new_midi_files\Classical Music MIDI (Kaggle)\Chopin\chpn-p10.mid,23.343476858333336,7,2,1,0,0,15.959693501873382,61.0,7.462168773893873,42.0,0.2717637315907825,0.096241229166667,0.0687032023624091,0.1248272844125272,6,3.1962687422045755,2,0,0,0,0,0,0,0,0,0,0,0,0,0,0,0
Chopin,chpn-p11.mid,178.15472600332774,320,160,63.490625,53.0,0.2541801146614583,44.63125,10.579939958485316,0.0,0.10625,0.00625,0.15,0.075,0.015625,0.3125,0.009375,0.090625,0.0,0.075,0.159375,1.9255662573765848,0.0077788628472222,0.8347688995852711,1.9875776397515528,0.4984423676012461,0.2491212539889737,0.5549991464278122,0.7343742656257343,new_midi_files\Classical Music MIDI (Kaggle)\Chopin\chpn-p11.mid,30.2459183375,7,2,1,0,0,10.553727403594191,66.0,11.10299614687405,54.0,0.3056473372632667,0.1690139999999997,0.0896709355929989,0.1629908451216215,5,2.689210351759141,2,0,0,0,0,0,0,0,0,0,0,0,0,0,0,0
Chopin,chpn-p14.mid,244.1521065906375,434,217,50.72811059907834,39.0,0.1249026825556835,50.52764976958525,15.264324880734652,0.0368663594470046,0.0691244239631336,0.0737327188940092,0.1566820276497695,0.0276497695852534,0.1059907834101382,0.1474654377880184,0.0276497695852534,0.0460829493087557,0.0506912442396313,0.1336405529953917,0.1244239631336405,2.3288518885582503,0.002111102852518,0.7688044906585597,1.9908256880733943,0.4988505747126436,0.2061073448328872,0.5612692105531897,0.5529948387102305,new_midi_files\Classical Music MIDI (Kaggle)\Chopin\chpn-p14.mid,28.432308889583336,9,2,1,0,0,7.664917543345994,51.0,15.304901793228863,76.0,0.0228077468282774,0.1229830833333345,0.061572962793495,0.0619299912473803,4,1.906555125005223,2,0,0,0,0,0,0,0,0,0,0,0,0,0,0,0
Chopin,chpn-p15.mid,165.61077691260516,1518,743,59.38076416337286,54.0,0.6792809239706835,48.88932806324111,5.53496462253254,0.0434782608695652,0.1100131752305665,0.0026350461133069,0.1001317523056653,0.0480895915678524,0.0625823451910408,0.0395256916996047,0.0039525691699604,0.4716732542819499,0.0052700922266139,0.0349143610013175,0.077733860342556,1.79195590022216,0.0148554413355066,0.909385385173652,2.040322580645161,0.489137590520079,0.2934343682274872,0.1090261862492463,0.7562574782616259,new_midi_files\Classical Music MIDI (Kaggle)\Chopin\chpn-p15.mid,274.2564954833324,9,2,1,0,0,10.062515994424905,58.0,16.56828818344829,75.0,0.6243731883913533,0.3938837500000023,0.1753179812362661,0.1920969536949019,7,3.7597958829389446,2,0,0,0,0,0,0,0,0,0,0,0,0,0,0,0
Chopin,chpn-p16.mid,190.5330974580163,1199,730,65.16763969974978,74.0,0.1243423262736307,55.461217681401166,19.577716000704804,0.1059216013344453,0.1251042535446205,0.0266889074228523,0.1426188490408673,0.0558798999165971,0.1567973311092577,0.1034195162635529,0.0200166805671392,0.0583819849874895,0.067556296914095,0.115929941618015,0.0216847372810675,2.317736725933878,0.0021063399294302,1.1355328995404943,1.640218878248974,0.6083333333333333,0.2895646675037883,0.1587775812150136,0.5454540000005454,new_midi_files\Classical Music MIDI (Kaggle)\Chopin\chpn-p16.mid,61.24309903958336,9,2,1,0,0,16.19031167634231,66.0,15.912813606730785,95.0,0.1410670900481092,0.0917285833333352,0.0498823800379104,0.0729361032554071,7,2.434338750652128,2,0,0,0,0,0,0,0,0,0,0,0,0,0,0,0
Chopin,chpn-p17.mid,212.820788102512,2495,541,62.00681362725451,58.0,0.3080927343528721,34.26372745490982,15.679378742363062,0.0629258517034068,0.1066132264529058,0.0160320641282565,0.1915831663326653,0.0509018036072144,0.0705410821643286,0.0400801603206412,0.0797595190380761,0.1723446893787575,0.0300601202404809,0.1130260521042084,0.0661322645290581,2.299194553891344,0.0026869626583382,0.93538106010862,4.6033210332103325,0.2167467948717948,0.160245071393539,0.0852647388231217,0.6236466709425075,new_midi_files\Classical Music MIDI (Kaggle)\Chopin\chpn-p17.mid,159.12620270208328,8,2,1,0,0,8.322913880261599,63.0,16.253335928093367,92.0,0.2668534330370741,0.2681593499999906,0.0609300465258286,0.1174371107374094,8,4.830702669688941,2,0,0,0,0,0,0,0,0,0,0,0,0,0,0,0
Chopin,chpn-p18.mid,228.6656532623446,573,241,60.87434554973822,68.0,0.1831872830315591,65.89528795811518,12.552777031484004,0.2006980802792321,0.0959860383944153,0.0383944153577661,0.0558464223385689,0.0471204188481675,0.1483420593368237,0.0401396160558464,0.1151832460732984,0.0907504363001745,0.0331588132635253,0.0924956369982548,0.0418848167539267,2.3223842978363374,0.0024584715331268,1.1170551119499847,2.3677685950413223,0.4198606271777003,0.2869183398653159,0.3983722182270812,0.3752177748694851,new_midi_files\Classical Music MIDI (Kaggle)\Chopin\chpn-p18.mid,45.64726980833334,8,2,1,0,0,13.695450441354245,61.0,13.199748614500791,79.0,0.2593757011125587,0.1218247083333334,0.0692667695039335,0.1446699862844073,7,2.2995091188985146,2,0,0,0,0,0,0,0,0,0,0,0,0,0,0,0
Chopin,chpn-p19.mid,243.6133228551231,1237,614,63.7962813257882,68.0,0.1091032816979925,45.38480194017785,18.39597838165146,0.0670978172999191,0.0452708164915117,0.063055780113177,0.1940177849636216,0.01535974130962,0.1147938561034761,0.0388035569927243,0.105092966855295,0.068714632174616,0.0371867421180274,0.2134195634599838,0.0371867421180274,2.2477362598407145,0.0036530233298122,1.0658928313838838,2.011382113821138,0.4959612277867528,0.1855369176561894,0.1967797438248167,0.5602257938566638,new_midi_files\Classical Music MIDI (Kaggle)\Chopin\chpn-p19.mid,67.24295790833338,8,2,1,0,0,13.209360210313111,63.0,13.375457268272674,76.0,0.0670060315802844,0.1017813333333315,0.0523819581984898,0.0640812092789754,7,2.0070616114835,2,0,0,0,0,0,0,0,0,0,0,0,0,0,0,0
Chopin,chpn-p20.mid,52.294956921302905,286,61,54.9020979020979,51.0,1.5857373487616553,50.25524475524475,3.195417924062057,0.2062937062937063,0.0384615384615384,0.1083916083916083,0.1258741258741259,0.0069930069930069,0.0874125874125874,0.0209790209790209,0.1853146853146853,0.1048951048951049,0.0279720279720279,0.0209790209790209,0.0664335664335664,2.1916127474938074,0.0039505463456512,0.928926234513253,4.612903225806452,0.2125435540069686,0.9429643564484592,0.1822123934540171,0.3111885000003112,new_midi_files\Classical Music MIDI (Kaggle)\Chopin\chpn-p20.mid,89.5031594604167,8,2,1,0,0,11.95376564440362,58.5,21.627518013623416,76.0,0.9570811857485478,1.4781970000000015,0.2635749169590644,0.5541378187224714,7,5.067093547087638,2,0,0,0,0,0,0,0,0,0,0,0,0,0,0,0
Chopin,chpn-p22.mid,200.2931200377751,628,272,57.72133757961783,66.0,0.2446077336617567,76.9952229299363,15.163262147096162,0.1449044585987261,0.0987261146496815,0.0843949044585987,0.1146496815286624,0.0111464968152866,0.0477707006369426,0.0605095541401273,0.1767515923566879,0.0493630573248407,0.0923566878980891,0.1098726114649681,0.0095541401273885,2.292504175576715,0.0023430351017169,1.143424626387744,2.3003663003663,0.4324324324324324,0.3825030031602034,0.3184310334463833,0.4331205859876942,new_midi_files\Classical Music MIDI (Kaggle)\Chopin\chpn-p22.mid,41.41589018958332,8,2,1,0,0,13.127391142602583,60.0,9.880253232139042,56.0,0.1856435446684186,0.1531453333333328,0.059439226631446,0.0882103691574344,7,3.709051188720295,2,0,0,0,0,0,0,0,0,0,0,0,0,0,0,0
Chopin,chpn-p23.mid,218.24195232810268,526,352,70.38403041825094,65.0,0.2024104955362801,41.16539923954373,10.278491380594378,0.2642585551330798,0.0,0.0950570342205323,0.0038022813688212,0.0608365019011406,0.1996197718631178,0.0038022813688212,0.1406844106463878,0.0038022813688212,0.155893536121673,0.0437262357414448,0.0285171102661596,1.9348635482899548,0.0071623085807547,0.9235049298859168,1.4900849858356942,0.6679316888045541,0.1877624186539735,0.414121351666229,0.055133024714884,new_midi_files\Classical Music MIDI (Kaggle)\Chopin\chpn-p23.mid,51.17482522708335,8,2,1,0,0,13.331430731646432,70.0,6.230156371613178,41.0,0.2433553517204217,0.135906499999999,0.0877037358253968,0.0610734054695872,5,2.0804745337114907,2,0,0,0,0,0,0,0,0,0,0,0,0,0,0,0
Chopin,chpn-p24.mid,227.88912255127548,1371,843,57.20933625091174,75.0,0.1920092529965959,62.14952589350839,10.928882479718292,0.099927060539752,0.0328227571115973,0.1422319474835886,0.0204230488694383,0.1101385849744711,0.1349380014587892,0.0284463894967177,0.0911743253099927,0.0510576221735959,0.1852662290299051,0.0459518599562363,0.0576221735959153,2.302253750940283,0.0025166264018856,1.310974809427717,1.6244075829383886,0.6144314868804664,0.2715267776850589,0.1660999435504923,0.1787014989060868,new_midi_files\Classical Music MIDI (Kaggle)\Chopin\chpn-p24.mid,125.44740988333324,8,2,1,0,0,17.130104971952182,55.0,13.22189978724048,90.0,0.2126967703178448,0.1308787499999937,0.0885671652007298,0.0961357964635799,6,2.098446561018296,2,0,0,0,0,0,0,0,0,0,0,0,0,0,0,0
Chopin,chpn-p6.mid,128.37873569642895,405,191,63.78518518518519,43.0,0.7981879024639913,35.70617283950617,4.213604048181303,0.0493827160493827,0.0814814814814814,0.2,0.0,0.0691358024691358,0.0074074074074074,0.1629629629629629,0.1061728395061728,0.0074074074074074,0.0098765432098765,0.0543209876543209,0.2518518518518518,2.0170047625300707,0.0062451099933953,0.6741377202405537,2.109375,0.4704433497536945,0.2759817727952316,0.3162037825035195,0.3061725333336395,new_midi_files\Classical Music MIDI (Kaggle)\Chopin\chpn-p6.mid,96.11724200208327,9,2,1,0,0,8.69259811579619,66.0,8.450587614589585,44.0,0.522169528637158,0.596691083333333,0.2237523265521863,0.2783250056085332,4,3.3632477770316163,2,0,0,0,0,0,0,0,0,0,0,0,0,0,0,0
Chopin,chpn-p7.mid,102.53673752453668,167,50,65.31736526946108,52.0,0.9446858922155688,33.958083832335326,4.510048388484702,0.0119760479041916,0.1616766467065868,0.1317365269461078,0.0119760479041916,0.2455089820359281,0.0,0.0718562874251497,0.0,0.0658682634730539,0.1736526946107784,0.029940119760479,0.0958083832335329,2.0145477706029107,0.0058712415488384,0.7961129324394152,3.2745098039215685,0.2976190476190476,0.3279810108396332,0.6103377233603374,0.3413170239524371,new_midi_files\Classical Music MIDI (Kaggle)\Chopin\chpn-p7.mid,37.02842755,9,2,1,0,0,10.064516325516006,66.0,11.01950002311535,53.0,0.5530726309594443,0.7060212083333326,0.2049131759538152,0.3943645385078161,9,4.260579085811058,2,0,0,0,0,0,0,0,0,0,0,0,0,0,0,0
Chopin,chpn-p8.mid,207.11823331997908,1558,910,66.18741976893453,58.0,0.1674849605156184,56.003851091142494,16.7119495970178,0.0295250320924261,0.1758664955070603,0.0853658536585365,0.0641848523748395,0.0481386392811296,0.0750962772785622,0.1354300385109114,0.0288831835686777,0.100770218228498,0.0917843388960205,0.0667522464698331,0.0982028241335045,2.3686377346051244,0.0016404512146601,0.8762994437036993,1.7102085620197585,0.5837075048107762,0.2690963218250911,0.1328532606285946,0.5430033080878344,new_midi_files\Classical Music MIDI (Kaggle)\Chopin\chpn-p8.mid,93.22670529583338,8,3,1,0,0,11.421925445849586,68.0,16.948460286803602,89.0,0.2948660549872934,0.0932406666666647,0.0544726484371655,0.0619092019483284,6,2.7990002183955403,3,0,0,0,0,0,0,0,0,0,0,0,0,0,0,0
Chopin,chpn-p9.mid,138.04276790090805,413,167,50.8861985472155,44.0,0.9215257752925746,49.7409200968523,4.636205976173677,0.0532687651331719,0.0774818401937046,0.0484261501210653,0.0944309927360774,0.1525423728813559,0.036319612590799,0.0774818401937046,0.0774818401937046,0.0702179176755447,0.072639225181598,0.0556900726392251,0.1840193704600484,2.376752743101332,0.0017113878971103,0.8646745166962992,2.458333333333333,0.4033816425120773,0.3577382761273947,0.3334366374418068,0.3753022881359686,new_midi_files\Classical Music MIDI (Kaggle)\Chopin\chpn-p9.mid,89.0814606,8,3,1,0,0,9.574437735243317,54.0,16.03486504384259,78.0,1.0605464869657335,0.597014999999999,0.2008942063612459,0.2550062839356565,7,4.272383306609517,3,0,0,0,0,0,0,0,0,0,0,0,0,0,0,0
Chopin,chpn_op10_e01.mid,172.18963274758949,1337,1242,69.1301421091997,77.0,0.2268190589005235,73.52879581151832,11.987130322810732,0.2236350037397158,0.012715033657442,0.1047120418848167,0.0344053851907255,0.1204188481675392,0.081525804038893,0.0329094988780852,0.1278982797307404,0.0381451009723261,0.094240837696335,0.0172026925953627,0.1121914734480179,2.239811981685186,0.0033997250207155,1.1138411774783814,1.075623491552695,0.9282511210762332,0.4245565663776241,0.1286918032493195,0.1353775759163657,new_midi_files\Classical Music MIDI (Kaggle)\Chopin\chpn_op10_e01.mid,111.53628633333332,7,2,1,0,0,17.07485730209948,71.0,10.99279499404244,55.0,0.4989087999177762,0.0869565000000012,0.0816195399201596,0.0249209783770292,3,2.718909618737864,2,0,0,0,0,0,0,0,0,0,0,0,0,0,0,0
Chopin,chpn_op23.mid,183.21361256784368,5028,2688,64.99502784407319,75.0,0.3278403334493506,55.4049323786794,9.320032486219306,0.0918854415274463,0.035799522673031,0.1435958631662689,0.1020286396181384,0.0566825775656324,0.0628480509148766,0.0576770087509944,0.1298727128082736,0.0648369132856006,0.079156722354813,0.139618138424821,0.0359984089101034,2.3890699674644886,0.0013363245907774,1.153934405967098,1.8698400892525104,0.5344999005766554,0.3007645939209536,0.0364314202759681,0.3999598227927627,new_midi_files\Classical Music MIDI (Kaggle)\Chopin\chpn_op23.mid,539.4830980937514,8,2,1,0,0,13.973486626451628,65.0,18.81706281962513,101.0,0.3510999008763349,0.2286760000000001,0.1067199696215439,0.1855028543129912,8,3.055482558040929,2,0,0,0,0,0,0,0,0,0,0,0,0,0,0,0
Chopin,chpn_op25_e1.mid,258.2742029232704,2222,1005,62.60891089108911,60.0,0.1545679791779176,38.71197119711971,17.66617660316885,0.1683168316831683,0.0796579657965796,0.0211521152115211,0.2124212421242124,0.0378037803780378,0.0706570657065706,0.0076507650765076,0.0711071107110711,0.2173717371737173,0.0234023402340234,0.0693069306930693,0.0211521152115211,2.134589886474957,0.00512484304236,0.9583300234377587,2.2087475149105367,0.4520917678812415,0.14930899704116,0.1161827273608953,0.5864080544560321,new_midi_files\Classical Music MIDI (Kaggle)\Chopin\chpn_op25_e1.mid,125.7770738916666,9,3,1,0,0,11.345231863323184,63.0,13.23351277215538,77.0,0.2097451771113147,0.1016424166666709,0.0543326577104907,0.0589522584847953,5,2.730625217352016,3,0,0,0,0,0,0,0,0,0,0,0,0,0,0,0
Chopin,chpn_op25_e12.mid,195.79684921863765,2634,1314,60.32270311313592,76.0,0.1113761568993618,58.15679574791192,19.09370609380517,0.2357630979498861,0.030751708428246,0.0808656036446469,0.0858010630220197,0.0497342444950645,0.1082004555808656,0.0064540622627182,0.1970387243735763,0.1268033409263477,0.010250569476082,0.020501138952164,0.0478359908883826,2.138217317475561,0.0049197607095423,1.2598904693904494,2.003041825095057,0.4986717267552182,0.2955169047615228,0.0743062046370541,0.2703110432804524,new_midi_files\Classical Music MIDI (Kaggle)\Chopin\chpn_op25_e12.mid,137.9512173833336,8,2,1,0,0,13.395532159461554,60.0,15.400404339425972,89.0,0.1238376325431509,0.0991666666666688,0.050871957988353,0.0540490343619807,7,2.1265836056939484,2,0,0,0,0,0,0,0,0,0,0,0,0,0,0,0
Chopin,chpn_op33_2.mid,196.9599114566729,1933,880,62.94464562855665,66.0,0.2769307262178825,49.06932229694775,13.520471592180424,0.0170719089498189,0.0951888256595964,0.2172788411795137,0.0087946197620279,0.1339886187273667,0.0300051733057423,0.1013967925504397,0.0682876357992757,0.0382824624935333,0.198137609932747,0.0222452146921883,0.0693222969477496,2.17189346494861,0.004427394198731,1.0485403212996545,2.1940976163450623,0.4550155118924509,0.2478750466994801,0.101840698788352,0.2659076492501366,new_midi_files\Classical Music MIDI (Kaggle)\Chopin\chpn_op33_2.mid,142.96838588958337,8,2,1,0,0,10.312827513362173,64.0,18.113036905930976,77.0,0.2016889023792032,0.2993709999999936,0.0715885686885351,0.1028147381812776,7,3.7442340168307777,2,0,0,0,0,0,0,0,0,0,0,0,0,0,0,0
Chopin,chpn_op33_4.mid,175.5974043191694,2165,1012,62.16581986143187,65.0,0.4136051794909545,52.80230946882217,6.822609040414865,0.0457274826789838,0.0840646651270207,0.0812933025404157,0.077136258660508,0.1080831408775981,0.0669745958429561,0.1316397228637413,0.0789838337182448,0.0503464203233256,0.0341801385681293,0.0928406466512702,0.148729792147806,2.409811080000885,0.0010467621507869,1.0455906332337437,2.137216189536032,0.4672206832871652,0.2989982195513536,0.0810699004243626,0.4360272775985884,new_midi_files\Classical Music MIDI (Kaggle)\Chopin\chpn_op33_4.mid,317.3272845,8,2,1,0,0,10.937434302958,60.0,14.985433858340732,71.0,0.246976803929447,0.4528300000000058,0.1450898079944547,0.2194835336658579,6,2.8218664367573933,2,0,0,0,0,0,0,0,0,0,0,0,0,0,0,0
Chopin,chpn_op35_1.mid,199.6119253462401,5614,2254,62.44638403990025,76.0,0.2573404628510563,56.44353402208764,14.309881112628656,0.0995724973281083,0.1109725685785536,0.053081581759886,0.0954755967224795,0.0509440684004275,0.133594584966156,0.0773067331670823,0.0673316708229426,0.0947630922693266,0.066797292483078,0.1177413608835055,0.0324189526184538,2.4210305468505715,0.000844844864727,1.2170440282722472,2.489578713968958,0.4014247551202137,0.2813568232530076,0.0355497640865966,0.4962588553620922,new_midi_files\Classical Music MIDI (Kaggle)\Chopin\chpn_op35_1.mid,392.3163271458329,11,2,1,0,0,13.371146546072218,63.0,16.599644603937218,95.0,0.3528544393147781,0.1570740416666893,0.0693654432827067,0.14249175787162,9,3.682511428867448,2,0,0,0,0,0,0,0,0,0,0,0,0,0,0,0
Chopin,chpn_op35_3.mid,134.76779862948243,2327,854,56.85990545767082,64.0,0.7528924039544826,51.78899871078642,5.167694016267733,0.0747743876235496,0.2006875805758487,0.0051568543188654,0.0782122905027933,0.0103137086377309,0.1675977653631284,0.1280618822518263,0.0137516115169746,0.1052857756768371,0.0154705629565964,0.2006875805758487,0.0,2.0351808359302384,0.0054217841801598,1.12557343103694,2.721637426900585,0.3668384879725085,0.3814527394093011,0.0578899478648979,0.7129343966487576,new_midi_files\Classical Music MIDI (Kaggle)\Chopin\chpn_op35_3.mid,450.2975587708327,10,2,1,0,0,14.038658780077489,58.0,19.45154081838456,89.0,0.4942989354953646,0.8035717500000032,0.190741839463313,0.299788123526939,8,3.890717570809008,2,0,0,0,0,0,0,0,0,0,0,0,0,0,0,0
Chopin,chpn_op53.mid,193.337608352829,6052,2039,61.22091870456048,75.0,0.212564693621599,59.19629874421679,16.761377231569234,0.1103767349636483,0.1002974223397224,0.0375082617316589,0.1726701916721744,0.066589557171183,0.1057501652346331,0.0279246530072703,0.0793126239259748,0.1047587574355585,0.0284203569068076,0.0974884335756774,0.0689028420356906,2.368053911596452,0.0015710319504103,1.225071435743444,2.966666666666667,0.3368577564843879,0.3046054710972008,0.0319407910710109,0.5031389548914483,new_midi_files\Classical Music MIDI (Kaggle)\Chopin\chpn_op53.mid,361.0681817125,8,2,1,0,0,14.796815271641409,61.0,17.20621975326362,88.0,0.160727945080609,0.1665742499999964,0.0581230392848289,0.0986355151328949,8,3.56287701590457,2,0,0,0,0,0,0,0,0,0,0,0,0,0,0,0
Chopin,chpn_op66.mid,213.0616734882676,3050,2579,64.6311475409836,69.0,0.183041115456284,47.26688524590164,11.11393937148932,0.06,0.181311475409836,0.0091803278688524,0.1367213114754098,0.0740983606557377,0.0436065573770491,0.1091803278688524,0.02,0.2118032786885245,0.0708196721311475,0.0481967213114754,0.0350819672131147,2.22291568421321,0.0037549732748066,1.067596686081573,1.182170542635659,0.845296624057686,0.2208096595511867,0.069833390196089,0.6872124275416709,new_midi_files\Classical Music MIDI (Kaggle)\Chopin\chpn_op66.mid,274.4301456083331,8,2,1,0,0,11.645699142568269,64.0,16.365104372352135,77.0,0.2836961512404409,0.1173032500000061,0.0876726723324586,0.0924026433097728,6,2.034307859670915,2,0,0,0,0,0,0,0,0,0,0,0,0,0,0,0
Chopin,chpn_op7_1.mid,218.3323396439004,1229,664,64.19365337672905,47.0,0.300665824450773,45.90235964198536,8.946139689205557,0.1253051261187957,0.0537021969080553,0.1106590724165988,0.0878763222131814,0.0292921074043938,0.2245728234336859,0.0358014646053702,0.0707892595606183,0.0,0.0756712774613506,0.1863303498779495,0.0,2.128497269275121,0.004437385983446,0.7321595951552192,1.84812030075188,0.5398373983739837,0.2092822231163478,0.1775059671901629,0.3637099698945867,new_midi_files\Classical Music MIDI (Kaggle)\Chopin\chpn_op7_1.mid,137.3776894499999,8,2,1,0,0,12.602062112384976,63.0,15.803829014487356,63.0,0.1878813606344173,0.3338206250000013,0.1098267340798045,0.1453909158107017,5,2.6897984653067764,2,0,0,0,0,0,0,0,0,0,0,0,0,0,0,0
Chopin,Adam Mikołaj Goździewski – Chopin Piano Competition 2015 (preliminary round) [EolbT_oiRHU].mid,203.4886288363773,14644,8553,65.12045889101339,79.0,0.2139705966038419,66.1564463261404,7.869781908095638,0.0421332969134116,0.1198443048347446,0.0563370663753072,0.0850177547118273,0.1173176727670035,0.041928434853865,0.1095329145042338,0.07450150232177,0.1050259491942092,0.0577711007921332,0.0635072384594373,0.1270827642720568,2.418020521447331,0.0009022445036836,1.213136395722875,1.711947626841244,0.5840218504609082,0.3235213943317886,0.0138947510301384,0.4829276787767735,new_midi_files\chopin-comp-midi\data\adam_miko_aj_gozdziewski\Adam Mikołaj Goździewski – Chopin Piano Competition 2015 (preliminary round) [EolbT_oiRHU].mid,1860.7885416666663,2,1,1,0,0,13.555856077272493,66.0,17.42478780622508,107.0,0.4720919865334603,0.0947916666666515,0.1267516902274124,0.8234525767399643,10,1.683901930017338,1,0,0,0,0,0,0,0,0,0,0,0,0,0,0,0
Chopin,Aimi Kobayashi – Chopin Piano Competition 2015 (preliminary  [R7T-a33gSq0].mid,180.385197557284,15197,8983,64.20925182601829,77.0,0.1922420954793727,64.26478910311246,8.044114622590273,0.0608672764361387,0.1017306047246167,0.074027768638547,0.0563927090873198,0.1294334408106863,0.0530367835757057,0.0925840626439428,0.0782391261433177,0.0875830756070277,0.0873198657629795,0.0534315983417779,0.1253536882279397,2.4408150075755928,0.0006253315486415,1.1992041117288748,1.6915627782724845,0.5910646137649691,0.3543000750257845,0.0118690089194159,0.3917216586830264,new_midi_files\chopin-comp-midi\data\aimi_kobayashi\Aimi Kobayashi – Chopin Piano Competition 2015 (preliminary  [R7T-a33gSq0].mid,1889.2072916666664,2,1,1,0,0,14.172376643845968,64.0,19.17823585343626,115.0,0.3705568348867561,0.0869791666666515,0.1239289944722295,0.8222466395479303,10,1.5464174513230138,1,0,0,0,0,0,0,0,0,0,0,0,0,0,0,0
Chopin,Airi Katada – Chopin Piano Competition 2015 (preliminary rou [IRJkeoVmyN4].mid,196.9939699396952,15371,8304,65.1330427428274,79.0,0.2157711084726653,62.82662156008068,8.319758055308652,0.0741005790124259,0.1024656821286838,0.0508750243965909,0.1170385791425411,0.0888035911781927,0.0672695335371804,0.0825580638865395,0.0619348123088933,0.1210721488517337,0.0624552729165311,0.0781341487216186,0.0932925639190683,2.4529827539368827,0.0004478060386986,1.212902015019061,1.850812763395545,0.5402029664324747,0.3173158333014704,0.0128151164415622,0.5012681214629956,new_midi_files\chopin-comp-midi\data\airi_katada\Airi Katada – Chopin Piano Competition 2015 (preliminary rou [IRJkeoVmyN4].mid,1847.5296875,2,1,1,0,0,14.142846180320658,65.0,18.01170465423173,108.0,0.427252959557221,0.0973958333331665,0.1192076691607026,0.836716803630291,9,1.7951634178183378,1,0,0,0,0,0,0,0,0,0,0,0,0,0,0,0
Chopin,Aleksandra Hortensja Dąbek – Chopin Piano Competition 2015 (preliminary round) [wwvmz1CyNX8].mid,188.7601690286609,14878,9138,64.87585697002285,80.0,0.2086120936393784,64.37854550342789,8.077478389467464,0.1011560693641618,0.1088183895684904,0.058341174889098,0.0772953353945422,0.0910068557601828,0.0908052157548057,0.0729264686113725,0.0772953353945422,0.1094905229197472,0.0789084554375588,0.0724559752654926,0.0615002016400053,2.465841936456836,0.0002655380257563,1.2331243470716882,1.6279680490206807,0.6141541770280261,0.3392626905475844,0.0126863478075583,0.4409862507733944,new_midi_files\chopin-comp-midi\data\aleksandra_hortensja_dabek\Aleksandra Hortensja Dąbek – Chopin Piano Competition 2015 (preliminary round) [wwvmz1CyNX8].mid,1841.9114583333333,2,1,1,0,0,14.252268170081198,65.0,18.663324161418306,111.0,0.3582130593311999,0.0973958333333655,0.1233340475230221,0.5204445721479596,9,1.685059678153641,1,0,0,0,0,0,0,0,0,0,0,0,0,0,0,0
Chopin,Alexander Ullman – Chopin Piano Competition 2015 (preliminar [rftJMhFdspU].mid,202.1821160090108,14936,9199,65.90419121585431,77.0,0.2125688353642211,65.93666309587573,8.606663871520936,0.1019683985002678,0.0996250669523299,0.0486073915372254,0.0994911622924477,0.0836904124263524,0.0895822174611676,0.0669523299410819,0.074384038564542,0.111944295661489,0.0658810926620246,0.0877075522228173,0.0701660417782538,2.4613999730454195,0.0003152445952738,1.168362700627661,1.6234782608695653,0.6158532503180023,0.3245200138232223,0.0135356574954147,0.4657199413502247,new_midi_files\chopin-comp-midi\data\alexander_ullman\Alexander Ullman – Chopin Piano Competition 2015 (preliminar [rftJMhFdspU].mid,1735.3994791666669,2,1,1,0,0,13.988330839690269,66.0,18.65156016327904,111.0,0.4308799391414912,0.1010416666666742,0.1154293605624372,0.6018515326927121,8,1.8295085155405224,1,0,0,0,0,0,0,0,0,0,0,0,0,0,0,0
Chopin,Alexei Tartakovsky – Chopin Piano Competition 2015 (prelimin [nhoaplZajoY].mid,200.0626334519568,16538,8155,64.66537670818721,79.0,0.1815069524227034,66.23043898899505,9.416286195202323,0.0752207038335953,0.1068448421816422,0.0581085983794896,0.1052122384810738,0.0990446245011488,0.0600435360986818,0.0882210666344177,0.080723182972548,0.1235336800096746,0.063187809892369,0.0600435360986818,0.0798161809166767,2.4545714863428327,0.0004275197250633,1.2216738353636478,2.027709661598823,0.4930769695870367,0.3294020268804475,0.0120964165579513,0.4838548795506109,new_midi_files\chopin-comp-midi\data\alexei_tartakovsky\Alexei Tartakovsky – Chopin Piano Competition 2015 (prelimin [nhoaplZajoY].mid,1756.31875,2,1,1,0,0,15.07450396039283,66.0,18.349785962763825,111.0,0.3590304223579784,0.0750000000000454,0.1047429312551651,0.8241104141071223,9,1.7091214104311372,1,0,0,0,0,0,0,0,0,0,0,0,0,0,0,0
Chopin,Aljoša Jurinić – Chopin Piano Competition 2015 (preliminar [d8dV6WMxXFo].mid,196.21247113163395,13735,8363,66.5286494357481,77.0,0.2131445288799906,61.22118674918092,8.078466306945694,0.0712049508554787,0.1046960320349472,0.0544594102657444,0.1062249726974881,0.0878776847469967,0.0720058245358573,0.0934838005096468,0.0681470695303968,0.1029486712777575,0.0671277757553694,0.0896250455041863,0.0821987622861303,2.4657752506208754,0.0002610054827952,1.1573960916938322,1.642156862745098,0.608838089691322,0.3104326333820819,0.0142845421615924,0.4969780250460011,new_midi_files\chopin-comp-midi\data\aljosa_jurinic\Aljoša Jurinić – Chopin Piano Competition 2015 (preliminar [d8dV6WMxXFo].mid,1700.1989583333334,2,1,1,0,0,13.748498879431027,68.0,17.142236788147258,107.0,0.3641416966706733,0.1000000000000227,0.1232162197830202,0.825469249329176,8,1.721880895066814,1,0,0,0,0,0,0,0,0,0,0,0,0,0,0,0
Chopin,Anastasia Zorina – Chopin Piano Competition 2015 (preliminar [l1MvMzYd104].mid,202.81690140845765,11568,6260,62.79711272475795,77.0,0.209563108719456,66.82036652835409,9.256718036474968,0.1281120331950207,0.0415802213001383,0.0892980636237897,0.0720089903181189,0.1303596127247579,0.0955221300138312,0.0385546334716459,0.0883471645919778,0.0708852005532503,0.1129840940525587,0.0504840940525587,0.0818637621023513,2.420084061690594,0.0008681614202419,1.2261710042517848,1.847628174413033,0.5411012187743106,0.3278450710740777,0.0175310659009817,0.2735128661828461,new_midi_files\chopin-comp-midi\data\anastasia_zorina\Anastasia Zorina – Chopin Piano Competition 2015 (preliminar [l1MvMzYd104].mid,1249.6869791666666,2,1,1,0,0,14.666063963764424,63.0,19.28684597149504,109.0,0.4188523758935631,0.09375,0.1038059962248926,0.470720107909613,9,1.939866608263166,1,0,0,0,0,0,0,0,0,0,0,0,0,0,0,0
Chopin,Anastasiia Nesterova – Chopin Piano Competition 2015 (prelim [xIAf4bsRKgY].mid,199.52987752071647,17045,9292,62.90143737166324,77.0,0.2055904101887156,66.37142857142857,8.347036170132993,0.1059548254620123,0.064124376650044,0.0783807568201818,0.0837195658550894,0.1194485186271634,0.0745673217952478,0.0566148430624816,0.08870636550308,0.0948078615429744,0.0860662951012027,0.0428864769727192,0.1047227926078028,2.451858352385393,0.0004384900759984,1.224137348736497,1.8341762617023567,0.5451132230435293,0.3309802478913489,0.0117053782424449,0.342152781930527,new_midi_files\chopin-comp-midi\data\anastasiia_nesterova\Anastasiia Nesterova – Chopin Piano Competition 2015 (prelim [xIAf4bsRKgY].mid,2042.0421875,2,1,1,0,0,14.07818843262178,63.0,18.28126054957824,102.0,0.3839467543672612,0.0906249999999886,0.1194404922553391,0.7492008642907669,9,1.7160705900776745,1,0,0,0,0,0,0,0,0,0,0,0,0,0,0,0
Chopin,Anna Han – Chopin Piano Competition 2015 (preliminary round) [pO6fTTjS2-o].mid,201.9197062014847,13584,7142,65.55189929328623,77.0,0.1845998355908915,66.80962897526501,9.33759328184543,0.0953327444051825,0.0706713780918728,0.0979093050647821,0.1066696113074204,0.0772968197879858,0.0697879858657243,0.064708480565371,0.1097614840989399,0.0959952885747938,0.0607332155477031,0.0895906949352179,0.0615429917550058,2.463739499615987,0.0002926386683587,1.1746417671416656,1.9017219655606887,0.5257269046742731,0.3292416997141117,0.0148634307104515,0.4276350258396503,new_midi_files\chopin-comp-midi\data\anna_han\Anna Han – Chopin Piano Competition 2015 (preliminary round) [pO6fTTjS2-o].mid,1454.7645833333331,2,1,1,0,0,14.159140446059856,66.0,17.82737639079145,109.0,0.349217439192635,0.0848958333333484,0.1056138264129181,0.6137614161255193,8,1.7237181846432914,1,0,0,0,0,0,0,0,0,0,0,0,0,0,0,0
Chopin,Anna Ulaieva – Chopin Piano Competition 2015 (preliminary ro [P0PdDPkk_k4].mid,199.3013274777862,15222,8285,65.1785573512022,77.0,0.1765166165746946,68.7016160819866,8.581770303724522,0.1078044934962554,0.0876363158586256,0.059322033898305,0.0590592563395086,0.1044540796216003,0.1027460254894232,0.0616213375377742,0.0693732755222703,0.1142425436867691,0.1038628301143082,0.057088424648535,0.0727893837866246,2.451967812616988,0.0004540973996248,1.18137010004272,1.837074583635047,0.5442422649937595,0.3429913168678612,0.0130921189961102,0.3796474984237143,new_midi_files\chopin-comp-midi\data\anna_ulaieva\Anna Ulaieva – Chopin Piano Competition 2015 (preliminary ro [P0PdDPkk_k4].mid,1773.7598958333333,2,1,1,0,0,14.96055050077566,65.0,17.429465829044275,112.0,0.3919632194328627,0.0874999999999772,0.1149472767886472,0.8813783315748108,8,1.5148250582346408,1,0,0,0,0,0,0,0,0,0,0,0,0,0,0,0
Chopin,Annie Zhou – Chopin Piano Competition 2015 (preliminary roun [6uhhbE1J6o0].mid,205.9419426236337,16535,9699,67.08968853946175,77.0,0.1884821338574729,66.51006954944059,8.772828637038142,0.0944058058663441,0.0628364076201995,0.0897490172361657,0.0933172059268219,0.0902328394315089,0.0832174175990323,0.0676746295736316,0.0947081947384336,0.0830359842757786,0.0855760508013305,0.0907166616268521,0.0645297853039008,2.475383313849824,0.0001265805477626,1.1477173397070062,1.704639175257732,0.5865384615384616,0.3213948255545409,0.0124541571494698,0.3975804914427925,new_midi_files\chopin-comp-midi\data\annie_zhou\Annie Zhou – Chopin Piano Competition 2015 (preliminary roun [6uhhbE1J6o0].mid,1884.796875,2,1,1,0,0,14.1363441418481,67.0,16.632715881121147,106.0,0.3170337630101333,0.0942708333333257,0.1126265069956856,0.8393821591717144,8,1.6535214614748928,1,0,0,0,0,0,0,0,0,0,0,0,0,0,0,0
Chopin,Arisa Sakai – Chopin Piano Competition 2015 (preliminary rou [CyywZx1aY3A].mid,205.88790150422872,16105,9785,65.4678671220118,77.0,0.1892934065507601,65.11760322881092,8.508729664514187,0.0878609127600124,0.0711580254579323,0.0901583359205215,0.0801614405464141,0.0997826761875194,0.0661285315119528,0.0713443030114871,0.0946910897236883,0.0805339956535237,0.0841353616889164,0.0765600745110214,0.0974852530270102,2.4769561092027503,0.0001099444694033,1.17614949453518,1.6457183731861844,0.6075375636408792,0.3147482417065356,0.0127833044520196,0.3797574594229194,new_midi_files\chopin-comp-midi\data\arisa_sakai\Arisa Sakai – Chopin Piano Competition 2015 (preliminary rou [CyywZx1aY3A].mid,1892.7619791666664,2,1,1,0,0,13.855912677540948,66.0,15.963512531684485,104.0,0.3645429639520272,0.0932291666667879,0.1160671132430866,0.7833403869896758,8,1.6106464236154028,1,0,0,0,0,0,0,0,0,0,0,0,0,0,0,0
Chopin,Chao Wang – Chopin Piano Competition 2015 (preliminary round [QVQ0Aoly5c8].mid,204.3395759425756,13711,7871,67.0617022828386,77.0,0.1875959919650899,62.42819633870615,8.638411996394362,0.0819779738895777,0.1174239661585588,0.0394573699948946,0.1308438480052512,0.0663700678287506,0.0817591714681642,0.0824155787324046,0.0587119830792794,0.1545474436583765,0.0350083874261541,0.0952519874553278,0.0562322223032601,2.39888000195847,0.0012105762811977,1.1481963062471852,1.7417428861788615,0.5740227537922987,0.3040241806877236,0.0149022444532216,0.5804822435276755,new_midi_files\chopin-comp-midi\data\chao_wang\Chao Wang – Chopin Piano Competition 2015 (preliminary round [QVQ0Aoly5c8].mid,1587.2130208333333,2,1,1,0,0,13.98212441184264,68.0,17.238253861682157,103.0,0.354721733312373,0.0947916666666515,0.1150740791393143,0.7486774205133775,8,1.6205314674667393,1,0,0,0,0,0,0,0,0,0,0,0,0,0,0,0
Chopin,Chelsea Wang – Chopin Piano Competition 2015 (preliminary ro [LZ4MZTfgt9Y].mid,193.88343912288872,16164,9054,66.49591685226429,77.0,0.201586634135528,66.94432071269487,8.484410740564662,0.0851893095768374,0.0986760702796337,0.0480079188319722,0.0913758970551843,0.0916852264291017,0.0822197475872308,0.0886537985647117,0.0532665181885671,0.1275674338035139,0.0723212076218757,0.0664439495174461,0.0945929225439247,2.4541055885073058,0.0004203899227016,1.1579658193616171,1.785091109884042,0.560098979276214,0.34350954095428,0.0119940265464205,0.4727166765038134,new_midi_files\chopin-comp-midi\data\chelsea_wang\Chelsea Wang – Chopin Piano Competition 2015 (preliminary ro [LZ4MZTfgt9Y].mid,1905.1411458333328,2,1,1,0,0,14.25567420797749,66.0,18.2036614943024,110.0,0.4351917137818535,0.0885416666667424,0.1171458346222854,0.8034475763790578,8,1.7103438038137435,1,0,0,0,0,0,0,0,0,0,0,0,0,0,0,0
Chopin,Cheng Zhang – Chopin Piano Competition 2015 (preliminary rou [EbW1GWXTKJk].mid,194.13164155432008,16430,9989,65.5481436396835,79.0,0.245780869598295,63.73572732805843,7.893812289740066,0.1046256847230675,0.0866707242848447,0.0556908094948265,0.1346317711503347,0.0740718198417528,0.0838101034692635,0.0644552647595861,0.0785757760194765,0.1136335970785149,0.0452221545952525,0.0844187461959829,0.0741935483870967,2.444912563999972,0.0005650368114217,1.2052209934279758,1.6446446446446443,0.6079362181242772,0.3266293811724834,0.0118149620567415,0.4838096196596438,new_midi_files\chopin-comp-midi\data\cheng_zhang\Cheng Zhang – Chopin Piano Competition 2015 (preliminary rou [EbW1GWXTKJk].mid,2081.3770833333333,2,1,1,0,0,14.318648737451634,66.0,17.06046767818999,107.0,0.454365092243899,0.09375,0.126198623622862,0.6388808512329708,9,1.940148049018012,1,0,0,0,0,0,0,0,0,0,0,0,0,0,0,0
Chopin,Chi Ho Han – Chopin Piano Competition 2015 (preliminary round) [SFnDvSB_ms0].mid,203.16082208505185,15940,9236,65.9573400250941,79.0,0.1986152825700533,66.9897114178168,9.17318505077281,0.0970514429109159,0.0710790464240903,0.0656838143036386,0.0759723964868255,0.1267252195734002,0.0706398996235884,0.070702634880803,0.0813048933500627,0.0855081555834379,0.09435382685069,0.0528230865746549,0.1081555834378921,2.458220500378092,0.0003820726284139,1.1977438564411458,1.725668507091047,0.5793864876732953,0.3281222652498402,0.0127445468969984,0.3560849638648479,new_midi_files\chopin-comp-midi\data\chi_ho_han\Chi Ho Han – Chopin Piano Competition 2015 (preliminary round) [SFnDvSB_ms0].mid,1737.6734375,2,1,1,0,0,14.115718636449376,66.0,17.069671080825223,115.0,0.3741198941406308,0.0796875000000909,0.108774827728632,0.5930471039118466,8,1.821934740926628,1,0,0,0,0,0,0,0,0,0,0,0,0,0,0,0
Chopin,Daye Kim – Chopin Piano Competition 2015 (preliminary round) [Zk300gT2GRg].mid,199.2528019925328,13172,6949,63.93789857273004,77.0,0.1973037029304588,65.02725478287276,8.56393139302925,0.1411327057394473,0.0344670513209839,0.0958852110537503,0.0700728818706346,0.1047676890373519,0.1128909808685089,0.0281658062556938,0.1100060734892195,0.0688581840267233,0.110081992104464,0.061342241117522,0.0623291831156999,2.4008141991941434,0.0010833208813176,1.2042935491243607,1.895251798561151,0.5275184088666212,0.3247258172462304,0.0151258484773804,0.2629059016856561,new_midi_files\chopin-comp-midi\data\daye_kim\Daye Kim – Chopin Piano Competition 2015 (preliminary round) [Zk300gT2GRg].mid,1538.0786458333332,2,1,1,0,0,14.040193271654507,64.0,17.914754990398272,108.0,0.3702605410497413,0.0932291666666742,0.1156445742540429,1.0146396203117964,9,1.6896953754870776,1,0,0,0,0,0,0,0,0,0,0,0,0,0,0,0
Chopin,Dmitry Shishkin – Chopin Piano Competition 2015 (preliminary [7I8041Oe7Sw].mid,203.5160289555425,14726,8816,66.0937797093576,77.0,0.1919870679410558,67.79634659785414,9.035753228707405,0.0923536601928561,0.100434605459731,0.0535787043324731,0.0887545837294581,0.0846122504413961,0.088822490832541,0.0836615509982344,0.0586717370636968,0.1218253429308705,0.073339671329621,0.0666847752274888,0.0872606274616324,2.4619940189952296,0.0003168935377939,1.1650112790279266,1.6701826017919927,0.5986283696611666,0.3314964941578815,0.0138192455323923,0.461360396985386,new_midi_files\chopin-comp-midi\data\dmitry_shishkin\Dmitry Shishkin – Chopin Piano Competition 2015 (preliminary [7I8041Oe7Sw].mid,1629.7479166666667,2,1,1,0,0,13.896499241662566,66.0,16.855438760186026,104.0,0.3428986892238249,0.0895833333333939,0.109810908319185,0.6497334487411398,9,1.7347477690184667,1,0,0,0,0,0,0,0,0,0,0,0,0,0,0,0
Chopin,Eriko Gomita – Chopin Piano Competition 2015 (preliminary round) [p_SVL_RJDGE].mid,196.58070124601824,15835,9148,63.91556678244395,81.0,0.2226910983054414,66.19804231133566,8.632970957085588,0.1068519103252289,0.0827912851278812,0.0666245658351752,0.1295232080833596,0.0663719608462267,0.0837385538364382,0.0614461635617303,0.0970634670034733,0.1120934638459109,0.0450899905273129,0.0794442690243132,0.0689611619829491,2.446599535641229,0.0005360753632357,1.267296885724431,1.7307902503005792,0.5776711290729982,0.3350430578182276,0.0124135325363739,0.4652979243452712,new_midi_files\chopin-comp-midi\data\eriko_gomita\Eriko Gomita – Chopin Piano Competition 2015 (preliminary round) [p_SVL_RJDGE].mid,1834.246875,2,1,1,0,0,14.197288490829154,64.0,18.15032993497492,108.0,0.3990049995840183,0.0932291666666742,0.1154192849774746,0.4950069804848778,9,1.9224857840723515,1,0,0,0,0,0,0,0,0,0,0,0,0,0,0,0
Chopin,EunAe Lee – Chopin Piano Competition 2015 (preliminary round [X3OoAVzFDS0].mid,203.50999131190665,16111,9922,65.89448203091055,79.0,0.2004291516665623,61.4727205015207,8.805065604358537,0.115635280243312,0.0785177828812612,0.0656694184097821,0.0723108435230587,0.0966420458072124,0.1155111414561479,0.0596486872323257,0.0895661349388616,0.0823040158897647,0.0902488982682639,0.0741108559369374,0.0598348954130718,2.4613920471083417,0.000333214426604,1.1988864069688772,1.62360173334677,0.6158142999006951,0.3005854144689005,0.012630957752725,0.3668918185715295,new_midi_files\chopin-comp-midi\data\eunae_lee\EunAe Lee – Chopin Piano Competition 2015 (preliminary round [X3OoAVzFDS0].mid,1829.7421875,2,1,1,0,0,13.883661032410474,66.0,17.05621269363711,105.0,0.3527583291611197,0.0973958333333371,0.1130656747879164,0.573979257348346,7,1.7647918294500105,1,0,0,0,0,0,0,0,0,0,0,0,0,0,0,0
Chopin,Evan Wong – Chopin Piano Competition 2015 (preliminary round [8nRE2WPUNO8].mid,203.4782608695592,14969,9456,64.9994655621618,77.0,0.1900696856837471,64.92297414656957,8.31674401148004,0.0915892845213441,0.0951299351994121,0.0523081034137216,0.0796980426214176,0.1211837798116106,0.0531097601710201,0.0687420669383392,0.0617943750417529,0.1205825372436368,0.0891843142494488,0.0422205892177166,0.1244572115705792,2.430012810984993,0.0007507684573291,1.18462510652086,1.5828486835148567,0.6316633266533066,0.3175055082651806,0.0135924021956953,0.4063727648477575,new_midi_files\chopin-comp-midi\data\evan_wong\Evan Wong – Chopin Piano Competition 2015 (preliminary round [8nRE2WPUNO8].mid,1799.8630208333334,2,1,1,0,0,14.624226255373005,65.0,16.227885179880438,109.0,0.3646136215930036,0.0864583333334394,0.1197342525164796,0.6912093778388394,8,1.580760920174197,1,0,0,0,0,0,0,0,0,0,0,0,0,0,0,0
Chopin,Fei Fei Dong – Chopin Piano Competition 2015 (preliminary ro [41b16fB0uvQ].mid,196.51891142680844,16586,11098,65.75003014590618,77.0,0.2282887927569435,65.37194019052212,7.885713182005141,0.062703484866755,0.1185337031231158,0.0463644037139756,0.1066562160858555,0.1089473049559869,0.0549258410707825,0.1007476184734113,0.0508862896418666,0.1168455323767032,0.0639093211141926,0.060231520559508,0.1092487640178463,2.428958189498969,0.0007583422887318,1.1711021068435536,1.494368862059645,0.6690781937662025,0.3309654742338229,0.0118477670119255,0.5030140876045064,new_midi_files\chopin-comp-midi\data\fei_fei_dong\Fei Fei Dong – Chopin Piano Competition 2015 (preliminary ro [41b16fB0uvQ].mid,2103.297395833333,2,1,1,0,0,13.77229865916451,66.0,18.41094158005022,108.0,0.4126941706581251,0.0932291666667879,0.1259925195960205,0.6461048760045321,9,1.800219942347466,1,0,0,0,0,0,0,0,0,0,0,0,0,0,0,0
Chopin,Galina Chistiakova – Chopin Piano Competition 2015 (preliminary round) [EpsZ68WYCzk].mid,205.8776806989539,14783,9441,66.06744233240885,77.0,0.2334422351687745,60.73733342352703,7.929843441848692,0.0832713251708043,0.079077318541568,0.0630453899749712,0.0846918758032875,0.1155381181086383,0.0671041060677805,0.0813772576608266,0.0725157275248596,0.0923357911114117,0.0921328553067712,0.0585131570046675,0.1103970777244131,2.465054232427584,0.0002799924870215,1.1654757035562215,1.5656640542257996,0.6385957792207793,0.2935905565951859,0.0139257089217366,0.3959950041267573,new_midi_files\chopin-comp-midi\data\galina_chistiakova\Galina Chistiakova – Chopin Piano Competition 2015 (preliminary round) [EpsZ68WYCzk].mid,1864.2234375,2,1,1,0,0,13.19441767499506,67.0,16.811079592230787,108.0,0.4098447333955445,0.0916666666665833,0.1253781696770847,0.6001668063000997,9,1.8511603776036103,1,0,0,0,0,0,0,0,0,0,0,0,0,0,0,0
Chopin,Grzegorz Niemczuk – Chopin Piano Competition 2015 (prelimina [yPqt6XuCq2k].mid,207.11075292147825,14941,9038,66.6640117796667,81.0,0.2228798900675999,65.27983401378756,7.517232126385698,0.0898199585034468,0.0900207482765544,0.0555518372264239,0.0971153202596881,0.093835753965598,0.0852687236463422,0.0867411819824643,0.0636503580750953,0.1214108828057024,0.0659929054280168,0.0587644735961448,0.0918278562345224,2.460786448247505,0.0003323340031994,1.2150483690160632,1.652948334992809,0.6048721723999465,0.3136783327982007,0.0138609793147823,0.4540521528684014,new_midi_files\chopin-comp-midi\data\grzegorz_niemczuk\Grzegorz Niemczuk – Chopin Piano Competition 2015 (prelimina [yPqt6XuCq2k].mid,1987.5666666666664,2,1,1,0,0,13.732096214475291,67.0,17.956634831955864,109.0,0.3936820859095638,0.095833333333303,0.1328283969210174,1.1453512092585312,10,1.6754398699414752,1,0,0,0,0,0,0,0,0,0,0,0,0,0,0,0
Chopin,Guillaume Masson – Chopin Piano Competition 2015 (preliminar [6g8AJ1ikf9A].mid,198.95452653005017,16007,10262,66.34778534391204,79.0,0.2177295480102457,61.70837758480665,7.8244863480159905,0.0847754107577934,0.0539139126632098,0.0913975135878053,0.08540013743987,0.1003935778097082,0.0709064784156931,0.0710314237521084,0.0968326357218716,0.0703442244018242,0.08833635284563,0.091085150246767,0.0955831823577185,2.47151337038491,0.0001766523344141,1.190695339713454,1.5596804053395694,0.6410544727636182,0.3086120562293587,0.0124284436862849,0.3717744767293029,new_midi_files\chopin-comp-midi\data\guillaume_masson\Guillaume Masson – Chopin Piano Competition 2015 (preliminar [6g8AJ1ikf9A].mid,2045.7572916666663,2,1,1,0,0,14.302506220941318,67.0,18.20251937333319,109.0,0.4106397495147518,0.0890624999999545,0.1272730408388521,0.6508937927737598,8,1.7036218759658524,1,0,0,0,0,0,0,0,0,0,0,0,0,0,0,0
Chopin,Haoguo Chen – Chopin Piano Competition 2015 (preliminary rou [Oe2HoSTS3Vw].mid,201.07343893178367,14171,8865,66.07550631571519,77.0,0.2261058014607301,64.6895773057653,8.165840728362339,0.0388116576106132,0.134429468633124,0.0439630230752946,0.1116364406181638,0.0906781455084327,0.0467151224331381,0.1239856044033589,0.0414226236680544,0.1253263707571801,0.0507374214946016,0.0801637146284665,0.1121304071695716,2.388684461469051,0.001284438569307,1.1653334666366848,1.5983532596435823,0.6255292125317528,0.3201290463889384,0.0141880778247095,0.57554102349927,new_midi_files\chopin-comp-midi\data\haoguo_chen_chn\Haoguo Chen – Chopin Piano Competition 2015 (preliminary rou [Oe2HoSTS3Vw].mid,1735.4,2,1,1,0,0,13.517171948859646,67.0,17.58539243627164,102.0,0.3576423214648446,0.1119791666666287,0.1219787623500353,0.6715405728520691,9,1.8463439624870384,1,0,0,0,0,0,0,0,0,0,0,0,0,0,0,0
Chopin,Honggi Kim – Chopin Piano Competition 2015 (preliminary roun [gJTW7bd565g].mid,203.7410071942325,16041,10177,66.61292936849324,77.0,0.2308497885626418,59.852253600149616,7.907523319818951,0.0758057477713359,0.1205037092450595,0.0321052303472352,0.1238700829125366,0.0853438064958543,0.067078112337136,0.0971884545851256,0.0541736799451405,0.1258649710117823,0.053363256654822,0.0821021133345801,0.0826008353593915,2.423898547214251,0.0008104641775084,1.1559317323835925,1.576046374533307,0.6343972073307568,0.292331538368224,0.0127004742048517,0.5495287815603027,new_midi_files\chopin-comp-midi\data\honggi_kim\Honggi Kim – Chopin Piano Competition 2015 (preliminary roun [gJTW7bd565g].mid,2028.5744791666664,2,1,1,0,0,13.168802069624318,68.0,19.037106811708185,111.0,0.4055844315802188,0.1098958333334394,0.1260495895677472,0.6177310858516045,8,1.82545008643437,1,0,0,0,0,0,0,0,0,0,0,0,0,0,0,0
Chopin,Irina Chistiakova – Chopin Piano Competition 2015 (preliminary round) [EDVFBT-LOts].mid,206.33783411409257,17003,10394,65.61647944480386,77.0,0.2014300785155557,63.217961536199496,8.279764037924977,0.1106275363171205,0.0921602070222901,0.0552255484326295,0.086867023466447,0.0931600305828383,0.0985708404399223,0.0612244897959183,0.0791625007351643,0.1002764218079162,0.0854555078515556,0.0763394695053814,0.0609304240428159,2.4644632029758484,0.000275228375839,1.1734856773485722,1.6356902356902356,0.6112679369560103,0.3049031635075936,0.0121346644386081,0.4168671947307585,new_midi_files\chopin-comp-midi\data\irina_chistiakova\Irina Chistiakova – Chopin Piano Competition 2015 (preliminary round) [EDVFBT-LOts].mid,2053.5609375,2,1,1,0,0,14.00791666349008,65.0,17.61395750041688,105.0,0.3255843905899857,0.0973958333333939,0.119968882337372,0.763263211887679,9,1.6677935202495102,1,0,0,0,0,0,0,0,0,0,0,0,0,0,0,0
Chopin,Ivett Gyöngyösi – Chopin Piano Competition 2015 (preliminary round) [AR5Bl708HAk].mid,199.41411451400847,16152,9453,65.67638682516098,77.0,0.2033328238505044,63.61274145616642,8.892345065600452,0.0611069836552748,0.1135463100544824,0.0632119861317483,0.1057454185240217,0.0866146607231302,0.0720034670629024,0.1003590886577513,0.0659361069836552,0.104135710747895,0.0595591877166914,0.0871099554234769,0.0806711243189697,2.460534479443891,0.0003387480586238,1.1724152705380806,1.7084831817220223,0.585216368476444,0.317406494100594,0.0123453299395783,0.5108959725116551,new_midi_files\chopin-comp-midi\data\ivett_gyongyosi\Ivett Gyöngyösi – Chopin Piano Competition 2015 (preliminary round) [AR5Bl708HAk].mid,1816.39375,2,1,1,0,0,13.92331887305457,67.0,18.41396116908641,104.0,0.3713743529359505,0.0911458333332575,0.1122091575857016,0.4296642562056737,9,1.808105632841627,1,0,0,0,0,0,0,0,0,0,0,0,0,0,0,0
Chopin,Jae Yoon Lee – Chopin Piano Competition 2015 (preliminary ro [wF9xN5HMZe4].mid,203.58620689656064,15740,8155,66.02636594663278,77.0,0.1586889493329104,65.8071791613723,9.150514407591032,0.089707750952986,0.092566709021601,0.0570520965692503,0.073697585768742,0.1073062261753494,0.0852604828462516,0.0703939008894536,0.0742058449809402,0.1064803049555273,0.1045743329097839,0.0532401524777636,0.0855146124523507,2.4624465682286427,0.0003029927322089,1.1662007704018744,1.929867582148112,0.5180738199606124,0.3216599015135199,0.0129334989452106,0.3963782567348309,new_midi_files\chopin-comp-midi\data\jae_yoon_lee\Jae Yoon Lee – Chopin Piano Competition 2015 (preliminary ro [wF9xN5HMZe4].mid,1720.121875,2,1,1,0,0,14.975931681920814,66.0,15.925277767330485,107.0,0.2804710463095663,0.0828125000000454,0.1086595863248406,0.6607811799187828,9,1.4520855171962783,1,0,0,0,0,0,0,0,0,0,0,0,0,0,0,0
Chopin,Jiyeong Mun – Chopin Piano Competition 2015 (preliminary rou [ONGlosU88l4].mid,201.5836213307725,16904,10385,64.75982016090866,77.0,0.2101989235782453,66.2340866067203,8.609669048656144,0.076372456223379,0.0963085660198769,0.0641859914813062,0.0850094652153336,0.10950070989115,0.0612872692853762,0.0916351159488878,0.0653691433980123,0.0971367723615712,0.0751301467108376,0.0623521060104117,0.115712257453857,2.461793183988343,0.000324588889083,1.1890088425148393,1.6275755825149238,0.6143152913339249,0.3269468981333651,0.0119244969731305,0.4324415931144881,new_midi_files\chopin-comp-midi\data\jiyeong_mun\Jiyeong Mun – Chopin Piano Competition 2015 (preliminary rou [ONGlosU88l4].mid,1963.373958333333,2,1,1,0,0,14.115524790108616,65.0,17.111519879732686,105.0,0.3628534131434632,0.0874999999999772,0.115664194225877,0.8023291370959849,9,1.8097431663924537,1,0,0,0,0,0,0,0,0,0,0,0,0,0,0,0
Chopin,Joanna Różewska-Kulasińska – Chopin Piano Competition 2015  [LCLzkta5psk].mid,188.9445454142516,14771,8740,66.79540992485275,77.0,0.1767083023040646,67.41500236950782,7.997013278952753,0.0920046036151919,0.0626227066549319,0.0967436192539435,0.0751472479859183,0.0955250152325502,0.0840159772527249,0.0654661160381829,0.095592715455961,0.0730485410601855,0.1006702322117663,0.0823911718908672,0.076772053347776,2.4738041287467176,0.0001516570699757,1.1527738048745262,1.6898524196316211,0.5916598971026266,0.3549193909331901,0.0127907220020478,0.358675424954661,new_midi_files\chopin-comp-midi\data\joanna_rozewska_kulasinska\Joanna Różewska-Kulasińska – Chopin Piano Competition 2015  [LCLzkta5psk].mid,1847.0645833333333,2,1,1,0,0,14.569710681809315,67.0,17.55066562518364,112.0,0.3518795757208083,0.0864583333333257,0.1243623053486797,0.8730578564859238,9,1.4131386400268071,1,0,0,0,0,0,0,0,0,0,0,0,0,0,0,0
Chopin,Joo Yeon Ka – Chopin Piano Competition 2015 (preliminary rou [aK-zYW39Do8].mid,172.7064506725545,14159,8346,66.54714315982767,77.0,0.2043394439932186,64.17557737128328,9.006854216695027,0.0932269228052828,0.0822091955646585,0.0662476163570873,0.0917437672151988,0.1031852531958471,0.088071191468324,0.0733808884808249,0.0622925347835299,0.0988770393389363,0.0950632106787202,0.0724627445441062,0.0732396355674835,2.472640241858955,0.0001682804632721,1.1570744465768132,1.6962980711632922,0.589406779661017,0.3694484408771756,0.0121967832395871,0.4186732164705084,new_midi_files\chopin-comp-midi\data\joo_yeon_ka\Joo Yeon Ka – Chopin Piano Competition 2015 (preliminary rou [aK-zYW39Do8].mid,1572.025,2,1,1,0,0,14.420765983676402,66.0,19.092068082863552,112.0,0.3406815048832246,0.0968749999999545,0.1106815713730752,0.6466672671839597,8,1.840455582767444,1,0,0,0,0,0,0,0,0,0,0,0,0,0,0,0
Chopin,Joshua Wright – Chopin Piano Competition 2015 (preliminary r [jRIt589ykUw].mid,202.6214340786429,15219,9434,66.69275248045207,79.0,0.1930577800227783,64.37604310401471,8.625243743258872,0.074709245022669,0.0772061239240423,0.0835140285169853,0.0889677376963006,0.0911360799001248,0.0666272422629607,0.0845653459491425,0.0804914908995334,0.0958670083448321,0.0845653459491425,0.0870622248505158,0.0852881266837505,2.4808023365849388,5.580031061005095e-05,1.184536488258132,1.6130365659777424,0.6198423127463863,0.3161555334059346,0.0133128406096348,0.4336680070968263,new_midi_files\chopin-comp-midi\data\joshua_wright\Joshua Wright – Chopin Piano Competition 2015 (preliminary r [jRIt589ykUw].mid,1764.471875,2,1,1,0,0,14.205602876038938,67.0,17.863020907863685,109.0,0.3461743936369794,0.092187499999909,0.1152975711328689,0.4726149299166046,8,1.6651704092289166,1,0,0,0,0,0,0,0,0,0,0,0,0,0,0,0
Chopin,Julia Maria Śliwa – Chopin Piano Competition 2015 (prelimin [0G5959nXxlw].mid,202.6042547434417,14403,9171,66.45955703672846,78.0,0.2045619836145241,62.429563285426646,8.04088459221248,0.0688745400263834,0.0979657015899465,0.0646393112545997,0.0971325418315628,0.0914392834826077,0.0726237589391099,0.0876206345900159,0.0713045893216691,0.1013677706033465,0.0753315281538568,0.0744289384156078,0.0972714017912934,2.4730552404569752,0.0001641123652004,1.1736460834857465,1.570322721325774,0.6366981394057206,0.3066220957125531,0.0140658327369787,0.4585151285153512,new_midi_files\chopin-comp-midi\data\julia_maria_sliwa\Julia Maria Śliwa – Chopin Piano Competition 2015 (prelimin [0G5959nXxlw].mid,1791.2208333333333,2,1,1,0,0,13.618448489997936,68.0,14.417504066918744,107.0,0.333376006266681,0.0994791666665833,0.1237499204392908,0.8293393089135394,9,1.64485930219845,1,0,0,0,0,0,0,0,0,0,0,0,0,0,0,0
Chopin,Kausikan Rajeshkumar – Chopin Piano Competition 2015 (prelim [3W0J1LovTeA].mid,205.33475093030225,13224,8829,66.3309134906231,77.0,0.214869311164045,59.81654567453116,8.059582953607231,0.0542196007259528,0.1163036902601331,0.0477918935269207,0.1195553539019963,0.073502722323049,0.058681185722928,0.1218995765275257,0.0427253478523895,0.1271929824561403,0.0514216575922565,0.1039776164549304,0.0827283726557773,2.4134781378781107,0.000976599312182,1.1608463503225956,1.4976217440543602,0.6675992438563327,0.2899004913367045,0.015526257159191,0.5889286306720953,new_midi_files\chopin-comp-midi\data\kausikan_rajeshkumar\Kausikan Rajeshkumar – Chopin Piano Competition 2015 (prelim [3W0J1LovTeA].mid,1640.7796875,2,1,1,0,0,13.063985589865508,68.0,17.01874553609591,106.0,0.3763103753982496,0.1005208333333484,0.1232812854495954,0.8303419459651613,8,1.7317570375110678,1,0,0,0,0,0,0,0,0,0,0,0,0,0,0,0
Chopin,Kiana Reid – Chopin Piano Competition 2015 (preliminary roun [Zov71eQ3gls].mid,201.5272262793989,15693,9391,65.41196711909768,77.0,0.2029507914887743,69.00739183075257,8.277871980817013,0.0747467023513668,0.0960937997833429,0.0672911489199006,0.0678009303511119,0.1067354871598802,0.0828394825718473,0.1042503026827247,0.0817561970305231,0.0818199197094245,0.0694577200025489,0.0706684509016759,0.0965398585356528,2.471605818388237,0.0001877261031504,1.1771546127430934,1.670890119250426,0.5983815470880591,0.3407314320078258,0.0128410364648527,0.4206329827952973,new_midi_files\chopin-comp-midi\data\kiana_reid\Kiana Reid – Chopin Piano Competition 2015 (preliminary roun [Zov71eQ3gls].mid,1895.7770833333327,2,1,1,0,0,13.673206699321302,65.0,17.459801063939857,111.0,0.3408968792962393,0.0947916666666515,0.117491031789022,0.6857652969750306,11,1.6800006703495631,1,0,0,0,0,0,0,0,0,0,0,0,0,0,0,0
Chopin,Linzi Pan – Chopin Piano Competition 2015 (preliminary round [auOzPwzG2ZE].mid,196.252129471888,16351,10179,66.25509143171672,77.0,0.211809324862903,62.708213564919575,8.48485470926312,0.1028683260962632,0.1014616843006544,0.0464803375940309,0.0933887835606385,0.0810347990948565,0.1116139685646137,0.0743685401504495,0.068130389578619,0.0993211424377713,0.0749189652009051,0.0839703993639532,0.0624426640572442,2.459533309705637,0.0003374433813821,1.162174818175027,1.606188605108055,0.6224926614481409,0.3179089307315014,0.0120017202465684,0.4525100973033699,new_midi_files\chopin-comp-midi\data\linzi_pan\Linzi Pan – Chopin Piano Competition 2015 (preliminary round [auOzPwzG2ZE].mid,1927.0807291666667,2,1,1,0,0,13.476706355451896,67.0,17.268126050415077,109.0,0.4126624746836809,0.1010416666665605,0.117150866462793,0.7522302809342934,8,1.7971713475288336,1,0,0,0,0,0,0,0,0,0,0,0,0,0,0,0
Chopin,Luigi Carroccia – Chopin Piano Competition 2015 (preliminary round) [sjlw4l2nlug].mid,208.1819598068413,16851,11061,63.901548869503294,78.0,0.2140854029434457,66.58661207050027,8.164297751065268,0.0683045516586552,0.1050976203192688,0.059462346448282,0.1093110201175004,0.0967895080410658,0.0620141237908729,0.1044448400688386,0.0645065574743338,0.10824283425316,0.0538840424900599,0.0780962554151089,0.0898462999228532,2.454774648927334,0.0004114602431239,1.2206276711486324,1.5233230880491773,0.6563612627581296,0.3183190946866849,0.012353546155165,0.5051920649818119,new_midi_files\chopin-comp-midi\data\luigi_carroccia\Luigi Carroccia – Chopin Piano Competition 2015 (preliminary round) [sjlw4l2nlug].mid,2063.9864583333333,2,1,1,0,0,14.290200123512122,65.0,18.927392257152324,108.0,0.3715785714353971,0.094270833333212,0.1207165244807121,0.588572856939866,11,1.7478569737870713,1,0,0,0,0,0,0,0,0,0,0,0,0,0,0,0
Chopin,Madoka Fukami – Chopin Piano Competition 2015 (preliminary round) [P6qhVuoxa2Q].mid,198.48677803583035,15683,8960,65.84339730918829,82.0,0.1931197727369328,61.50691831919913,8.683784090099635,0.0900337945546132,0.1268889880762609,0.032710578333227,0.1164955684499139,0.0739016769750685,0.0874194988203787,0.0915003506982082,0.0544538672447873,0.1293119938787222,0.0520946247529171,0.0922017471147102,0.0529873111011923,2.417785541608742,0.000891682416189,1.2453792195679714,1.750139493360116,0.5712828360112217,0.3083257894322786,0.0126553671280177,0.5563980918197237,new_midi_files\chopin-comp-midi\data\madoka_fukami\Madoka Fukami – Chopin Piano Competition 2015 (preliminary round) [P6qhVuoxa2Q].mid,1806.0098958333333,2,1,1,0,0,13.466183481022457,66.0,17.499419287624704,108.0,0.3582466483664322,0.0963541666666856,0.1145511507354504,0.5146705375723107,8,1.6770104099766416,1,0,0,0,0,0,0,0,0,0,0,0,0,0,0,0
Chopin,Marek Kozák – Chopin Piano Competition 2015 (preliminary ro [xkXTl-1hpi4].mid,199.3698690925263,13374,8245,66.72596081950053,79.0,0.1955582348836045,63.81194855690145,8.939817785370538,0.0811275609391356,0.1102138477643188,0.0524899057873485,0.0985494242560191,0.1028114251532824,0.063406609839988,0.085539105727531,0.0470315537610288,0.1186630776132795,0.0814266487213997,0.0562285030656497,0.1025123373710183,2.4452381970570114,0.0005303134360493,1.1839469652562191,1.6218772738297356,0.6164485981308411,0.3184707802919935,0.0149061584368243,0.469193489233309,new_midi_files\chopin-comp-midi\data\marek_kozak\Marek Kozák – Chopin Piano Competition 2015 (preliminary ro [xkXTl-1hpi4].mid,1496.0036458333334,2,1,1,0,0,13.697266966700736,68.0,16.65386688986286,102.0,0.3909396586112411,0.0859375,0.1112775430593982,0.5062295335445888,8,1.7482549862881178,1,0,0,0,0,0,0,0,0,0,0,0,0,0,0,0
Chopin,Markiyan Popil – Chopin Piano Competition 2015 (preliminary  [QTReAgitzhM].mid,208.01224177504807,14417,7374,65.92737740167857,80.0,0.1616091607708501,63.28292987445377,9.679970373261238,0.0858708469168342,0.109592841784005,0.0581258236803773,0.0918360269126725,0.0855240341263785,0.0777554276201706,0.0687382950683221,0.0751196504127072,0.127141568981064,0.08621765970729,0.0704029964625095,0.0636748283276687,2.4608833647795323,0.0003501031926084,1.213456411273941,1.9548474576271184,0.5114440282979609,0.3027714038996948,0.0144272604920965,0.4677112614973118,new_midi_files\chopin-comp-midi\data\markiyan_popil\Markiyan Popil – Chopin Piano Competition 2015 (preliminary  [QTReAgitzhM].mid,1489.3640625,2,1,1,0,0,15.054134504355067,67.0,16.984108401705434,105.0,0.3332050341958007,0.0848958333333484,0.102707928690344,0.7516147436369955,8,1.5643718883094435,1,0,0,0,0,0,0,0,0,0,0,0,0,0,0,0
Chopin,Mayaka Nakagawa – Chopin Piano Competition 2015 (preliminary [ZtPsPJZ8C4g].mid,202.47969217612248,15137,9127,66.74136222501156,77.0,0.1975507379819858,61.87177115676818,8.541782759277416,0.0598533394992402,0.1168659575873687,0.0508687322454911,0.1037193631498976,0.0940080597212129,0.070621655546013,0.1053048820770297,0.0519918081522098,0.1134306665785822,0.070093149236969,0.0728678073594503,0.0903745788465349,2.4474479499127137,0.0005105102117878,1.15370733049612,1.6583041191936898,0.6029198044655834,0.3040685313363599,0.0133755907105378,0.5121881645641642,new_midi_files\chopin-comp-midi\data\mayaka_nakagawa\Mayaka Nakagawa – Chopin Piano Competition 2015 (preliminary [ZtPsPJZ8C4g].mid,1772.1125,2,1,1,0,0,13.880815725115625,68.0,15.87225234545359,101.0,0.3363405428607411,0.0942708333333257,0.116474864010747,0.65546541657766,9,1.6874354877770537,1,0,0,0,0,0,0,0,0,0,0,0,0,0,0,0
Chopin,Michał Dziewior – Chopin Piano Competition 2015 (preliminary round) [NLroUyqk9nA].mid,196.50776912818628,16977,9526,66.0396418684102,83.0,0.1591941180224211,65.24892501619838,9.078134277728328,0.0866466395711845,0.1028450256229015,0.0477705130470636,0.0870589621252282,0.0938917358779525,0.0872945750132532,0.0821110914767037,0.0688578665252989,0.1100901219296695,0.0898863167815279,0.0719208340696236,0.0716263179595923,2.465740161863525,0.0002528874684759,1.2568208487345216,1.7819880340086072,0.5610790434680174,0.3303613083384613,0.0115742589897624,0.4540255811985456,new_midi_files\chopin-comp-midi\data\micha_dziewior\Michał Dziewior – Chopin Piano Competition 2015 (preliminary round) [NLroUyqk9nA].mid,1870.0979166666664,2,1,1,0,0,14.752890484297165,66.0,16.50628501353232,109.0,0.2766714923925494,0.0854166666667879,0.1099199789408576,0.585394450818172,8,1.4451855796320767,1,0,0,0,0,0,0,0,0,0,0,0,0,0,0,0
Chopin,Michelle Candotti – Chopin Piano Competition 2015 (preliminary round) [2_a-wHf4FDA].mid,206.19391912576663,17023,8851,64.06579333842448,79.0,0.1943431925434216,67.60171532632322,9.72520277353189,0.1064442225224696,0.0610350701991423,0.0915819773247958,0.0659108265288139,0.1042119485402103,0.098220055219409,0.0619749750337778,0.0987487516888915,0.0624449274510955,0.0992774481583739,0.0666157551547905,0.0835340421782294,2.4621752154543124,0.0003103594387346,1.2331073206192729,1.9230682331676456,0.5199130639097744,0.3262726802580002,0.012111954835865,0.3179812363863839,new_midi_files\chopin-comp-midi\data\michelle_candotti\Michelle Candotti – Chopin Piano Competition 2015 (preliminary round) [2_a-wHf4FDA].mid,1750.4005208333333,2,1,1,0,0,14.622903544812448,64.0,17.394337620487466,111.0,0.4103265593903025,0.0911458333332575,0.1024639376003603,0.6530505123064859,9,1.890026955140328,1,0,0,0,0,0,0,0,0,0,0,0,0,0,0,0
Chopin,Mihyun Ahn – Chopin Piano Competition 2015 (preliminary round) [mXb4mRwj8eo].mid,198.44249057957649,15426,9273,66.45293660054453,79.0,0.175489062027313,63.1517567742772,8.293550709439604,0.0798651627123039,0.1011927913911577,0.0580837546998573,0.0941267989109296,0.0909503435757811,0.087514585764294,0.0882276675742253,0.0634642810838843,0.1070270971087773,0.0803837676649812,0.0753273693763775,0.0738363801374303,2.47082261940659,0.00019197049918,1.1888112527827912,1.663359930989864,0.6010889998055358,0.3166414367909229,0.0128633234316183,0.4659012584602093,new_midi_files\chopin-comp-midi\data\mihyun_ahn\Mihyun Ahn – Chopin Piano Competition 2015 (preliminary round) [mXb4mRwj8eo].mid,1859.9994791666663,2,1,1,0,0,14.101878603985538,67.0,16.47955201071036,108.0,0.277035842123785,0.0927083333333484,0.1195278227984873,1.1855730364571813,9,1.4554274348754843,1,0,0,0,0,0,0,0,0,0,0,0,0,0,0,0
Chopin,Misora Ozaki – Chopin Piano Competition 2015 (preliminary ro [hLX3Z7K1jv4].mid,194.40617478628087,16643,9424,65.0557591780328,78.0,0.2158124223897937,67.28420356906808,9.252078380413757,0.0613471129003184,0.1189689358889623,0.0483085982094574,0.0970377936670071,0.1019647900018025,0.0603256624406657,0.095415489995794,0.0667547918043622,0.1192092771735865,0.0827975725530252,0.0648921468485249,0.0829778285164934,2.448152800646105,0.0005077265947491,1.198971463657388,1.7658355437665785,0.5662100456621004,0.3443299764844073,0.0116802556348402,0.4955231480507268,new_midi_files\chopin-comp-midi\data\misora_ozaki\Misora Ozaki – Chopin Piano Competition 2015 (preliminary ro [hLX3Z7K1jv4].mid,1798.8390625,2,1,1,0,0,14.600478155030126,66.0,18.478185857593623,108.0,0.3327282413483449,0.0963541666666287,0.107381017656131,0.6949620955466997,9,1.9967134474173325,1,0,0,0,0,0,0,0,0,0,0,0,0,0,0,0
Chopin,Miyako Arishima – Chopin Piano Competition 2015 (preliminary round) [1clqNl_l5mE].mid,196.89859846483893,14465,8442,66.8250259246457,77.0,0.1994063256135502,63.522709989630144,8.212404537095658,0.0697545800207397,0.0814379536812996,0.0904251641894227,0.1108192188040096,0.0738333909436571,0.0636709298306256,0.0875216038714137,0.085447632215693,0.0930521949533356,0.0546837193225025,0.117801590044936,0.0715520221223643,2.462753115962243,0.0003112275438389,1.1522629102241584,1.713253582849698,0.5835752799668188,0.3209861539313344,0.0136111294390183,0.4906320707229242,new_midi_files\chopin-comp-midi\data\miyako_arishima\Miyako Arishima – Chopin Piano Competition 2015 (preliminary round) [1clqNl_l5mE].mid,1761.3598958333332,2,1,1,0,0,13.64594560151504,67.0,16.72868174520891,101.0,0.3531301667307512,0.092187499999909,0.1215000748985988,0.7183371295082502,8,1.6376054131942877,1,0,0,0,0,0,0,0,0,0,0,0,0,0,0,0
Chopin,Nagino Maruyama – Chopin Piano Competition 2015 (preliminary [7N9kf9Wbsxk].mid,202.9550633060063,16090,8693,65.46687383467993,80.0,0.1865668052102755,64.11510254816656,9.586802506183222,0.0809819763828464,0.0875077688004972,0.0631448104412678,0.0895587321317588,0.1002486016159105,0.0702921068986948,0.0712243629583592,0.0934742075823492,0.1119950279676817,0.0901802361715351,0.0544437538844002,0.0869484151646985,2.467153947277946,0.0002409167212483,1.2219920410439602,1.850701633310329,0.5402398856503635,0.3143589647096465,0.0126129552735073,0.4147292310134663,new_midi_files\chopin-comp-midi\data\nagino_maruyama\Nagino Maruyama – Chopin Piano Competition 2015 (preliminary [7N9kf9Wbsxk].mid,1678.3489583333333,2,1,1,0,0,14.8667017815535,67.0,17.504077177680273,109.0,0.3406546529251231,0.0916666666666401,0.1038916016636625,0.569025347529222,9,1.7885791157604631,1,0,0,0,0,0,0,0,0,0,0,0,0,0,0,0
Chopin,Nathalia Milstein – Chopin Piano Competition 2015 (prelimina [3Zo2AJJTwNw].mid,199.9999999999976,17199,10104,64.67562067562068,77.0,0.2256121964455304,65.52776324204896,8.625065232415457,0.0494214779929065,0.1272748415605558,0.0397697540554683,0.1110529681958253,0.114715971858829,0.0402348973777545,0.104482818768533,0.046746903889761,0.1266352694924123,0.0660503517646374,0.0594802023373451,0.1141345427059712,2.396898869923131,0.0011722243245601,1.1905567817529763,1.7020286986640276,0.5874418604651163,0.3260087723485061,0.011627906976744,0.5289255714291005,new_midi_files\chopin-comp-midi\data\nathalia_milstein\Nathalia Milstein – Chopin Piano Competition 2015 (prelimina [3Zo2AJJTwNw].mid,1994.071875,2,1,1,0,0,13.144633862116812,65.0,17.934055760259284,111.0,0.4230969937286072,0.0953124999999772,0.1156095851746327,0.5358198122274956,9,1.945919911571232,1,0,0,0,0,0,0,0,0,0,0,0,0,0,0,0
Chopin,Ning Yuen Li – Chopin Piano Competition 2015 (preliminary ro [_LGTmn4mQMk].mid,190.40273263182024,15964,10146,65.02273866198948,77.0,0.2284589545226757,59.8108243547983,8.50676080730034,0.0939614131796542,0.093460285642696,0.0579428714607867,0.0943998997744926,0.092645953395139,0.080430969681784,0.0902655975945878,0.0731019794537709,0.0929591581057379,0.0610749185667752,0.0844399899774492,0.085316963167126,2.4732901233191016,0.0001519828495905,1.1842011025723067,1.5732728885384843,0.6355151894769809,0.312486783926171,0.0119262594821058,0.4555244755704881,new_midi_files\chopin-comp-midi\data\ning_yuen_li\Ning Yuen Li – Chopin Piano Competition 2015 (preliminary ro [_LGTmn4mQMk].mid,1876.625,2,1,1,0,0,13.261986172530758,66.0,19.416311510957016,105.0,0.3836091164035767,0.1067708333333143,0.1164770028085781,0.5648625146787323,10,1.9434456804103093,1,0,0,0,0,0,0,0,0,0,0,0,0,0,0,0
Chopin,Ning Zhou – Chopin Piano Competition 2015 (preliminary round [6iIDxOpgWRE].mid,196.5451055662,15635,8918,65.71128877518389,81.0,0.190500646253064,66.20211064918452,8.180728611130338,0.0764950431723696,0.089862488007675,0.0504637032299328,0.089862488007675,0.1165334186120882,0.0574352414454749,0.08864726574992,0.0657499200511672,0.1107771026543012,0.0853853533738407,0.056539814518708,0.1122481611768468,2.450498842793793,0.0004695114019824,1.2326648933101592,1.75299921515865,0.5703504732668202,0.335124023748588,0.012570037449872,0.4356887232495562,new_midi_files\chopin-comp-midi\data\ning_zhou\Ning Zhou – Chopin Piano Competition 2015 (preliminary round [6iIDxOpgWRE].mid,1911.1989583333327,2,1,1,0,0,14.882966866597334,66.0,17.9357830623954,106.0,0.3427544853296175,0.0890624999999545,0.1205674198328429,0.8102266116031949,9,1.5584340872412596,1,0,0,0,0,0,0,0,0,0,0,0,0,0,0,0
Chopin,Olof Hansen – Chopin Piano Competition 2015 (preliminary round) [bXEduLl2ewI].mid,206.5846619406473,16050,8589,65.53102803738318,77.0,0.1839360721703005,65.93806853582555,9.122741369571678,0.0867289719626168,0.1076635514018691,0.0413084112149532,0.097632398753894,0.1030529595015576,0.0719626168224299,0.0861682242990654,0.0585669781931464,0.1173831775700934,0.0728971962616822,0.0761993769470405,0.080436137071651,2.453038006715496,0.0004201004131041,1.1750158837895583,1.8684516880093127,0.5351068469254252,0.3176442224555038,0.0128705165996291,0.4850462439257187,new_midi_files\chopin-comp-midi\data\olof_hansen\Olof Hansen – Chopin Piano Competition 2015 (preliminary round) [bXEduLl2ewI].mid,1759.3395833333334,2,1,1,0,0,13.89231627883249,66.0,17.147998693660874,105.0,0.3485089205711274,0.09375,0.1088709122582923,0.6279772374304888,8,1.678001214944529,1,0,0,0,0,0,0,0,0,0,0,0,0,0,0,0
Chopin,Paweł Motyczyński – Chopin Piano Competition 2015 (prelimin [EQOxX5evfHc].mid,199.117768855436,16778,8706,64.4349147693408,77.0,0.1706825902968169,66.29759208487305,9.149868775350216,0.0702109905829061,0.1211705805221122,0.0500059601859578,0.10770056025748,0.0805817141494814,0.082250566217666,0.0972702348313267,0.0631183692931219,0.1242698772201692,0.060317081892955,0.0726546668256049,0.0704493980212182,2.447397612227701,0.0005337943877924,1.195004278047615,1.9269553233030887,0.518862864294654,0.3312928805076079,0.0118670819986552,0.5230653965912967,new_midi_files\chopin-comp-midi\data\pawe_motyczynski\Paweł Motyczyński – Chopin Piano Competition 2015 (prelimin [EQOxX5evfHc].mid,1833.6875,2,1,1,0,0,14.572174824343284,65.0,17.341704628939222,105.0,0.3002180818136993,0.0874999999999772,0.1077248303729311,0.647212785698287,10,1.5617233034527207,1,0,0,0,0,0,0,0,0,0,0,0,0,0,0,0
Chopin,Piotr Nowak – Chopin Piano Competition 2015 (preliminary rou [QdyMMXTNJKI].mid,202.72002815555712,17034,9317,63.854643653868735,77.0,0.1992370345094123,65.37701068451332,9.26553454636524,0.0761418339791006,0.1019138194199835,0.0653986145356346,0.0868850534225666,0.1039685335211929,0.0794880826582129,0.0816602089937771,0.0707995773159563,0.108136667840789,0.0829517435716801,0.060878243512974,0.0817776212281319,2.470298868137576,0.0002044762597549,1.205863730311039,1.8280746941403727,0.5469327854417376,0.3209159711807646,0.0119002071121548,0.4394735537165368,new_midi_files\chopin-comp-midi\data\piotr_nowak\Piotr Nowak – Chopin Piano Competition 2015 (preliminary rou [QdyMMXTNJKI].mid,1838.4260416666664,2,1,1,0,0,14.96111765696516,64.0,18.62971154493564,108.0,0.3637111214949093,0.0869791666666515,0.1076361878412493,0.6768196084317876,9,1.846037626162316,1,0,0,0,0,0,0,0,0,0,0,0,0,0,0,0
Chopin,Piotr Ryszard Pawlak – Chopin Piano Competition 2015 (prelim [CC0scCkaxn0].mid,187.9569673176024,14647,8848,64.79046903802826,76.0,0.2302664368129997,66.18201679524817,8.217579017037261,0.0940806991192735,0.0776950911449443,0.0895063835597733,0.1037072438041919,0.0841810609681163,0.0692291936915409,0.0656789786304362,0.0887553765276165,0.0953778930839079,0.080084658974534,0.0890284699938554,0.0626749505018092,2.474162657710971,0.0001463372733591,1.173012017900046,1.6552152785625494,0.6040415073730202,0.3502491479131764,0.0128315788720373,0.4314872451700908,new_midi_files\chopin-comp-midi\data\piotr_ryszard_pawlak\Piotr Ryszard Pawlak – Chopin Piano Competition 2015 (prelim [CC0scCkaxn0].mid,1782.3984375,2,1,1,0,0,13.36617378269666,65.0,16.605854484774753,107.0,0.4515641929419048,0.095833333333303,0.1210417235650234,0.6016782748501085,8,1.892232639482457,1,0,0,0,0,0,0,0,0,0,0,0,0,0,0,0
Chopin,Qi Kong – Chopin Piano Competition 2015 (preliminary round) [LJC8nwZErxs].mid,204.0169048098116,16521,10158,65.91265661884874,77.0,0.1910048196235103,64.36371890321409,9.275378592162618,0.1170631317716845,0.0780219115065674,0.0638581199685249,0.0891592518612674,0.0903698323346044,0.1064100236063192,0.0498759155014829,0.0899461291689365,0.0936989286362811,0.0815325948792446,0.0832879365655832,0.0567762241995036,2.459256509407439,0.0003450233272565,1.1682126435451248,1.6262427404272075,0.6148166081588186,0.3139434719440452,0.0123481966353838,0.3940435500276321,new_midi_files\chopin-comp-midi\data\qi_kong\Qi Kong – Chopin Piano Competition 2015 (preliminary round) [LJC8nwZErxs].mid,1781.1671875,2,1,1,0,0,13.999543784236591,66.0,18.4154574443221,110.0,0.3065227111557593,0.0973958333333939,0.1069224803268765,0.451165029808421,9,1.77164201493578,1,0,0,0,0,0,0,0,0,0,0,0,0,0,0,0
Chopin,Rafał Błaszczyk – Chopin Piano Competition 2015 (preliminary round) [wJkmRsBtNFk].mid,200.5940796886228,15157,8404,66.01669195751138,81.0,0.1740223507840164,69.89490004618328,8.979595111268958,0.0860988322227353,0.1003496734182226,0.0535066305997229,0.0915748499043346,0.1004816256515141,0.0748169162763079,0.0754766774427657,0.0731015372435178,0.1134129445140859,0.0798311011413868,0.0690110180114798,0.0823381935739262,2.467310883405455,0.0002425780204747,1.2269623995272216,1.8033313503866744,0.5544267053701016,0.346711074819961,0.0132335453020598,0.4498247134661753,new_midi_files\chopin-comp-midi\data\rafa_b_aszczyk\Rafał Błaszczyk – Chopin Piano Competition 2015 (preliminary round) [wJkmRsBtNFk].mid,1687.9380208333332,2,1,1,0,0,15.229520596983912,67.0,16.623878611561814,109.0,0.3129876148387674,0.08489583333332,0.109318607317234,0.6536520658693212,8,1.5626502503516777,1,0,0,0,0,0,0,0,0,0,0,0,0,0,0,0
Chopin,Rikono Takeda – Chopin Piano Competition 2015 (preliminary r [YCKFM8BzIso].mid,194.2118572632624,16484,10329,65.50194127638923,77.0,0.2005354624181012,64.63097549138558,8.436862972365113,0.0659427323465178,0.1004610531424411,0.0479859257461781,0.0883280757097791,0.122361077408396,0.0560543557388983,0.0894200436787187,0.0527177869449162,0.1152632856102887,0.0876000970638194,0.0510191701043436,0.1228463965057025,2.4315623831579583,0.0007295883370292,1.1755376607779668,1.5957405614714424,0.6265696087352138,0.3310811976150832,0.011781125705991,0.4444911837543877,new_midi_files\chopin-comp-midi\data\rikono_takeda\Rikono Takeda – Chopin Piano Competition 2015 (preliminary r [YCKFM8BzIso].mid,1953.8067708333333,2,1,1,0,0,13.67472543124519,66.0,17.576083825327093,98.0,0.3428573921665606,0.09375,0.11798352216425,0.7111085315750246,8,1.6918902175213866,1,0,0,0,0,0,0,0,0,0,0,0,0,0,0,0
Chopin,Rina Sudo – Chopin Piano Competition 2015 (preliminary round [UNcuFseEgQk].mid,203.1578077209328,16844,9729,65.43095464260271,80.0,0.1777466197162199,67.02220375207789,8.840612196474087,0.071420090239848,0.0951674186654001,0.0574091664687722,0.0734979814770838,0.1105438138209451,0.0712419852766563,0.0862621705058181,0.0761695559249584,0.0958204701971028,0.0945143671336974,0.0632866302540964,0.104666350035621,2.465990427266952,0.0002612656883674,1.2226628698039563,1.7311408016443988,0.5775601068566341,0.3282862629662041,0.012060421948408,0.4140342570652442,new_midi_files\chopin-comp-midi\data\rina_sudo\Rina Sudo – Chopin Piano Competition 2015 (preliminary round [UNcuFseEgQk].mid,1905.2979166666669,2,1,1,0,0,14.899036250146244,66.0,17.11548023649238,105.0,0.2955971233573523,0.0895833333333939,0.1126831868827801,0.6361931326044794,9,1.5713889341452492,1,0,0,0,0,0,0,0,0,0,0,0,0,0,0,0
Chopin,Roman Martynov – Chopin Piano Competition 2015 (preliminary  [Zi8u9p8Q1BU].mid,205.77144444885403,14225,8041,65.56702987697716,77.0,0.1778241432337441,62.05349736379613,9.291195918296532,0.0823198594024604,0.1295606326889279,0.0502636203866432,0.0977855887521968,0.0728998242530755,0.0958875219683655,0.0933567662565905,0.0610896309314587,0.1087521968365553,0.052231985940246,0.0986994727592267,0.057152899824253,2.4434710227614014,0.0005697605812792,1.1743707007943431,1.76883859736384,0.5652326725713482,0.3001067073318501,0.0144644625649412,0.5281541291393683,new_midi_files\chopin-comp-midi\data\roman_martynov\Roman Martynov – Chopin Piano Competition 2015 (preliminary  [Zi8u9p8Q1BU].mid,1531.0192708333334,2,1,1,0,0,13.565614384863892,66.0,17.909195463351917,105.0,0.3261992420337742,0.0927083333333342,0.1072270018982002,0.6399883616969981,8,1.6521989537879478,1,0,0,0,0,0,0,0,0,0,0,0,0,0,0,0
Chopin,Ronald Noerjadi – Chopin Piano Competition 2015 (preliminary [0icesPnDirc].mid,204.48321330765705,18721,11878,65.08135249185406,79.0,0.2098072518829129,66.76245927033813,7.10577896882907,0.0976977725548848,0.0881897334544094,0.0622295817531114,0.0920890978046044,0.0804978366540248,0.1111051760055552,0.0744084183537204,0.0634581486031729,0.1151113722557555,0.0749425778537471,0.0756369852037818,0.0646332995032316,2.464415693441294,0.0002912599513211,1.2138653510008528,1.5759744086202545,0.6344407648755475,0.3249046878120351,0.010922081685058,0.4454351616371102,new_midi_files\chopin-comp-midi\data\ronald_noerjadi\Ronald Noerjadi – Chopin Piano Competition 2015 (preliminary [0icesPnDirc].mid,2634.616145833333,2,1,1,0,0,14.396918126598589,65.0,19.57301631319403,115.0,0.3723597438628673,0.0973958333332802,0.140317480190527,1.2286333129950526,9,1.4908439579374193,1,0,0,0,0,0,0,0,0,0,0,0,0,0,0,0
Chopin,Ruoyu Huang – Chopin Piano Competition 2015 (preliminary rou [r7b2A9D21Yk].mid,182.69764491316863,16240,10628,66.03663793103448,77.0,0.2320976049363719,62.84445812807882,8.062375014415197,0.1017241379310344,0.0500615763546798,0.0938423645320197,0.0846059113300492,0.0953817733990147,0.0812807881773399,0.0589901477832512,0.1007389162561576,0.0703201970443349,0.091564039408867,0.087807881773399,0.0836822660098522,2.466495734818132,0.0002382869269388,1.1660193681331228,1.5278953805626116,0.6543932023890154,0.3421081318586557,0.0112491622999303,0.3517853625003518,new_midi_files\chopin-comp-midi\data\ruoyu_huang\Ruoyu Huang – Chopin Piano Competition 2015 (preliminary rou [r7b2A9D21Yk].mid,2014.2947916666667,2,1,1,0,0,14.233406206642536,66.0,19.11911891808594,112.0,0.4283033423329008,0.0947916666666515,0.1235866394174518,0.4298735657148738,8,1.8712579309446145,1,0,0,0,0,0,0,0,0,0,0,0,0,0,0,0
Chopin,Ruslan Kazakov – Chopin Piano Competition 2015 (preliminary  [_9PKpMs4evc].mid,201.8092530369622,18618,9506,63.17074873778064,79.0,0.1845244689279199,72.22838113653454,8.610186915640229,0.0799763669567085,0.1117735524760984,0.0567730153614781,0.0949618648619615,0.0847566870770222,0.0760554302288108,0.0856160704694381,0.0702545923300032,0.1153185089698141,0.0637555054248576,0.0769148136212267,0.0838435922225803,2.4652200136976505,0.0002783206045419,1.2505787936335404,1.9583464815399176,0.5105537354315485,0.3561394761577808,0.0108388878584758,0.4845843258142132,new_midi_files\chopin-comp-midi\data\ruslan_kazakov\Ruslan Kazakov – Chopin Piano Competition 2015 (preliminary  [_9PKpMs4evc].mid,2162.3223958333333,2,1,1,0,0,14.525669304301266,63.0,17.700615552097712,108.0,0.4134902854648014,0.0791666666666515,0.1155213760720488,0.9556885412185242,9,1.5887901679786396,1,0,0,0,0,0,0,0,0,0,0,0,0,0,0,0
Chopin,Seong-Jin Cho – Chopin Piano Competition 2015 (preliminary round) [Cb26O5_mhx8].mid,200.9900186642633,15882,8745,64.21886412290644,79.0,0.219480944098141,66.23290517567057,8.622244918213845,0.1169877849137388,0.0695126558367963,0.0715904797884397,0.1155396045838055,0.0724719808588339,0.0889686437476388,0.056227175418713,0.1004911220249338,0.1043949124795365,0.0494270243042438,0.0817907064601435,0.0725979095831759,2.452389247828008,0.0004490406578724,1.2301681110185367,1.8159158472444543,0.5505886797204559,0.3279018716551497,0.012654411550983,0.4274646273143678,new_midi_files\chopin-comp-midi\data\seong_jin_cho\Seong-Jin Cho – Chopin Piano Competition 2015 (preliminary round) [Cb26O5_mhx8].mid,1841.9796875,2,1,1,0,0,14.517642581423058,64.0,18.26226937002786,103.0,0.4465922270948651,0.0927083333333484,0.1117448392208718,0.5476454604007757,9,1.892418454894977,1,0,0,0,0,0,0,0,0,0,0,0,0,0,0,0
Chopin,Shaun Yung Sheng Choo – Chopin Piano Competition 2015 (preliminary round) [2SWjmx98mT0].mid,206.1613191869928,16014,9044,65.07493443237168,79.0,0.1772667665792427,68.33545647558387,9.34702504922506,0.1098413887848132,0.0370300986636692,0.1042213063569376,0.0788684900711877,0.1027850630698139,0.0697514674659672,0.0533283377045085,0.1202073185962283,0.0763082302984888,0.0891719745222929,0.0674409891345073,0.0910453353315848,2.443141704318613,0.0005434349659713,1.213985069291383,1.770480928689884,0.5647205744614424,0.3298659071286436,0.0128730139985633,0.3129758328965288,new_midi_files\chopin-comp-midi\data\shaun_yung_sheng_choo\Shaun Yung Sheng Choo – Chopin Piano Competition 2015 (preliminary round) [2SWjmx98mT0].mid,1713.2723958333331,2,1,1,0,0,14.627304660502045,65.0,16.381992309401824,109.0,0.3496554452290083,0.0875000000000909,0.1066919911426133,0.5327493390318007,9,1.656916907611324,1,0,0,0,0,0,0,0,0,0,0,0,0,0,0,0
Chopin,Soo Jung Ann – Chopin Piano Competition 2015 (preliminary round) [JFYzmYLEHtA].mid,200.213040309494,15156,9060,66.80351016099235,76.0,0.1979961181490278,64.96067564001056,8.317746590953917,0.0714568487727632,0.0925705991026656,0.0791765637371338,0.1181050409078912,0.0826735286355238,0.0661784111902876,0.0780548957508577,0.0785827395091053,0.1105172868830826,0.0671681182370018,0.0888097123251517,0.0667062549485352,2.4671344964655466,0.0002587180882239,1.1376647526332064,1.6726630614722438,0.5977436168107145,0.322845256649827,0.0132092789014642,0.4880570469126021,new_midi_files\chopin-comp-midi\data\soo_jung_ann\Soo Jung Ann – Chopin Piano Competition 2015 (preliminary round) [JFYzmYLEHtA].mid,1822.128125,2,1,1,0,0,13.483406351885089,67.0,17.270579965623625,105.0,0.3433088307190501,0.097916666666606,0.118296045034642,0.9277785332931026,8,1.646881536756175,1,0,0,0,0,0,0,0,0,0,0,0,0,0,0,0
Chopin,Su Yeon Kim – Chopin Piano Competition 2015 (preliminary rou [an8zxFY-wbk].mid,195.2726245408969,16386,9184,64.75765897717564,77.0,0.2091786306399771,61.75003051385329,9.02614361271017,0.1033809349444647,0.0941047235444892,0.0532771878432808,0.0854387892103014,0.1067984865128768,0.0854998169168802,0.0655437568656169,0.0742707189063835,0.1020383253997314,0.0815940436958379,0.0634688148419382,0.0845844013181984,2.4655623025379976,0.0002607256001885,1.1890485237906878,1.7839956450734893,0.5604442545920547,0.3146135670131958,0.0119163132080854,0.4105939992680781,new_midi_files\chopin-comp-midi\data\su_yeon_kim\Su Yeon Kim – Chopin Piano Competition 2015 (preliminary rou [an8zxFY-wbk].mid,1815.3932291666667,2,1,1,0,0,13.387521091263316,65.0,18.83522718975492,108.0,0.3372743849095858,0.1104166666666515,0.1103625648458956,0.5995686141587104,8,1.8880763608664963,1,0,0,0,0,0,0,0,0,0,0,0,0,0,0,0
Chopin,Takuya Kambara – Chopin Piano Competition 2015 (preliminary  [bDz0IA_36PE].mid,194.8708654281868,15131,9460,65.84006344590576,77.0,0.2096081031216267,63.96325424624942,8.658213950111627,0.1031656863393034,0.0954332165752428,0.0622562950234617,0.1019099861212081,0.0783821294032119,0.0876346573260194,0.0721697177978983,0.0869737624743903,0.0909391315841649,0.0532681250413059,0.0917322054061198,0.0761350869076729,2.468604694814833,0.0002161732114929,1.1695006778625383,1.599302399323539,0.6251652127940788,0.3265582867897247,0.0128780640647757,0.4521838053008289,new_midi_files\chopin-comp-midi\data\takuya_kambara\Takuya Kambara – Chopin Piano Competition 2015 (preliminary  [bDz0IA_36PE].mid,1747.5890625,2,1,1,0,0,13.526903931334626,67.0,17.265232900006367,108.0,0.3374844999115551,0.109375,0.1141530003855474,0.6077621389923574,8,1.8148318025041144,1,0,0,0,0,0,0,0,0,0,0,0,0,0,0,0
Chopin,Tamila Salindianova – Chopin Piano Competition 2015 (prelimi [IApUbbTz-5Y].mid,206.29174329685705,14845,8239,64.01684068710003,77.0,0.1698573804311215,63.58390030313237,9.297792009269608,0.1147861232738295,0.0879083866621758,0.0635904344897271,0.0893903671269787,0.0931626810373863,0.0852812394745705,0.0597507578309195,0.091545975075783,0.1012462108454024,0.071539238800943,0.0666891209161333,0.0751094644661502,2.467154140766496,0.0002471090216835,1.2028084793117215,1.801577669902913,0.5549643001481881,0.3067362900801868,0.0138954427655164,0.4049844383971715,new_midi_files\chopin-comp-midi\data\tamila_salimdjanova\Tamila Salindianova – Chopin Piano Competition 2015 (prelimi [IApUbbTz-5Y].mid,1596.615625,2,1,1,0,0,13.44284657116512,65.0,16.65268365251522,105.0,0.2889070692326114,0.0911458333332575,0.1068677088947273,0.8998042270439747,9,1.5792985944879512,1,0,0,0,0,0,0,0,0,0,0,0,0,0,0,0
Chopin,Thibaud Epp – Chopin Piano Competition 2015 (preliminary round) [7XAd5uNuni0].mid,201.89982123453623,14986,8611,66.0589216602162,77.0,0.1942745868366036,60.3969037768584,8.938155416953753,0.0806752969438142,0.122314159882557,0.0423728813559322,0.1099025757373548,0.0772053916989189,0.0835446416655545,0.0798078206325904,0.0639930601895102,0.1277859335379687,0.0520485786734285,0.0912184705725343,0.0691311891098358,2.439399968028183,0.0006294142348251,1.1656260335346498,1.7401300510915003,0.5745646226729832,0.2976685903879842,0.0134716635240232,0.5310284293345762,new_midi_files\chopin-comp-midi\data\thibaud_epp\Thibaud Epp – Chopin Piano Competition 2015 (preliminary round) [7XAd5uNuni0].mid,1676.6322916666666,2,1,1,0,0,13.57859164589424,67.0,14.88804973277356,100.0,0.3678145670987449,0.095833333333303,0.111318506006006,0.5533304345882994,8,1.7364564507100444,1,0,0,0,0,0,0,0,0,0,0,0,0,0,0,0
Chopin,Tian Lu – Chopin Piano Competition 2015 (preliminary round) [JRUKxnUDBUU].mid,189.54562713580685,13604,8381,64.45435166127609,77.0,0.2162552527442915,66.6204792708027,7.692251963801209,0.0732137606586298,0.0772566892090561,0.0804910320493972,0.0805645398412231,0.0977653631284916,0.0606439282563951,0.0968097618347544,0.1002646280505733,0.0741693619523669,0.0527785945310202,0.0830638047633049,0.1229785357247868,2.461509808349523,0.0003279864045575,1.1946439118651064,1.6230016702457648,0.6160235207644248,0.349630061168082,0.0139320563863143,0.41186374573696,new_midi_files\chopin-comp-midi\data\tian_lu\Tian Lu – Chopin Piano Competition 2015 (preliminary round) [JRUKxnUDBUU].mid,1768.5328125,2,1,1,0,0,13.735559235150443,66.0,17.69468416162796,111.0,0.4410164094994346,0.0869791666666515,0.1294781405449778,0.688636693431379,11,1.663489892604601,1,0,0,0,0,0,0,0,0,0,0,0,0,0,0,0
Chopin,Tianpeng Yu – Chopin Piano Competition 2015 (preliminary rou [AEvxVAsSixg].mid,195.0967741935404,16189,9074,64.65007103588857,77.0,0.1992904775876621,65.28111680770894,9.159186228076198,0.101303354129347,0.0726419173512879,0.0738773241089628,0.0772129223546852,0.112360244610538,0.0849342145901538,0.060596701463957,0.0854283772932237,0.092964358515041,0.0879609611464574,0.0644882327506331,0.0862313916857125,2.4705399270091246,0.0002006899787144,1.1910272885273157,1.7839118457300276,0.5604694255713404,0.3329025532224149,0.0120504493016393,0.3679037645318399,new_midi_files\chopin-comp-midi\data\tianpeng_yu\Tianpeng Yu – Chopin Piano Competition 2015 (preliminary rou [AEvxVAsSixg].mid,1767.5151041666666,2,1,1,0,0,14.465276300359902,64.0,18.92316267048368,109.0,0.3602659972673143,0.0901041666666628,0.1085191062309529,0.5502192115475605,9,1.825338597707644,1,0,0,0,0,0,0,0,0,0,0,0,0,0,0,0
Chopin,Yike (Tony) Yang – Chopin Piano Competition 2015 (preliminar [gr8IA3RGHFM].mid,206.5122316833732,17392,9620,65.23625804967801,79.0,0.2114265598646886,65.04438822447102,9.226153012174022,0.1044158233670653,0.0737120515179392,0.0664098436062557,0.0949287028518859,0.0846941122355105,0.0938937442502299,0.0704921803127874,0.0880864765409383,0.0903863845446182,0.0752644894204231,0.078139374425023,0.0795768169273229,2.4764651814790577,0.0001178916271617,1.21098298938081,1.8077122960191248,0.5530960731328696,0.3134484540830211,0.0118732956754655,0.4076582859939678,new_midi_files\chopin-comp-midi\data\tony_yike_yang\Yike (Tony) Yang – Chopin Piano Competition 2015 (preliminar [gr8IA3RGHFM].mid,1885.0760416666667,2,1,1,0,0,14.393044883262444,65.0,15.57733942194806,103.0,0.385662442856306,0.0916666666666969,0.1067386687079523,0.4008626813245086,9,1.9506537921491824,1,0,0,0,0,0,0,0,0,0,0,0,0,0,0,0
Chopin,Tymoteusz Bies – Chopin Piano Competition 2015 (preliminary round) [N1u74xY03s8].mid,199.7338816983229,16104,9244,65.6663561847988,79.0,0.1876173686144224,65.98335817188276,8.314998643285824,0.1119597615499254,0.0663189269746646,0.070230998509687,0.0750124192747143,0.1036388474913065,0.1063089915548931,0.0616616989567809,0.0789244908097367,0.0722801788375558,0.1035146547441629,0.0749503229011425,0.0751987083954297,2.4647786532607863,0.0002870890462202,1.203051355166201,1.741914548404543,0.5739832350201801,0.3287106173289033,0.0124019796149222,0.3502231967216617,new_midi_files\chopin-comp-midi\data\tymoteusz_bies\Tymoteusz Bies – Chopin Piano Competition 2015 (preliminary round) [N1u74xY03s8].mid,1936.741145833333,2,1,1,0,0,14.256277610331502,65.0,17.269508900215545,105.0,0.3724873787513637,0.0885416666666287,0.1197090927673932,0.8676461397278914,8,1.5600381654857811,1,0,0,0,0,0,0,0,0,0,0,0,0,0,0,0
Chopin,Łukasz Piotr Byrdy – Chopin Piano Competition 2015 (preliminary round) [qWmycSlNR0Y].mid,199.53132959755592,18123,8825,64.63328367268112,77.0,0.1704744144181418,71.5560337692435,9.206144350811858,0.0860784638304916,0.0907686365392043,0.0643381338630469,0.0849197152789273,0.1047839761628869,0.0742150858025713,0.0770291894277989,0.0874579263918777,0.1071014732660155,0.0849197152789273,0.064227776858136,0.0741599073001158,2.4727338951218285,0.0001702329847389,1.1913366369966647,2.0533650577838207,0.4869234164643566,0.3568321913231638,0.0110092324871747,0.4240463673237149,new_midi_files\chopin-comp-midi\data\ukasz_piotr_byrdy\Łukasz Piotr Byrdy – Chopin Piano Competition 2015 (preliminary round) [qWmycSlNR0Y].mid,1968.5765625,2,1,1,0,0,15.251082936065991,65.0,16.88161428056349,109.0,0.3337790739399098,0.0854166666667879,0.1075481171596218,0.996502755939794,9,1.5694120672535332,1,0,0,0,0,0,0,0,0,0,0,0,0,0,0,0
Chopin,Valentin Cotton – Chopin Piano Competition 2015 (preliminary round) [A2Psvv05WC8].mid,204.41815610130416,17869,10435,63.76624321450557,77.0,0.2109591564534484,68.59359785102691,9.055014221832076,0.0784599026246572,0.0904919133695226,0.0645811181375566,0.099557893558677,0.1077284682970507,0.0622866416699311,0.0827130785158654,0.0724159158318876,0.1060495830768369,0.0651967093849683,0.0651407465442946,0.1053780289887514,2.46393670678242,0.0002924535030286,1.2075354436898764,1.7122460712916827,0.5839395635142697,0.3339217874061689,0.0114391805316902,0.4439527711124256,new_midi_files\chopin-comp-midi\data\valentin_cotton\Valentin Cotton – Chopin Piano Competition 2015 (preliminary round) [A2Psvv05WC8].mid,1973.381770833333,2,1,1,0,0,14.141270159938196,64.0,15.833961895158756,98.0,0.3537622194725546,0.0885416666667424,0.1093882627695694,0.5836136082799285,9,1.910238161911682,1,0,0,0,0,0,0,0,0,0,0,0,0,0,0,0
Chopin,Alexia Mouza – Chopin Piano Competition 2015 (preliminary ro [28hDYa3q4r8].mid,194.1209511327572,15208,8812,64.14018937401367,79.0,0.2239639498947928,64.16103366649132,8.708391912470393,0.0604944765912677,0.0967254076801683,0.0638479747501315,0.0704892162019989,0.1374276696475539,0.049118884797475,0.1059310889005786,0.0760783798001052,0.0899526564965807,0.0737112046291425,0.0624671225670699,0.1137559179379274,2.442171914412287,0.0006169219499696,1.231677042729932,1.7256325882219448,0.579393779998685,0.3288269829252584,0.0127635578363309,0.4255650662813303,new_midi_files\chopin-comp-midi\data\ven_alexia_mouza\Alexia Mouza – Chopin Piano Competition 2015 (preliminary ro [28hDYa3q4r8].mid,1746.3614583333333,2,1,1,0,0,13.762486837086955,64.0,18.55912511328216,109.0,0.5381595809369082,0.0864583333334394,0.1135863281164376,0.6335818939666207,11,1.95036584994873,1,0,0,0,0,0,0,0,0,0,0,0,0,0,0,0
Chopin,Viktor Yuandong Mattsson – Chopin Piano Competition 2015 (pr [YOzuYiv_ELM].mid,202.7058731524186,14018,8413,67.50841774860893,77.0,0.1855176157440433,63.52896276216293,8.593360574556085,0.1022970466543016,0.0726922528178056,0.0945926665715508,0.1117135111998858,0.0763304323013268,0.0776144956484519,0.061706377514624,0.0915251819089741,0.0956627193608218,0.0668426309031245,0.0855328862890569,0.0634897988300756,2.467888565507253,0.0002370166956507,1.1405984827868103,1.6660328024720703,0.6001141308224552,0.3118661321788633,0.0144593675121205,0.4273073198748744,new_midi_files\chopin-comp-midi\data\viktor_yuandong_mattsson\Viktor Yuandong Mattsson – Chopin Piano Competition 2015 (pr [YOzuYiv_ELM].mid,1631.259375,2,1,1,0,0,14.019907952529785,68.0,18.072397526883577,105.0,0.343945471136121,0.094270833333212,0.1157961091888421,0.7892510399705579,8,1.5942197650205023,1,0,0,0,0,0,0,0,0,0,0,0,0,0,0,0
Chopin,Wenbin Jin – Chopin Piano Competition 2015 (preliminary roun [IX1nWH5F0Oo].mid,207.53017474330755,16220,8766,66.5750924784217,77.0,0.1507239968660092,66.56387176325524,9.882319341864136,0.0872996300863132,0.0592478421701603,0.1077065351418002,0.0681874229346485,0.1017879161528976,0.0795930949445129,0.0639334155363748,0.0967324290998767,0.0689272503082614,0.1110357583230579,0.0786066584463625,0.0769420468557336,2.464859503571514,0.0002806580939672,1.1565886877043172,1.850119767309228,0.5404105788792306,0.3192049872168032,0.0127939199027993,0.3389022504935571,new_midi_files\chopin-comp-midi\data\wenbin_jin\Wenbin Jin – Chopin Piano Competition 2015 (preliminary roun [IX1nWH5F0Oo].mid,1641.3151041666667,2,1,1,0,0,14.257503999854755,67.0,15.916522425429193,104.0,0.260103505865993,0.0854166666666742,0.1007107147995149,0.4917634061739708,8,1.4895026695120424,1,0,0,0,0,0,0,0,0,0,0,0,0,0,0,0
Chopin,Xin Luo – Chopin Piano Competition 2015 (preliminary round) [d333KunQuWA].mid,200.234117271498,15988,9855,64.5738053540155,77.0,0.1889322916666662,64.30216412309233,7.889430123696412,0.075118839129347,0.0814986239679759,0.0973229922441831,0.1055166374781085,0.0759944958719039,0.0748061045784338,0.0851888916687515,0.0967600700525394,0.0838754065549161,0.0511008256192144,0.0968851638729046,0.0759319489617212,2.470170737301536,0.0001955505943665,1.1924339658384064,1.6221590909090908,0.6163612483582463,0.3195390771453436,0.0125232420583837,0.4529642705783864,new_midi_files\chopin-comp-midi\data\xin_luo\Xin Luo – Chopin Piano Competition 2015 (preliminary round) [d333KunQuWA].mid,2026.5088541666669,2,1,1,0,0,14.250326249030028,64.0,19.462738154032262,106.0,0.3331991299036782,0.088541666666515,0.1261943297679364,0.7946082310018192,8,1.4905681132139823,1,0,0,0,0,0,0,0,0,0,0,0,0,0,0,0
Chopin,Yasuko Furumi – Chopin Piano Competition 2015 (preliminary round) [iDZ3bOa2jEU].mid,196.0885121756291,12954,7313,64.67330554268952,79.0,0.2553067183238122,64.42156862745098,7.633182674858511,0.0968040759610931,0.085842210900108,0.0698625907055735,0.1106993978693839,0.0572024085224641,0.0891616489115331,0.0724100663887602,0.0881580978848232,0.1094642581442025,0.0589007256445885,0.1017446348618187,0.0597498842056507,2.4595946569620804,0.0003460367519222,1.2215240602837236,1.771123872026251,0.5644924739482825,0.3268661776189359,0.015136125988084,0.4801600880041856,new_midi_files\chopin-comp-midi\data\yasuko_furumi\Yasuko Furumi – Chopin Piano Competition 2015 (preliminary round) [iDZ3bOa2jEU].mid,1697.0640625,2,1,1,0,0,14.061663723766982,65.0,17.842211533534805,104.0,0.5418101761428591,0.0968750000001819,0.1304587579453923,1.046620974241565,9,1.9488028190843043,1,0,0,0,0,0,0,0,0,0,0,0,0,0,0,0
Chopin,Yedam Kim – Chopin Piano Competition 2015 (preliminary round [4QdvmMzFJJw].mid,199.2634750585985,15290,7460,65.62674950948332,78.0,0.17973352000218,65.75585349901897,9.43789535139417,0.0527795945062132,0.1234793982995421,0.0426422498364944,0.1046435578809679,0.1098103335513407,0.0436232831916285,0.0974493132766514,0.0492478744277305,0.1402877697841726,0.0812949640287769,0.0576847612818835,0.0970568999345977,2.4091596592266984,0.0010323562304802,1.188539724951469,2.049323147031229,0.487868680923419,0.3283467116496322,0.0130314220821789,0.5235442769789409,new_midi_files\chopin-comp-midi\data\yedam_kim\Yedam Kim – Chopin Piano Competition 2015 (preliminary round [4QdvmMzFJJw].mid,1620.0645833333333,2,1,1,0,0,14.102894005243307,67.0,16.670644044709,109.0,0.3579829801666482,0.078125,0.105309713410513,0.6805181270099874,9,1.6963061529182817,1,0,0,0,0,0,0,0,0,0,0,0,0,0,0,0
Chopin,Yihao Li – Chopin Piano Competition 2015 (preliminary round) [T9_2DXcIreg].mid,203.140803832842,16674,10203,65.44854264123785,77.0,0.2134796002259001,68.29992803166607,8.332681761274756,0.0815041381792011,0.0635120546959338,0.0934388868897685,0.0908000479788892,0.1040542161448962,0.0676502338970852,0.0828235576346407,0.0934388868897685,0.0726280436607892,0.0681899964015833,0.0910999160369437,0.0908600215905001,2.4739788735186568,0.0001493912068158,1.176496767018721,1.63406507252058,0.6118740629685158,0.3345726417712774,0.0121823570514447,0.4008632191439777,new_midi_files\chopin-comp-midi\data\yihao_li\Yihao Li – Chopin Piano Competition 2015 (preliminary round) [T9_2DXcIreg].mid,2001.0364583333333,2,1,1,0,0,14.352015524703754,65.0,19.67778262249295,111.0,0.3723657135539355,0.0906250000000454,0.1197715180731322,0.6118931091538521,10,1.7788575712065806,1,0,0,0,0,0,0,0,0,0,0,0,0,0,0,0
Chopin,Yoonji Kim – Chopin Piano Competition 2015 (preliminary roun [bgJpFfeDXgA].mid,193.4725410065638,14938,7768,67.01874414245549,79.0,0.1853238873454723,64.53869326549739,8.941232071761897,0.0491364305797295,0.134020618556701,0.0330700227607444,0.1293345829428303,0.0870263756861695,0.0473959030660061,0.1063730084348641,0.0473959030660061,0.1530994778417458,0.0602490293211942,0.0740393626991565,0.078859285044852,2.384179072841936,0.0014179335320981,1.1787746820994198,1.9227699832668297,0.5199812571122565,0.3318653262381093,0.0129508361340493,0.5968664536088442,new_midi_files\chopin-comp-midi\data\yoonji_kim\Yoonji Kim – Chopin Piano Competition 2015 (preliminary roun [bgJpFfeDXgA].mid,1670.6869791666666,2,1,1,0,0,14.33512584127766,68.0,18.28294768027864,112.0,0.3139904468102319,0.0869791666666515,0.1113880032246546,0.8634761573970534,9,1.6570238851969168,1,0,0,0,0,0,0,0,0,0,0,0,0,0,0,0
Chopin,Yuchong Wu – Chopin Piano Competition 2015 (preliminary roun [8jdN6eZSImM].mid,210.1287553648168,14658,7830,65.5571019238641,78.0,0.1757544586005366,63.26361031518625,8.695927306524814,0.0717696820848683,0.0982398690135079,0.0567608132078046,0.0917587665438668,0.1046527493518897,0.0720425706099058,0.0777732296356938,0.0695865738845681,0.1140674034656842,0.0963978714695047,0.071360349297312,0.0755901214353936,2.465574995225269,0.0002711226215284,1.1898024244693468,1.8717915974971269,0.5341428473975033,0.2996446893549428,0.0143344536028935,0.4531991647569002,new_midi_files\chopin-comp-midi\data\yuchong_wu\Yuchong Wu – Chopin Piano Competition 2015 (preliminary roun [8jdN6eZSImM].mid,1685.6166666666666,2,1,1,0,0,14.627560553463448,66.0,17.783229173899223,109.0,0.3246025972588329,0.0864583333333257,0.110637053398831,0.7124913805244755,8,1.5283479957878807,1,0,0,0,0,0,0,0,0,0,0,0,0,0,0,0
Chopin,Yurika Kimura – Chopin Piano Competition 2015 (preliminary r [-EJUYdtvyH8].mid,189.3064727184197,17554,10136,65.77144810299647,77.0,0.2169464877425856,66.2668337700809,8.701181889060427,0.0685883559302723,0.1058448216930614,0.0481371767118605,0.0924005924575595,0.0925714936766548,0.0794120998063119,0.1041358095021077,0.0525236413353081,0.1244730545744559,0.0652842656944286,0.0774182522501993,0.0892104363677794,2.450571611249031,0.0004679699950943,1.1707207466178813,1.731676038275624,0.5773853602962119,0.3482111397657518,0.0107836213453955,0.5042720262053579,new_midi_files\chopin-comp-midi\data\yurika_kimura\Yurika Kimura – Chopin Piano Competition 2015 (preliminary r [-EJUYdtvyH8].mid,2017.4270833333333,2,1,1,0,0,14.256858234201085,66.0,18.05449852151664,112.0,0.3922393822122377,0.0901041666666628,0.1138830434968381,0.6607125334638619,9,1.8876908500410603,1,0,0,0,0,0,0,0,0,0,0,0,0,0,0,0
Chopin,Zhi Chao Julian Jia – Chopin Piano Competition 2015 (prelimi [6ckQo_TKHjA].mid,193.96962988369424,14962,9110,63.162946130196495,79.0,0.2239116873858223,64.87067237000402,7.827544132224739,0.1021253843069108,0.0797353295014035,0.0743216147573853,0.102325892260393,0.0713808314396471,0.0787996257184868,0.0694425878893196,0.0975805373613153,0.0923004945862852,0.0578131265873546,0.0757920064162545,0.0983825691752439,2.470437662074852,0.0001985341383257,1.2507332793886092,1.6421907584238833,0.6088351266457261,0.3327219342248405,0.0129632847613242,0.4195958910577649,new_midi_files\chopin-comp-midi\data\zhi_chao_julian_jia\Zhi Chao Julian Jia – Chopin Piano Competition 2015 (prelimi [6ckQo_TKHjA].mid,1911.4552083333333,2,1,1,0,0,14.191777398838225,64.0,17.120195857664207,105.0,0.4586905982921997,0.0921875000001364,0.1265239274892498,0.6226297635944731,9,1.752678614733422,1,0,0,0,0,0,0,0,0,0,0,0,0,0,0,0
Chopin,Zhu Wang – Chopin Piano Competition 2015 (preliminary round) [VA-l8OcsdCo].mid,204.4461049878535,14122,8630,65.5302365104093,78.0,0.1970619128546467,64.84060331397819,8.402709147789869,0.0634471038096586,0.1079875371760373,0.0487891233536326,0.0999150262002549,0.1008355756974932,0.062738988811783,0.1130859651607421,0.0460982863617051,0.1174762781475711,0.0701741962894774,0.0768304772695085,0.0926214417221356,2.441735136855073,0.0005784274894732,1.190290207442174,1.636195110647665,0.6110599730935353,0.3156088226535701,0.0144761102448384,0.5152947686593455,new_midi_files\chopin-comp-midi\data\zhu_wang\Zhu Wang – Chopin Piano Competition 2015 (preliminary round) [VA-l8OcsdCo].mid,1680.6484375,2,1,1,0,0,13.87316753959928,66.0,17.630562177831962,99.0,0.3250276348390123,0.0885416666666287,0.117283102294455,0.6559091510957752,9,1.655853937824708,1,0,0,0,0,0,0,0,0,0,0,0,0,0,0,0
Chopin,"Chopin,_Mazurkas,_Op._33,_No._4.mid",167.96267496112463,2145,1587,62.245221445221446,65.0,0.3020367132867132,48.401864801864804,6.2354651162790695,0.046153846153846156,0.08065268065268065,0.08158508158508158,0.07785547785547786,0.10862470862470862,0.0675990675990676,0.1324009324009324,0.07925407925407925,0.05034965034965035,0.0344988344988345,0.09324009324009325,0.14778554778554778,2.4105228400700156,0.0010382514403493423,1.0442568513142174,1.3507556675062973,0.7395153774464119,0.2864648349879713,0.07826778889148399,0.43449840000043444,"new_midi_files\commons.wikimedia.org\Chopin\Chopin,_Mazurkas,_Op._33,_No._4.mid",344.0,1,1,1,0,0,10.937180519898845,61.0,24.4628026699974,119.0,0.3081763442173497,0.21875,0.158222559079602,0.2255558408567464,7,1.8833393895348867,1,0,0,0,0,0,0,0,0,0,0,0,0,0,0,0
Chopin,Chopin-nocturne-8.mid,247.4427107135933,1774,958,66.67756482525367,69.0,0.16702925357008647,127.0,15.35930735930736,0.052423900789177004,0.157271702367531,0.032130777903043965,0.12401352874859076,0.048478015783540024,0.14261555806087936,0.13077790304396844,0.012965050732807215,0.13641488162344984,0.047914317925591886,0.08229988726042842,0.03269447576099211,2.2963623894502465,0.002439027705576718,1.0348308182220223,1.8498435870698644,0.5397183098591549,0.5111842470049628,0.13940434406399624,0.6307772722666962,new_midi_files\commons.wikimedia.org\Chopin\Chopin-nocturne-8.mid,115.5,3,2,1,0,0,12.911012033335764,66.0,0.0,0.0,0.18920100466260464,0.125,0.06429780033840947,0.05659813880385824,5,2.565453643578645,2,0,0,0,0,0,0,0,0,0,0,0,0,0,0,0
Chopin,Chopin_-_Funeral_March.mid,134.76779862948243,2327,854,56.86162440911044,64.0,0.7513679511200034,51.86807047700903,5.180662838056188,0.07477438762354964,0.20068758057584873,0.005156854318865492,0.0782122905027933,0.010313708637730984,0.16759776536312848,0.12634293081220455,0.015470562956596476,0.10528577567683713,0.015470562956596476,0.20068758057584873,0.0,2.038901624278044,0.005389527678427958,1.125539404467074,2.721637426900585,0.36683848797250856,0.38203514383082665,0.05788994786489795,0.7112154469280855,new_midi_files\commons.wikimedia.org\Chopin\Chopin_-_Funeral_March.mid,449.1703229374994,10,2,1,0,0,14.03690027849219,58.0,19.384718103009668,87.0,0.48701296418884804,0.8035717500000032,0.19049910608698745,0.2993977908209956,8,3.8925840220738146,2,0,0,0,0,0,0,0,0,0,0,0,0,0,0,0
Chopin,Fr-Chopin-Mazurka-en-Ut-majeur.mid,199.38461538461365,1608,659,65.30845771144278,65.0,0.3625994377072968,92.35323383084577,9.6,0.16666666666666666,0.009950248756218905,0.1896766169154229,0.006840796019900498,0.10012437810945274,0.08084577114427861,0.04228855721393035,0.17475124378109452,0.011194029850746268,0.09950248756218906,0.026119402985074626,0.09203980099502487,2.1609605777015446,0.004052859665189806,0.9952768949454822,2.4363636363636365,0.4095711622125544,0.46087986172783313,0.12391834393077293,0.09639293843293222,new_midi_files\commons.wikimedia.org\Chopin\Fr-Chopin-Mazurka-en-Ut-majeur.mid,167.5,3,2,1,0,0,12.463204674387498,67.0,3.1361480937164217,25.0,0.18006615097338072,0.25,0.10392034847542003,0.1632331779089255,6,3.48095460199005,2,0,0,0,0,0,0,0,0,0,0,0,0,0,0,0
Chopin,Chopin__Minute_Waltz_Op._64_No._1_in__D-flat_major.mid,180.0,1242,673,66.18276972624798,65.0,0.3342995169082126,57.18035426731079,8.214466809233008,0.1119162640901771,0.110305958132045,0.0088566827697262,0.074074074074074,0.0152979066022544,0.1594202898550724,0.107085346215781,0.0402576489533011,0.2560386473429952,0.0088566827697262,0.1054750402576489,0.002415458937198,2.090657543334336,0.0052022152727536,0.9821287215196796,1.8427299703264093,0.5414320193081255,0.3159135594879049,0.1448109412711182,0.6529784130441313,new_midi_files\midisheetmusic.com\Chopin\Chopin__Minute_Waltz_Op._64_No._1_in__D-flat_major.mid,151.1966666666667,2,2,1,0,0,10.01389981126563,66.0,15.815451398365964,86.0,0.1693317687768727,0.3999999999999915,0.1192586623690572,0.1265772411916202,4,2.746092285985142,2,0,0,0,0,0,0,0,0,0,0,0,0,0,0,0
Chopin,Chopin__Nocturne_Op._9_No._1_in_B-flat_minor.mid,171.42857142857136,450,296,64.27555555555556,67.0,0.4822222222222223,55.95111111111111,4.1209891900348365,0.0488888888888888,0.12,0.0222222222222222,0.0955555555555555,0.0133333333333333,0.2555555555555555,0.1044444444444444,0.0044444444444444,0.0177777777777777,0.0711111111111111,0.22,0.0266666666666666,2.0665779419120134,0.0061650205761316,1.0423869288800265,1.5151515151515151,0.656319290465632,0.3244886311332046,0.3801076971808677,0.5577772200005578,new_midi_files\midisheetmusic.com\Chopin\Chopin__Nocturne_Op._9_No._1_in_B-flat_minor.mid,109.19708333333335,2,2,1,0,0,13.370600510997678,63.0,17.28460615335343,95.0,0.4317017002800556,0.3500000000000014,0.2104677060133631,0.1863263588728067,6,1.9872325649723552,2,0,0,0,0,0,0,0,0,0,0,0,0,0,0,0
Chopin,Chopin__Nocturne_Op._9_No._2_in_E-flat_major.mid,124.32432432432422,1234,513,65.23581847649919,67.0,0.6369529983792545,51.54457050243112,4.632219073180803,0.0883306320907617,0.019448946515397,0.0737439222042139,0.213128038897893,0.0316045380875202,0.126418152350081,0.0081037277147487,0.1580226904376013,0.0705024311183144,0.0340356564019448,0.1320907617504051,0.0445705024311183,2.221976591281623,0.0036074758894764,1.0270431265776672,2.4007782101167314,0.4153846153846154,0.4112894346754265,0.1006674690885216,0.4432734627232957,new_midi_files\midisheetmusic.com\Chopin\Chopin__Nocturne_Op._9_No._2_in_E-flat_major.mid,266.395,2,2,1,0,0,12.177854626034057,63.0,16.498662796911642,89.0,0.447674472995053,0.5999999999999943,0.2019464720194647,0.2767573847504557,7,2.9505058278120777,2,0,0,0,0,0,0,0,0,0,0,0,0,0,0,0
Chopin,Chopin__Nocturne_in_C_minor.mid,160.95380029806338,812,505,65.12807881773399,70.0,0.5197454844006568,54.48152709359606,4.011948557794252,0.2081280788177339,0.0369458128078817,0.064039408866995,0.1157635467980295,0.0270935960591133,0.1182266009852216,0.0160098522167487,0.2463054187192118,0.0874384236453202,0.0036945812807881,0.0381773399014778,0.0381773399014778,2.11875566237579,0.0054216345674218,1.0748052175943228,1.6047430830039526,0.6211562115621156,0.3364016589504355,0.1979751541181591,0.2943346810347771,new_midi_files\midisheetmusic.com\Chopin\Chopin__Nocturne_in_C_minor.mid,202.39541666666668,2,2,1,0,0,11.351779867548323,65.0,16.36365983468327,85.0,0.3269999021015284,0.5499999999999972,0.2366831072749692,0.212841272916679,4,2.085192146561289,2,0,0,0,0,0,0,0,0,0,0,0,0,0,0,0
Chopin,Chopin__Prelude_Op._28_No._20_in_C_minor.mid,54.85714285714279,285,61,54.92631578947368,51.0,1.379122807017544,66.63157894736842,3.914835164835164,0.2070175438596491,0.0350877192982456,0.1087719298245614,0.1263157894736842,0.0070175438596491,0.087719298245614,0.0210526315789473,0.1859649122807017,0.1017543859649122,0.031578947368421,0.0210526315789473,0.0666666666666666,2.1920801924741533,0.0039625012824458,0.9285166561500418,4.596774193548387,0.2132867132867132,1.1928927177278248,0.1918081918081915,0.3052628526318842,new_midi_files\midisheetmusic.com\Chopin\Chopin__Prelude_Op._28_No._20_in_C_minor.mid,72.80000000000001,2,2,1,0,0,11.970058058980529,59.0,12.128596885839924,69.0,0.671155799889603,1.3999999999999986,0.2366197183098592,0.4941886041913521,7,5.399038461538461,2,0,0,0,0,0,0,0,0,0,0,0,0,0,0,0
Chopin,Chopin__Prelude_Op._28_No._6_in_B_minor.mid,93.74999999999991,403,186,63.74937965260546,43.0,0.8572415219189412,60.29032258064516,3.1097278666598074,0.0496277915632754,0.0818858560794044,0.1960297766749379,0.0,0.0669975186104218,0.0074441687344913,0.1662531017369727,0.1042183622828784,0.0074441687344913,0.009925558312655,0.0545905707196029,0.2555831265508685,2.0146021410638206,0.0063137493748636,0.6745163570187968,2.1550802139037435,0.4603960396039604,0.6363094731466513,0.2320544554455443,0.3101733870970843,new_midi_files\midisheetmusic.com\Chopin\Chopin__Prelude_Op._28_No._6_in_B_minor.mid,129.59333333333333,2,2,1,0,0,8.711489140180726,66.0,6.915123903851553,31.0,0.5670805247894501,0.7999999999999972,0.300497512437811,0.3641247274739675,4,2.665787849169196,2,0,0,0,0,0,0,0,0,0,0,0,0,0,0,0
Chopin,Chopin__Prelude_Op._28_No._7_in_A_major.mid,99.99995000002524,166,49,65.19277108433735,52.0,0.7680726731927714,60.06024096385542,4.883148400066591,0.0120481927710843,0.1626506024096385,0.1265060240963855,0.0180722891566265,0.253012048192771,0.0,0.072289156626506,0.0,0.0662650602409638,0.1686746987951807,0.0240963855421686,0.0963855421686747,2.015657227900795,0.0059626054418477,0.7976344361109484,3.32,0.2934131736526946,0.5946561455113631,0.5988020958085344,0.343373150602753,new_midi_files\midisheetmusic.com\Chopin\Chopin__Prelude_Op._28_No._7_in_A_major.mid,33.994461441666665,2,2,1,0,0,10.141716105970607,64.0,13.582722368136965,61.0,0.3474782250069669,0.6666670000000003,0.1858586787878788,0.3449522555223687,8,3.750612845236152,2,0,0,0,0,0,0,0,0,0,0,0,0,0,0,0
Chopin,Chopin__Waltz_Op._64_No._2_in_Csharp_minor.mid,215.31896950369568,639,336,64.2660406885759,65.0,0.4566798513302034,59.71205007824726,5.828595001869797,0.0579029733959311,0.1392801251956181,0.0328638497652582,0.1064162754303599,0.1471048513302034,0.0093896713615023,0.1345852895148669,0.0187793427230046,0.2112676056338028,0.0860719874804381,0.0156494522691705,0.0406885758998435,2.1953991484607447,0.0038299626192791,1.0114206242074275,1.8961424332344212,0.525,0.2760370494332773,0.3364358898495245,0.6071981408456777,new_midi_files\midisheetmusic.com\Chopin\Chopin__Waltz_Op._64_No._2_in_Csharp_minor.mid,109.63190954166666,2,2,1,0,0,10.73268690519374,64.0,13.078373194168412,72.0,0.2512441660100895,0.5454549999999898,0.1632945219435736,0.1765228816366521,5,2.661801898917868,2,0,0,0,0,0,0,0,0,0,0,0,0,0,0,0
Mozart,000150_all.mid,131.2501312501302,852,267,62.96244131455399,38.0,0.5245216082746479,127.0,4.591228609704359,0.2394366197183098,0.0117370892018779,0.1103286384976525,0.0293427230046948,0.1103286384976525,0.0762910798122065,0.028169014084507,0.2112676056338028,0.0187793427230046,0.0903755868544601,0.0140845070422535,0.0598591549295774,2.130156048873814,0.0052408215595083,0.6035344024641841,3.1791044776119404,0.3130128956623681,0.9603015044257278,0.1538688525792851,0.102112573943764,new_midi_files\ChoralTech.us\Mozart\000150_all.mid,185.57124300000004,5,4,1,0,0,8.553806370830157,64.0,0.0,0.0,0.3694742855542919,0.4285710000000051,0.2175589565217391,0.5828224455347921,4,2.408198614318707,4,0,0,0,0,0,0,0,0,0,0,0,0,0,0,0
Mozart,000151_all.mid,186.40776699029124,2022,679,62.72749752720079,36.0,0.4445986619683482,127.0,7.157522731966533,0.23837784371909,0.0074183976261127,0.0929772502472799,0.0212660731948565,0.1384767556874381,0.0885262116716122,0.0237388724035608,0.1557863501483679,0.0272007912957467,0.1117705242334322,0.0217606330365974,0.072700296735905,2.1646238735188925,0.004456643750267,0.5739109775657508,2.973529411764706,0.3356401384083045,0.6776666839351397,0.0921442249086956,0.1013846661722082,new_midi_files\ChoralTech.us\Mozart\000151_all.mid,282.499976,5,4,1,0,0,8.140058931922844,62.0,0.0,0.0,0.2705071623970566,0.3000000000000113,0.139534871845621,0.3923836078895929,4,3.1822250296403576,4,0,0,0,0,0,0,0,0,0,0,0,0,0,0,0
Mozart,000152_all.mid,116.57142857142858,215,57,64.4093023255814,31.0,0.5023255813953489,127.0,5.443037974683544,0.2046511627906976,0.0,0.1069767441860465,0.0,0.1023255813953488,0.0976744186046511,0.0093023255813953,0.3162790697674418,0.0,0.0465116279069767,0.0,0.1162790697674418,1.824734860316866,0.0088172285319391,0.4812969307135442,3.706896551724138,0.2638888888888889,1.080194410692588,0.5396825396825398,0.009302316279079,new_midi_files\ChoralTech.us\Mozart\000152_all.mid,39.5,5,4,1,0,0,8.391574233592978,64.0,0.0,0.0,0.2528795761687104,0.5,0.169392523364486,0.4471980317155568,4,2.7341772151898733,4,0,0,0,0,0,0,0,0,0,0,0,0,0,0,0
Mozart,000153_all.mid,137.54730735862813,602,194,64.39867109634551,36.0,0.4939086976744188,127.0,6.4042617234106585,0.2159468438538206,0.0,0.1196013289036544,0.0,0.1495016611295681,0.1312292358803986,0.0033222591362126,0.2408637873754152,0.0,0.0647840531561461,0.0066445182724252,0.0681063122923588,1.8910183858587293,0.0070068364464949,0.5590177379145513,3.087179487179488,0.3217247097844112,0.9166544079507944,0.2281049873277415,0.0099667674418704,new_midi_files\ChoralTech.us\Mozart\000153_all.mid,93.999906,5,4,1,0,0,8.40268891238201,64.5,0.0,0.0,0.2803382678667728,0.3333330000000032,0.1552965723793677,0.3956102852675485,4,3.163120567375888,4,0,0,0,0,0,0,0,0,0,0,0,0,0,0,0
Mozart,000155_all.mid,149.1893383785276,2413,957,63.39867384997928,36.0,0.4663622909241607,127.0,5.923901177583665,0.1877331123083298,0.0053874844591794,0.1338582677165354,0.0211355159552424,0.1185246581019477,0.0716949854952341,0.0348114380439287,0.2063820969747202,0.0203066721922917,0.0820555325321177,0.0128470783257356,0.1052631578947368,2.1543693675789406,0.0043073901552543,0.5678352124107806,2.518789144050104,0.3964374482187241,0.8455993039926532,0.0618017143241622,0.0944880944882834,new_midi_files\ChoralTech.us\Mozart\000155_all.mid,407.332926,5,4,1,0,0,8.063015279558387,64.0,0.0,0.0,0.3101240133604,0.3333330000000103,0.1684630708955224,0.3531247572034331,4,2.762684124386253,4,0,0,0,0,0,0,0,0,0,0,0,0,0,0,0
Mozart,000156_all.mid,141.1764705882353,429,126,64.58741258741259,34.0,0.5,127.0,6.451127819548872,0.1911421911421911,0.0116550116550116,0.0979020979020979,0.0139860139860139,0.1072261072261072,0.1188811188811188,0.0186480186480186,0.2377622377622377,0.0256410256410256,0.0745920745920745,0.0186480186480186,0.0839160839160839,2.1335388979754684,0.004936513240709,0.5264183547771952,3.377952755905512,0.2930232558139535,0.893256102606537,0.3283173734610123,0.0885780000000885,new_midi_files\ChoralTech.us\Mozart\000156_all.mid,66.5,5,4,1,0,0,8.640444285711252,65.0,0.0,0.0,0.3102336231493952,0.5,0.1542056074766355,0.3671359771477316,4,3.225563909774436,4,0,0,0,0,0,0,0,0,0,0,0,0,0,0,0
Mozart,000162_all.mid,129.60012960012958,1011,338,62.22848664688427,38.0,0.5674244243323444,127.0,4.783916455840746,0.0731948565776458,0.0415430267062314,0.2087042532146389,0.0168150346191889,0.0850642927794263,0.1513353115727003,0.0158259149357072,0.1206726013847675,0.0118694362017804,0.1641938674579624,0.0939663699307616,0.0168150346191889,2.17560493624178,0.0040628139916898,0.6106527964431838,2.982300884955752,0.3339920948616601,0.9724339507843336,0.1280633691700885,0.1800196023740672,new_midi_files\ChoralTech.us\Mozart\000162_all.mid,211.333122,5,4,1,0,0,8.861179049592186,62.0,0.0,0.0,0.294775026639233,0.6666659999999922,0.2066004534653465,0.5599139746996075,4,2.714511041009465,4,0,0,0,0,0,0,0,0,0,0,0,0,0,0,0
Mozart,000198_all.mid,105.8823529411766,253,186,63.41106719367589,38.0,0.6332015810276685,127.0,1.7496542185338866,0.1264822134387351,0.0355731225296442,0.1778656126482213,0.0711462450592885,0.0711462450592885,0.1541501976284585,0.0079051383399209,0.0948616600790513,0.0237154150197628,0.067193675889328,0.1541501976284585,0.0158102766798418,2.2373044233487303,0.0031335654187518,0.5992644672683469,1.3529411764705883,0.7322834645669292,1.1882223445239393,0.4168596572487267,0.292489826087249,new_midi_files\ChoralTech.us\Mozart\000198_all.mid,144.6,5,4,1,0,0,8.268051041875475,64.0,0.0,0.0,0.4916138894316214,0.5999999999999943,0.5523809523809523,0.7559645668309164,4,1.1078838174273868,4,0,0,0,0,0,0,0,0,0,0,0,0,0,0,0
Mozart,000204_all.mid,184.11552346570403,971,395,63.072090628218334,40.0,0.5681771369721935,127.0,5.358719646799116,0.1194644696189495,0.0308959835221421,0.1349124613800206,0.1101956745623069,0.0308959835221421,0.101956745623069,0.0329557157569515,0.1637487126673532,0.0432543769309989,0.0875386199794026,0.1184346035015448,0.0257466529351184,2.319464888119181,0.0021425419438578,0.6341949183449004,2.452020202020202,0.4063786008230453,0.6860580767205567,0.1894192628247983,0.3357360185379259,new_midi_files\ChoralTech.us\Mozart\000204_all.mid,181.2,5,4,1,0,0,7.862683093804499,63.0,0.0,0.0,0.3811761211799836,0.5999999999999943,0.1806185567010309,0.3454126903661156,4,3.044701986754969,4,0,0,0,0,0,0,0,0,0,0,0,0,0,0,0
Mozart,000207_all.mid,98.43750000000011,2072,968,62.044401544401545,41.0,0.4957528957528956,127.0,5.849802371541501,0.11003861003861,0.0279922779922779,0.1631274131274131,0.0376447876447876,0.1018339768339768,0.1288610038610038,0.0231660231660231,0.1182432432432432,0.0241312741312741,0.1356177606177606,0.0863899613899613,0.0429536679536679,2.306114111827936,0.0022802164754384,0.6608170651761648,2.1382868937048505,0.4669561022672455,1.2771841609050896,0.0474855282199711,0.1993241250001993,new_midi_files\ChoralTech.us\Mozart\000207_all.mid,354.20000000000005,5,4,1,0,0,8.315970443080632,62.0,0.0,0.0,0.3979936563847511,0.3999999999999772,0.1683244809270883,0.3933673211178412,4,2.900056465273832,4,0,0,0,0,0,0,0,0,0,0,0,0,0,0,0
Mozart,000208_all.mid,178.95523879353382,1280,624,61.71328125,39.0,0.557812453515625,127.0,5.64102611111115,0.10546875,0.034375,0.15703125,0.03984375,0.1125,0.1265625,0.02109375,0.11328125,0.0265625,0.140625,0.06875,0.05390625,2.321452057348254,0.0021069675021701,0.6319547199257903,2.048,0.48711943793911,0.7057310520740637,0.1396996399637266,0.1906248093751906,new_midi_files\ChoralTech.us\Mozart\000208_all.mid,226.90907200000004,5,4,1,0,0,8.463052706228316,62.0,0.0,0.0,0.4306379061922308,0.5454544999999911,0.1739995590304925,0.221466645859969,4,3.1466346153846128,4,0,0,0,0,0,0,0,0,0,0,0,0,0,0,0
Mozart,000209_all.mid,193.03576254465497,253,119,60.691699604743086,36.0,0.4660593438735179,127.0,5.913619364583702,0.0,0.1422924901185771,0.1936758893280632,0.0,0.1304347826086956,0.0,0.1264822134387351,0.0909090909090909,0.0316205533596837,0.1739130434782608,0.0,0.1106719367588932,1.99761026139715,0.0049327915692411,0.5931618267619706,2.1083333333333334,0.468503937007874,0.6545185193413636,0.7599833171049408,0.3003949565220395,new_midi_files\ChoralTech.us\Mozart\000209_all.mid,42.78259800000001,5,4,1,0,0,8.105517705208378,61.0,0.0,0.0,0.28711777643383,0.2608695000000018,0.1656314285714285,0.2255683278723321,4,2.756097560975612,4,0,0,0,0,0,0,0,0,0,0,0,0,0,0,0
Mozart,000210_all.mid,177.41953225824187,198,95,63.464646464646464,33.0,0.5123961818181819,127.0,5.417915865677059,0.1161616161616161,0.0,0.1313131313131313,0.101010101010101,0.0303030303030303,0.1818181818181818,0.0,0.1111111111111111,0.0,0.1313131313131313,0.1969696969696969,0.0,1.994877589455175,0.0049973642145359,0.5199745262649247,2.0625,0.4773869346733668,0.7118054755136451,0.8915554384836275,0.297979500000298,new_midi_files\ChoralTech.us\Mozart\000210_all.mid,36.545418000000005,5,4,1,0,0,6.975879266564138,64.0,0.0,0.0,0.2971758118547209,0.5454539999999994,0.1799721319796954,0.2267799299578518,4,2.7761194029850733,4,0,0,0,0,0,0,0,0,0,0,0,0,0,0,0
Mozart,000212_all.mid,160.0,724,336,58.36187845303867,40.0,0.7033839779005525,127.0,5.746031746031746,0.0359116022099447,0.0248618784530386,0.2527624309392265,0.011049723756906,0.0441988950276243,0.2320441988950276,0.0041436464088397,0.0593922651933701,0.0234806629834254,0.25,0.0400552486187845,0.0220994475138121,1.92378140858258,0.0089226816099088,0.6853788872955386,2.148367952522255,0.463448275862069,0.7888198757763976,0.2206896551724138,0.1035910566299378,new_midi_files\ChoralTech.us\Mozart\000212_all.mid,126.0,6,5,2,0,0,8.07827622377802,57.0,0.0,0.0,0.607299587539017,0.375,0.1737551867219917,0.1869955349946963,5,4.041666666666667,4,0,0,0,0,0,0,0,0,0,0,0,0,0,1,0
Mozart,000297_all.mid,159.03614457831327,865,373,63.85202312138728,37.0,0.5353179190751447,127.0,4.130850047755492,0.1398843930635838,0.0196531791907514,0.1052023121387283,0.1514450867052023,0.0265895953757225,0.0855491329479768,0.0231213872832369,0.2046242774566474,0.061271676300578,0.0404624277456647,0.107514450867052,0.0346820809248554,2.250897127361493,0.0032673902309539,0.579464793937626,2.3128342245989306,0.4307159353348729,0.7935707295038771,0.1836445087509391,0.3630054173414034,new_midi_files\ChoralTech.us\Mozart\000297_all.mid,209.4,6,5,1,0,0,8.240114691351877,65.0,0.0,0.0,0.4541472827385308,0.3000000000000113,0.2416666666666666,0.397965747409386,5,2.2113180515759328,5,0,0,0,0,0,0,0,0,0,0,0,0,0,0,0
Mozart,000298_all.mid,149.68944099378882,855,389,61.93801169590643,38.0,0.4835087719298246,127.0,6.447963800904978,0.2035087719298245,0.0023391812865497,0.1309941520467836,0.0046783625730994,0.1497076023391813,0.095906432748538,0.0105263157894736,0.2198830409356725,0.0046783625730994,0.0549707602339181,0.0128654970760233,0.1099415204678362,2.002955734328361,0.005886284098811,0.6135166167917989,2.1923076923076925,0.4544392523364486,0.8427929598944809,0.1748708422824635,0.0350876842105614,new_midi_files\ChoralTech.us\Mozart\000298_all.mid,132.6,5,4,1,0,0,8.056940244604421,62.0,0.0,0.0,0.5559328850950184,0.2999999999999971,0.1545667447306791,0.2729236918332233,4,3.1176470588235303,4,0,0,0,0,0,0,0,0,0,0,0,0,0,0,0
Mozart,000300_all.mid,160.00000000000003,219,60,63.48401826484018,32.0,0.4835616438356164,127.0,8.902439024390244,0.0821917808219178,0.0319634703196347,0.1187214611872146,0.045662100456621,0.1689497716894977,0.0547945205479452,0.0502283105022831,0.045662100456621,0.0867579908675799,0.1872146118721461,0.0319634703196347,0.0958904109589041,2.3207287938969845,0.0024642417797794,0.5040638631669434,3.5901639344262297,0.2727272727272727,0.7888198757763973,0.7272727272727274,0.2465750958906575,new_midi_files\ChoralTech.us\Mozart\000300_all.mid,24.6,6,5,1,0,0,8.08027477716892,64.0,0.0,0.0,0.3013729763226485,0.4499999999999993,0.1073394495412844,0.2255422302320467,5,4.304878048780488,5,0,0,0,0,0,0,0,0,0,0,0,0,0,0,0
Mozart,000301_all.mid,147.82608695652146,345,274,71.03188405797101,22.0,0.5652173913043478,127.0,2.4468085106382977,0.0434782608695652,0.072463768115942,0.1710144927536231,0.0144927536231884,0.1159420289855072,0.1275362318840579,0.0376811594202898,0.1652173913043478,0.0202898550724637,0.1391304347826087,0.0840579710144927,0.008695652173913,2.226272621900169,0.0032165861513687,0.3097200641943433,1.2545454545454546,0.791907514450867,0.8533450189891923,0.4272430258859002,0.2289852782610986,new_midi_files\ChoralTech.us\Mozart\000301_all.mid,141.0,3,2,1,0,0,4.978402419775255,70.0,0.0,0.0,0.4745787107962398,0.3000000000000113,0.4081395348837209,0.5608527801438916,2,1.3829787234042554,2,0,0,0,0,0,0,0,0,0,0,0,0,0,0,0
Mozart,000303_all.mid,139.9141630901288,1040,613,67.30192307692307,35.0,0.6876923076923079,127.0,3.3722438391699088,0.0884615384615384,0.0182692307692307,0.0807692307692307,0.0432692307692307,0.1423076923076923,0.0115384615384615,0.1201923076923077,0.1605769230769231,0.0211538461538461,0.1307692307692307,0.0125,0.1701923076923077,2.2078080718409243,0.0033756060979618,0.5200445675222684,1.6938110749185669,0.5888568683957733,0.9012578807906676,0.1344036148800468,0.2153844000002154,new_midi_files\ChoralTech.us\Mozart\000303_all.mid,308.40000000000003,4,3,1,0,0,7.728145124867022,68.0,0.0,0.0,0.6494949676616063,0.5999999999999943,0.2956689124157844,0.422656603555689,3,2.319066147859928,3,0,0,0,0,0,0,0,0,0,0,0,0,0,0,0
Mozart,000308_all.mid,160.9596510359869,2570,680,61.782879377431904,40.0,0.3520476653696498,127.0,14.937518163324611,0.2,0.0027237354085603,0.1182879377431906,0.001556420233463,0.1412451361867704,0.0840466926070039,0.0299610894941634,0.1972762645914396,0.0023346303501945,0.1089494163424124,0.0062256809338521,0.1073929961089494,2.03734759932591,0.0050788009238932,0.6474285393565308,3.773861967694567,0.264488525865422,0.7841459226889852,0.0626058541563543,0.0428015136187198,new_midi_files\ChoralTech.us\Mozart\000308_all.mid,172.05,9,8,1,0,0,8.613012657596927,62.0,0.0,0.0,0.2304593348591729,0.3000000000000007,0.0666796418840015,0.2133253918058707,8,5.25871839581517,8,0,0,0,0,0,0,0,0,0,0,0,0,0,0,0
Mozart,000326_all.mid,150.91478506112657,2440,808,63.46024590163935,36.0,0.4650268573770491,127.0,5.990186022919247,0.1872950819672131,0.005327868852459,0.1372950819672131,0.0225409836065573,0.1168032786885246,0.0717213114754098,0.0344262295081967,0.2073770491803278,0.0192622950819672,0.080327868852459,0.0127049180327868,0.1049180327868852,2.152392139994274,0.0043418921138284,0.5672842725588265,3.016069221260816,0.3310118803768947,0.8359949951474341,0.0618249836383148,0.0942622008197664,new_midi_files\ChoralTech.us\Mozart\000326_all.mid,407.332926,9,8,1,0,0,8.01172664748109,64.0,0.0,0.0,0.310607603200664,0.3333330000000067,0.1665981660516605,0.353319409487482,6,2.7855973813420647,8,0,0,0,0,0,0,0,0,0,0,0,0,0,0,0
Mozart,000534_all.mid,100.00000000000011,309,98,61.96440129449838,38.0,0.8427184466019417,127.0,3.366013071895425,0.1262135922330097,0.0226537216828478,0.1262135922330097,0.0453074433656957,0.0938511326860841,0.174757281553398,0.0323624595469255,0.1132686084142394,0.029126213592233,0.0938511326860841,0.1035598705501618,0.0388349514563106,2.3191187458734626,0.002183898716324,0.6132553303652846,3.121212121212121,0.3161290322580645,1.257425742574256,0.3225806451612907,0.2330094757283883,new_midi_files\ChoralTech.us\Mozart\000534_all.mid,91.8,5,4,1,0,0,7.853556161552042,62.0,0.0,0.0,0.5292606936970962,0.6000000000000014,0.2844155844155844,0.6578822645753876,4,2.836601307189542,4,0,0,0,0,0,0,0,0,0,0,0,0,0,0,0
Mozart,000538_all.mid,174.19354838709705,1253,622,61.62330407023144,39.0,0.4229848363926576,127.0,7.530048076923077,0.1077414205905826,0.0303272146847565,0.1580207501995211,0.0407023144453312,0.1133280127693535,0.1268954509177972,0.0207501995211492,0.1173184357541899,0.0255387071029529,0.1364724660814046,0.071827613727055,0.0510774142059058,2.315014178784865,0.0021672336839399,0.6328774471858026,2.01123595505618,0.4960127591706539,0.7249125391272314,0.1389103256675415,0.1891458603353847,new_midi_files\ChoralTech.us\Mozart\000538_all.mid,166.4,5,4,1,0,0,8.46909783468105,62.0,0.0,0.0,0.3543572542178764,0.3999999999999915,0.1303514376996805,0.1661599881658099,4,3.1850961538461573,4,0,0,0,0,0,0,0,0,0,0,0,0,0,0,0
Mozart,000540_all.mid,159.09895414320192,1280,624,61.71328125,39.0,0.38349609375,127.0,8.205128205128204,0.10546875,0.034375,0.15703125,0.03984375,0.1125,0.1265625,0.02109375,0.11328125,0.0265625,0.140625,0.06875,0.05390625,2.321452057348254,0.0021069675021701,0.6319547199257903,2.048,0.48711943793911,0.7932593980995262,0.1241990274341935,0.1906248093751906,new_midi_files\ChoralTech.us\Mozart\000540_all.mid,156.0,5,4,1,0,0,8.463052706228316,62.0,0.0,0.0,0.2960635851791237,0.375,0.1196247068021892,0.1522583317169228,4,3.1466346153846154,4,0,0,0,0,0,0,0,0,0,0,0,0,0,0,0
Mozart,000541_all.mid,150.00000000000009,1763,870,62.05842314237096,39.0,0.43494044242768,127.0,6.718749999999999,0.1072036301758366,0.0289279636982416,0.1695972773681225,0.0363017583664208,0.1032331253545093,0.1208167895632444,0.0215541690300623,0.1191151446398185,0.0232558139534883,0.1429381735677821,0.0833806012478729,0.0436755530346001,2.2985050595221512,0.0024013311552735,0.6284400633591403,2.024110218140069,0.4931972789115646,0.8410596026490061,0.0850340136054422,0.1934201128759733,new_midi_files\ChoralTech.us\Mozart\000541_all.mid,262.40000000000003,5,4,1,0,0,8.394315879830687,62.0,0.0,0.0,0.3350634829043328,0.3999999999999986,0.1434733257661748,0.2581365414525686,4,2.92225609756098,4,0,0,0,0,0,0,0,0,0,0,0,0,0,0,0
Mozart,000599_all.mid,149.3333333333334,1387,229,62.48305695746215,39.0,0.4966113914924298,127.0,13.36223506743738,0.1398702235039653,0.0072098053352559,0.1139149242970439,0.0389329488103821,0.1290555155010814,0.076423936553713,0.04253785147801,0.1723143475126171,0.0324441240086517,0.1139149242970439,0.0216294160057678,0.1117519826964671,2.269103011147493,0.0026464939686394,0.624169195216899,6.030434782608696,0.164985590778098,0.8447893569844785,0.1075888568683958,0.1427540028840649,new_midi_files\ChoralTech.us\Mozart\000599_all.mid,103.8,9,8,1,0,0,7.932590539902874,63.0,0.0,0.0,0.2832299968278617,0.5999999999999943,0.0727272727272727,0.1984592363105772,9,6.635838150289018,8,0,0,0,0,0,0,0,0,0,0,0,0,0,0,0
Mozart,000628_all.mid,86.66666666666667,362,116,61.11049723756906,32.0,0.9513812154696132,127.0,3.678861788617886,0.0248618784530386,0.1077348066298342,0.1602209944751381,0.0027624309392265,0.149171270718232,0.0276243093922651,0.0828729281767955,0.1022099447513812,0.0359116022099447,0.2016574585635359,0.0220994475138121,0.0828729281767955,2.1970314251386025,0.0036843011168428,0.5236416151542236,3.094017094017094,0.3195592286501377,1.4486692015209124,0.2387511478420569,0.2513809640886492,new_midi_files\ChoralTech.us\Mozart\000628_all.mid,98.4,5,4,1,0,0,6.70276188446424,62.0,0.0,0.0,0.5573326109291938,0.6000000000000014,0.2659279778393352,0.6449267478158007,4,3.5,4,0,0,0,0,0,0,0,0,0,0,0,0,0,0,0
Mozart,000735_all.mid,149.99999999999986,320,153,63.059375,36.0,0.5100000000000003,127.0,3.418803418803418,0.21875,0.0,0.125,0.021875,0.125,0.125,0.0125,0.209375,0.0125,0.053125,0.028125,0.06875,2.073230635562908,0.0053634982638888,0.570890520705438,2.0779220779220777,0.4766355140186916,0.8410596026490074,0.4672897196261678,0.074999925000075,new_midi_files\ChoralTech.us\Mozart\000735_all.mid,93.6,9,6,1,0,0,8.599758694834117,64.0,0.0,0.0,0.3154758310869469,0.4000000000000003,0.2909090909090909,0.6155346234073923,5,1.7435897435897445,6,0,0,0,0,0,0,0,0,0,0,0,0,0,0,0
Mozart,000736_all.mid,96.29629629629537,1287,453,63.065268065268064,38.0,0.7145687645687645,127.0,3.623310810810811,0.216006216006216,0.0139860139860139,0.1274281274281274,0.031080031080031,0.0932400932400932,0.073038073038073,0.0287490287490287,0.2097902097902098,0.0248640248640248,0.0823620823620823,0.0318570318570318,0.0675990675990676,2.192544887812402,0.0043814839366509,0.6025503508226169,2.8348017621145374,0.3517080745341615,1.30529120669967,0.074764205198987,0.1305360000001305,new_midi_files\ChoralTech.us\Mozart\000736_all.mid,355.2,9,8,1,0,0,8.38517754106128,64.0,0.0,0.0,0.4841579940682097,0.5999999999999943,0.2757387247278383,0.6247475684388251,4,2.5891047297297294,8,0,0,0,0,0,0,0,0,0,0,0,0,0,0,0
Mozart,000737_all.mid,148.75675675675666,2335,808,62.85567451820128,36.0,0.4839025695931478,127.0,6.518704634282523,0.2278372591006424,0.0098501070663811,0.091220556745182,0.0274089935760171,0.1323340471092077,0.0967880085653104,0.0214132762312633,0.158458244111349,0.0286937901498929,0.1074946466809421,0.0282655246252676,0.0702355460385439,2.196386663841199,0.0040253431193483,0.5727406428012278,2.8862793572311496,0.3458904109589041,0.848041869698611,0.0636801184746389,0.1156315760172462,new_midi_files\ChoralTech.us\Mozart\000737_all.mid,358.20000000000005,9,8,1,0,0,8.106474592978737,63.0,0.0,0.0,0.2822853121694973,0.375,0.1532133676092545,0.3730777871844671,4,3.154417922948076,8,0,0,0,0,0,0,0,0,0,0,0,0,0,0,0
Mozart,000740_all.mid,140.5715691429976,943,462,65.46023329798516,36.0,0.480734761399788,127.0,4.148097989740219,0.2057264050901378,0.0031813361611876,0.1261930010604454,0.0106044538706256,0.136797454931071,0.1452810180275715,0.0021208907741251,0.1993637327677624,0.0042417815482502,0.0763520678685047,0.0233297985153764,0.0668080593849416,2.0279867516817225,0.0054552508789876,0.5499522020670199,2.036717062634989,0.4894067796610169,0.8970727722295764,0.1489105605328364,0.0434782173913478,new_midi_files\ChoralTech.us\Mozart\000740_all.mid,227.333106,9,8,1,0,0,7.933061598743154,67.0,0.0,0.0,0.2929493846735355,0.3333330000000103,0.2406225477707006,0.5418741268474002,4,1.994134897360704,8,0,0,0,0,0,0,0,0,0,0,0,0,0,0,0
Mozart,000778_all.mid,161.07158964301834,443,456,72.09706546275395,24.0,0.4334081444695261,127.0,1.6341397964469728,0.200902934537246,0.0067720090293453,0.1715575620767494,0.0090293453724604,0.128668171557562,0.1376975169300225,0.0135440180586907,0.0948081264108352,0.0,0.1038374717832957,0.0767494356659142,0.0564334085778781,2.114109381610317,0.0042611328238898,0.3328845565776055,0.9693654266958424,1.027027027027027,0.7836043336141293,0.3627738505473386,0.1060947020317088,new_midi_files\ChoralTech.us\Mozart\000778_all.mid,271.090638,2,1,1,0,0,4.539474762305744,72.0,0.0,0.0,0.6650479395296087,0.2727270000000033,0.608391,1.1929905851488245,1,0.7082494969818915,1,0,0,0,0,0,0,0,0,0,0,0,0,0,0,0
Mozart,000785_all.mid,137.96831375452385,1329,387,64.79006772009029,40.0,0.5834661348758463,127.0,5.974673641656825,0.2076749435665914,0.0082768999247554,0.1241534988713318,0.0225733634311512,0.1203912716328066,0.0571858540255831,0.0293453724604966,0.2069224981188863,0.0173062452972159,0.0880361173814898,0.0391271632806621,0.0790067720090293,2.170210545425423,0.0044210770217654,0.6173785703609955,3.4252577319587627,0.2909774436090225,0.9138773909593167,0.1037355742515216,0.1166289277653536,new_midi_files\ChoralTech.us\Mozart\000785_all.mid,222.438928,6,5,1,0,0,8.032310077884667,67.0,0.0,0.0,0.4839583131489037,0.3658535000000142,0.1669482085843373,0.6767833212537214,6,3.4860197368421004,5,0,0,0,0,0,0,0,0,0,0,0,0,0,0,0
Mozart,000787_all.mid,212.5301204819279,2610,677,62.03946360153257,40.0,0.4664272030651341,127.0,11.548672566371682,0.2084291187739463,0.0026819923371647,0.1183908045977011,0.0011494252873563,0.139463601532567,0.0770114942528735,0.0291187739463601,0.1923371647509578,0.0030651340996168,0.1126436781609195,0.0084291187739463,0.10727969348659,2.0387908063540983,0.005136215949071,0.6447508897265996,3.849557522123894,0.2592876292608196,0.594763866162613,0.0813979779708647,0.0444444000000444,new_midi_files\ChoralTech.us\Mozart\000787_all.mid,226.0,9,8,1,0,0,8.540615948810345,62.0,0.0,0.0,0.3005843581865663,0.375,0.0862399386738213,0.2685888633215108,8,5.386615044247788,8,0,0,0,0,0,0,0,0,0,0,0,0,0,0,0
Mozart,000789_all.mid,213.6000854400341,772,161,64.25518134715026,38.0,0.423682904792746,127.0,15.701701195934715,0.2344559585492228,0.0,0.1036269430051813,0.0,0.1256476683937823,0.0906735751295336,0.0142487046632124,0.2435233160621761,0.0,0.0945595854922279,0.0,0.0932642487046632,1.9021151682056665,0.0069608505522892,0.5913919875707164,4.765432098765432,0.2082794307891332,0.5917984596305657,0.2763261131177673,0.014248690414522,new_midi_files\ChoralTech.us\Mozart\000789_all.mid,49.166647,9,8,1,0,0,8.524023448132652,65.0,0.0,0.0,0.2901208065029102,0.416666499999998,0.0616082762645914,0.1416796184064131,8,6.652542372881356,8,0,0,0,0,0,0,0,0,0,0,0,0,0,0,0
Mozart,001429_all.mid,150.0,844,382,61.77369668246445,38.0,0.4901658767772512,127.0,6.36500754147813,0.207345971563981,0.0047393364928909,0.1303317535545023,0.0047393364928909,0.1552132701421801,0.0971563981042654,0.0106635071090047,0.2049763033175355,0.0047393364928909,0.0580568720379146,0.0142180094786729,0.1078199052132701,2.022715879354952,0.0056308477397682,0.6151485409750203,2.2036553524804177,0.4520710059171597,0.8410596026490066,0.1775147928994082,0.0390994869668637,new_midi_files\ChoralTech.us\Mozart\001429_all.mid,132.6,5,4,1,0,0,8.047826239899774,62.0,0.0,0.0,0.5668136356893493,0.2999999999999971,0.1565836298932384,0.2712848057909178,5,3.119909502262444,4,0,0,0,0,0,0,0,0,0,0,0,0,0,0,0
Mozart,001430_all.mid,146.42857142857085,447,459,72.20134228187919,24.0,0.4744966442953023,127.0,1.511156186612576,0.1946308724832214,0.0067114093959731,0.1722595078299776,0.0089485458612975,0.1342281879194631,0.1387024608501118,0.0089485458612975,0.1029082774049217,0.0,0.1029082774049217,0.0782997762863534,0.0514541387024608,2.1031743008702217,0.0043033805617698,0.3324037879226469,0.9717391304347828,1.0245535714285714,0.8614341085271352,0.326849489795917,0.1029081744967472,new_midi_files\ChoralTech.us\Mozart\001430_all.mid,295.8,2,1,1,0,0,4.565672713390233,72.0,0.0,0.0,0.7278638749508987,0.2999999999999971,0.6618834080717487,1.3119466742563963,1,0.717038539553753,1,0,0,0,0,0,0,0,0,0,0,0,0,0,0,0
Mozart,001431_all.mid,165.5172413793103,213,58,63.47417840375587,32.0,0.4985915492957746,127.0,8.658536585365853,0.0798122065727699,0.0328638497652582,0.1220657276995305,0.0375586854460093,0.1737089201877934,0.0516431924882629,0.0516431924882629,0.056338028169014,0.0845070422535211,0.1830985915492957,0.0375586854460093,0.0892018779342723,2.324700391794867,0.0024286958055059,0.5041420038918456,3.610169491525424,0.2710280373831775,0.762683785462829,0.7734450531743472,0.2441312112678498,new_midi_files\ChoralTech.us\Mozart\001431_all.mid,24.6,6,5,1,0,0,7.967394818478887,64.0,0.0,0.0,0.3056938345664921,0.3000000000000007,0.110377358490566,0.2315571754990501,5,4.317073170731708,5,0,0,0,0,0,0,0,0,0,0,0,0,0,0,0
Mozart,001432_all.mid,145.054945054945,351,277,70.96296296296296,22.0,0.5555555555555556,127.0,2.45798319327731,0.0455840455840455,0.0712250712250712,0.1709401709401709,0.0142450142450142,0.1196581196581196,0.1253561253561253,0.037037037037037,0.1566951566951566,0.0284900284900284,0.1367521367521367,0.0854700854700854,0.0085470085470085,2.242693427447816,0.0030074498854175,0.3100208724579522,1.262589928057554,0.7869318181818182,0.8695357760890832,0.4120879120879119,0.2364670000002365,new_midi_files\ChoralTech.us\Mozart\001432_all.mid,142.8,3,2,1,0,0,4.944857906035216,70.0,0.0,0.0,0.4545486057043497,0.3000000000000113,0.4062857142857143,0.5953898397054572,2,1.3655462184873954,2,0,0,0,0,0,0,0,0,0,0,0,0,0,0,0
Mozart,001434_all.mid,133.3333333333334,1140,266,62.3140350877193,37.0,0.6082894736842107,127.0,9.09090909090909,0.1114035087719298,0.0324561403508771,0.1763157894736842,0.0666666666666666,0.0473684210526315,0.0736842105263157,0.0631578947368421,0.1842105263157894,0.0201754385964912,0.1105263157894736,0.0868421052631579,0.0271929824561403,2.297397232592602,0.0026801836462501,0.5937667068766851,4.269662921348314,0.2331288343558282,0.9454094292803964,0.11685655857435,0.2692979763160588,new_midi_files\ChoralTech.us\Mozart\001434_all.mid,125.4,9,8,1,0,0,8.641169076942813,63.0,0.0,0.0,0.3732199441767572,0.5999999999999979,0.1090430201931518,0.2213413036202966,8,5.529904306220099,8,0,0,0,0,0,0,0,0,0,0,0,0,0,0,0
Mozart,001435_all.mid,160.00000000000054,509,519,74.9410609037328,26.0,0.4567779960707269,127.0,1.8011323425336163,0.1827111984282907,0.0117878192534381,0.1335952848722986,0.037328094302554,0.1493123772102161,0.1512770137524558,0.0117878192534381,0.137524557956778,0.0196463654223968,0.074656188605108,0.0333988212180746,0.0569744597249508,2.197128800582119,0.0036651718531613,0.3469393058961304,0.9788461538461538,1.0176470588235291,0.7888198757763949,0.3137254901960795,0.1139488055010962,new_midi_files\ChoralTech.us\Mozart\001435_all.mid,282.6,2,1,1,0,0,4.15992477336584,76.0,0.0,0.0,0.6303577677405086,0.3000000000000007,0.5545275590551182,0.96024530024472,2,0.8227176220806794,1,0,0,0,0,0,0,0,0,0,0,0,0,0,0,0
Mozart,001436_all.mid,164.57142857142858,1014,604,67.30276134122288,35.0,0.5885108481262328,127.0,3.826415094339623,0.0907297830374753,0.0177514792899408,0.0818540433925049,0.0414201183431952,0.1390532544378698,0.0118343195266272,0.1222879684418146,0.1627218934911242,0.0216962524654832,0.1331360946745562,0.0108481262327416,0.1666666666666666,2.204585365571388,0.0033857844224252,0.5200380903023134,1.6760330578512397,0.5950738916256157,0.7670405522001725,0.1621393384940183,0.2140037307694448,new_midi_files\ChoralTech.us\Mozart\001436_all.mid,265.0,4,3,1,0,0,7.736287880238278,68.0,0.0,0.0,0.5658879683144952,0.5,0.2606120434353405,0.498558802053187,4,2.2518867924528303,3,0,0,0,0,0,0,0,0,0,0,0,0,0,0,0
Mozart,mz_311_1.mid,267.20039621818074,2970,1908,67.73468013468013,53.0,0.1709299729826041,46.28383838383839,4.237505734143021,0.0131313131313131,0.1006734006734006,0.1643097643097643,0.0141414141414141,0.1404040404040404,0.0074074074074074,0.1292929292929293,0.109090909090909,0.034006734006734,0.1949494949494949,0.005050505050505,0.0875420875420875,2.136824171143738,0.0041173708654067,0.782464744974846,1.5557883708748037,0.6422080107707843,0.172571849394982,0.0899361818304209,0.2831647000002831,new_midi_files\Classical Music MIDI (Kaggle)\Mozart\mz_311_1.mid,700.8840073229171,10,2,1,0,0,10.319882544846962,69.0,10.978027093676856,62.0,0.1628195920193106,0.109624999999994,0.0872675957217639,0.1075018039504373,7,0.7243167406506966,2,0,0,0,0,0,0,0,0,0,0,0,0,0,0,0
Mozart,mz_311_2.mid,160.5339176109594,1659,760,67.93731163351417,53.0,0.4667993433845684,43.45931283905968,0.8249267337210643,0.0940325497287522,0.0204942736588306,0.1742013261000602,0.0108499095840868,0.1163351416515973,0.0030138637733574,0.0928270042194092,0.1597347799879445,0.0090415913200723,0.1531042796865581,0.0048221820373719,0.161543098251959,2.0869739054562184,0.0044758102461194,0.7801309463903427,2.1800262812089355,0.4578313253012048,0.2690414092706382,0.0967071792837104,0.1380348227849482,new_midi_files\Classical Music MIDI (Kaggle)\Mozart\mz_311_2.mid,2011.087690802083,10,3,1,0,0,10.43090531353665,68.0,9.56138770210768,47.0,0.3998124121500288,0.3330217875000016,0.1674766033185059,0.2221332195441915,5,0.3850752576413702,3,0,0,0,0,0,0,0,0,0,0,0,0,0,0,0
Mozart,mz_311_3.mid,249.23699326702945,3517,2288,67.7912994029002,58.0,0.2048898666779212,47.55729314756895,5.801611370247737,0.021324992891669,0.0926926357691214,0.1757179414273528,0.0073926642024452,0.1396076201307932,0.0042649985783338,0.123969292010236,0.1009382996872334,0.0321296559567813,0.1782769405743531,0.0085299971566676,0.1151549616150127,2.140220704579032,0.0039882170852522,0.8555670072013944,1.5364788117081696,0.6503695281409893,0.1900490112459922,0.0708462175290021,0.2647139803812713,new_midi_files\Classical Music MIDI (Kaggle)\Mozart\mz_311_3.mid,606.210891345833,10,2,1,0,0,11.181558166783846,69.0,10.946787639916453,74.0,0.2278084682827726,0.1077740000000062,0.1037110196518296,0.1453111035175628,8,1.1886913801671697,2,0,0,0,0,0,0,0,0,0,0,0,0,0,0,0
Mozart,mz_330_1.mid,247.00093254933543,4774,2642,69.3850020946795,46.0,0.2221008534230548,57.61290322580645,8.87751502377565,0.2002513615416841,0.009635525764558,0.1269375785504817,0.0108923334729786,0.1403435274403016,0.0837871805613741,0.0310012568077084,0.1981566820276497,0.0079597821533305,0.0875576036866359,0.0041893590280687,0.0992878089652283,2.093770719740909,0.0048034139424668,0.6629674706107683,1.806280741581536,0.5532984293193717,0.2323092201048291,0.0517279439893896,0.0636781935484507,new_midi_files\Classical Music MIDI (Kaggle)\Mozart\mz_330_1.mid,537.7631000583308,8,2,1,0,0,9.11815985602518,71.0,13.955226786513606,68.0,0.1937473373299161,0.2118344999999948,0.1125401245652624,0.1107605971957322,6,1.9717036630565583,2,0,0,0,0,0,0,0,0,0,0,0,0,0,0,0
Mozart,mz_330_2.mid,128.68970595740652,1487,804,63.08742434431742,49.0,0.8039277281158921,46.773369199731,3.756480694166717,0.1862811028917283,0.0464021519838601,0.0625420309347679,0.0464021519838601,0.0733019502353732,0.2165433759246805,0.0080699394754539,0.1062542030934768,0.0524546065904505,0.0928043039677202,0.0854068594485541,0.0235373234700739,2.2449356151279862,0.0035347409999969,0.7766999482475102,1.8472049689441,0.5403225806451613,0.3606559892663539,0.0864850174444936,0.2387354707467081,new_midi_files\Classical Music MIDI (Kaggle)\Mozart\mz_330_2.mid,395.8492325833328,9,2,1,0,0,9.965935080449444,64.0,13.20467977152036,76.0,0.6757042768708343,0.6333331750000184,0.262191883972633,0.3320509899628329,6,3.019938990172653,2,0,0,0,0,0,0,0,0,0,0,0,0,0,0,0
Mozart,mz_330_3.mid,188.91953356051403,4360,2480,67.19403669724771,53.0,0.2211265376672398,48.78348623853211,9.043742071070488,0.1596330275229358,0.0096330275229357,0.1495412844036697,0.0087155963302752,0.1252293577981651,0.0908256880733945,0.0298165137614678,0.2279816513761468,0.0091743119266055,0.0720183486238532,0.0087155963302752,0.1087155963302752,2.0980612371689142,0.0048869109409047,0.7887604587597346,1.7573559048770655,0.5686769089658336,0.2568639745684097,0.0433202324147016,0.0660549798165798,new_midi_files\Classical Music MIDI (Kaggle)\Mozart\mz_330_3.mid,482.101321083333,9,2,1,0,0,10.68791915272412,67.0,12.419849559294134,60.0,0.1959668155066122,0.1705515000000161,0.1105502699338532,0.1115022253464703,8,1.9998113717313688,2,0,0,0,0,0,0,0,0,0,0,0,0,0,0,0
Mozart,mz_331_2.mid,227.68536918779267,2681,1638,66.71764267064528,53.0,0.30447635100864,52.60089518836255,7.332349606018306,0.0152928011935844,0.1100335695635956,0.1118985453189108,0.0227527042148452,0.1775456919060052,0.0197687430063409,0.093621782916822,0.0611712047743379,0.0660201417381574,0.1797836628123834,0.0074599030212607,0.134651249533756,2.2095025636395795,0.0034445464156207,0.7943925637067901,1.6357535082367296,0.610738255033557,0.2300142565970959,0.0848938736718093,0.2998878015668795,new_midi_files\Classical Music MIDI (Kaggle)\Mozart\mz_331_2.mid,365.6399577291659,10,2,1,0,0,10.396454067651272,67.0,10.796876022059044,53.0,0.2223061339756632,0.2479339999999865,0.1361174954213305,0.1565220576780605,4,2.232527052360089,2,0,0,0,0,0,0,0,0,0,0,0,0,0,0,0
Mozart,mz_332_1.mid,226.41921192195497,5076,3010,64.74271079590228,59.0,0.2444995102073477,49.373719464145,8.89389132474985,0.1627265563435776,0.0248226950354609,0.0969267139479905,0.0401891252955082,0.0858944050433412,0.1646966115051221,0.0126083530338849,0.152876280535855,0.0405831363278171,0.1138691883372734,0.0713159968479117,0.0334909377462568,2.272262998519346,0.0028022055303127,0.9112994862803112,1.6858186648953837,0.5928698050029545,0.2171044347875452,0.0445970478475388,0.1895191170214661,new_midi_files\Classical Music MIDI (Kaggle)\Mozart\mz_332_1.mid,570.728808645834,10,2,1,0,0,10.894236700292648,65.0,16.155897159772305,70.0,0.2053148023240256,0.2042151250000188,0.1124349072208539,0.1504256666347293,8,2.174552072738709,2,0,0,0,0,0,0,0,0,0,0,0,0,0,0,0
Mozart,mz_332_2.mid,171.83173855992462,1387,796,66.86445565969719,40.0,0.4612508818463119,43.68709444844989,5.266101249148559,0.1528478731074261,0.0237923576063446,0.1189617880317231,0.0922855082912761,0.0353280461427541,0.1845710165825522,0.0209084354722422,0.1045421773612112,0.019466474405191,0.0958904109589041,0.1398702235039653,0.0115356885364095,2.2242319152442622,0.0032679303261231,0.5982251557591757,1.740276035131744,0.5734870317002881,0.2527724063442352,0.1237980825359687,0.2963227029563165,new_midi_files\Classical Music MIDI (Kaggle)\Mozart\mz_332_2.mid,263.3827065562507,10,2,1,0,0,8.940503400565996,67.0,11.624074382779918,76.0,0.4292060496046207,0.4068899999999971,0.1887020819309168,0.2134441382601903,7,2.4289938450617363,2,0,0,0,0,0,0,0,0,0,0,0,0,0,0,0
Mozart,mz_332_3.mid,173.49934621790536,5874,4256,67.073544433095,55.0,0.2078923424806348,53.41964589717399,9.957174438357422,0.1947565543071161,0.0221314266258086,0.076608784473953,0.0320054477357848,0.0704800817160367,0.1538985359210078,0.0211099761661559,0.1406196799455226,0.0272386789240721,0.1167858358869594,0.100783112019067,0.0435818862785154,2.2589375133554985,0.0031074214193597,0.8199954191308076,1.37984496124031,0.7244255319148937,0.3061309228658451,0.0295318036115583,0.2032684382024504,new_midi_files\Classical Music MIDI (Kaggle)\Mozart\mz_332_3.mid,589.9263929104169,10,2,1,0,0,10.601554456570286,67.0,13.460712027145654,71.0,0.2196133335404275,0.1081371500000045,0.1003569323872666,0.1169055743877382,8,2.07002031847842,2,0,0,0,0,0,0,0,0,0,0,0,0,0,0,0
Mozart,mz_333_1.mid,247.9389516189032,5778,4298,68.19868466597438,62.0,0.2200865411748596,54.79577708549671,9.17460286936914,0.1578400830737279,0.0131533402561439,0.1356870889581169,0.0979577708549671,0.0484596746278989,0.1647628937348563,0.0131533402561439,0.0996884735202492,0.0141917618553132,0.1021114572516441,0.1377639321564555,0.0152301834544825,2.2077666803091804,0.0032670707049648,0.9091084292102858,1.344033496161898,0.7437272884582108,0.220117328883841,0.0429034351304556,0.2762198691591547,new_midi_files\Classical Music MIDI (Kaggle)\Mozart\mz_333_1.mid,629.7820278729191,8,2,1,0,0,10.317056738452836,69.0,13.275100098190435,73.0,0.1833948953805712,0.1398383999999737,0.1085235791572908,0.1025893071443076,6,2.0192066121723906,2,0,0,0,0,0,0,0,0,0,0,0,0,0,0,0
Mozart,mz_333_2.mid,174.69947299626102,2863,1544,65.0768424729305,50.0,0.4921216403510297,51.525672371638144,5.480744090626906,0.1047851903597624,0.0188613342647572,0.0911631156129933,0.1603213412504366,0.0132727907789032,0.1508906741180579,0.0111770869717079,0.1348236115962277,0.1159622773314704,0.0237513098148794,0.1631156129933636,0.0118756549074397,2.173309547533844,0.0036684669763035,0.7683224528368238,1.853074433656958,0.5391061452513967,0.2932602556681239,0.0609984193422699,0.4694371833745526,new_midi_files\Classical Music MIDI (Kaggle)\Mozart\mz_333_2.mid,522.3743259416661,8,2,1,0,0,9.849036800697126,67.0,12.916344164961492,63.0,0.4118173111788686,0.4562352000000089,0.1822869718145817,0.2182957093162764,5,2.697192772223525,2,0,0,0,0,0,0,0,0,0,0,0,0,0,0,0
Mozart,mz_333_3.mid,175.17162549812087,3191,2412,67.97430272641805,60.0,0.2193005249066384,64.2419304293325,9.16235393712334,0.1281729865246004,0.0137887809464117,0.1510498276402381,0.1215919774365402,0.0213099341899091,0.1595111250391726,0.0137887809464117,0.092447508617988,0.0188028831087433,0.0877467878408022,0.1817612033845189,0.0100282043246631,2.162411396377625,0.0038925918993176,0.8826864963779122,1.322420223787816,0.7556390977443609,0.3646553765266684,0.0548783287901381,0.34973327608935,new_midi_files\Classical Music MIDI (Kaggle)\Mozart\mz_333_3.mid,348.2729462208336,9,2,1,0,0,10.487130684999183,70.0,13.75985137202362,84.0,0.2096561386183856,0.1818179999999642,0.109048717443835,0.1183519046477714,6,2.009309027791555,2,0,0,0,0,0,0,0,0,0,0,0,0,0,0,0
Mozart,Bona_Nox.mid,155.95959595959596,432,160,68.9074074074074,45.0,0.3799913194444444,100.0,6.472099487929773,0.2037037037037037,0.12962962962962962,0.0,0.12962962962962962,0.0,0.07407407407407407,0.0,0.05555555555555555,0.2222222222222222,0.0,0.18518518518518517,0.0,1.8537000619745188,0.007001600365797896,0.6530502458304991,2.6832298136645965,0.3695150115473441,0.637106634918592,0.36018382438705765,0.6666660000006667,new_midi_files\commons.wikimedia.org\Mozart\Bona_Nox.mid,66.748046875,5,4,1,0,0,9.646086365327262,70.0,0.0,0.0,0.19419627019596616,0.373046875,0.14965197215777262,0.19104220386135468,4,2.4593416239941477,4,0,0,0,0,0,0,0,0,0,0,0,0,0,0,0
Mozart,K520.mid,171.2595023658229,596,248,63.11073825503356,51.0,0.4990192252691553,60.538590604026844,6.572992655626402,0.18120805369127516,0.01174496644295302,0.09228187919463088,0.11577181208053691,0.0050335570469798654,0.04530201342281879,0.030201342281879196,0.22651006711409397,0.09899328859060402,0.020134228187919462,0.10570469798657718,0.06711409395973154,2.1665213847548093,0.004311617594803036,0.8081033529635349,2.393574297188755,0.4154103852596315,0.3514383228361049,0.28686683813370667,0.3624157449668054,new_midi_files\commons.wikimedia.org\Mozart\K520.mid,90.67407058333333,8,6,2,0,0,9.362452791537667,65.0,13.78916706023048,55.0,0.4545071623915002,0.520833281249999,0.15198938823529412,0.23006298523595062,6,3.2800497027105378,5,0,0,0,0,0,0,0,0,1,0,0,0,0,0,0
Mozart,Leck_mich_im_Arsch.mid,120.0,967,632,71.71458117890383,19.0,0.5898181661495989,110.0,7.110566427942247,0.11478800413650465,0.0,0.07445708376421924,0.16856256463288521,0.0,0.37745604963805585,0.0,0.04136504653567735,0.0,0.07652533609100311,0.1468459152016546,0.0,1.7199016312428537,0.011283677869759519,0.26493914379367606,1.5276461295418642,0.6528925619834711,0.9090909090909091,0.12396694214876033,0.31540816442637537,new_midi_files\commons.wikimedia.org\Mozart\Leck_mich_im_Arsch.mid,135.99479166666666,7,6,1,0,0,5.365948828566449,74.0,0.0,0.0,0.48842926492840144,0.4166666666666572,0.140527950310559,0.22576263837826935,6,4.193941250813808,6,0,0,0,0,0,0,0,0,0,0,0,0,0,0,0
Mozart,Leopold_Mozart_-_Menuet_in_C-Dur.mid,182.05128205128196,347,204,62.12968299711815,45.0,0.4962536023054755,100.0,4.819444444444445,0.1988472622478386,0.0,0.19020172910662825,0.0,0.10086455331412104,0.07492795389048991,0.011527377521613832,0.2680115273775216,0.0,0.06340057636887608,0.0,0.09221902017291066,1.8614237211274327,0.007721541210005529,0.7242914675388868,1.6926829268292682,0.5862068965517241,0.5462949992996221,0.5231358679634539,0.011527365994247838,new_midi_files\commons.wikimedia.org\Mozart\Leopold_Mozart_-_Menuet_in_C-Dur.mid,72.0,3,2,1,0,0,13.018183278204644,67.0,0.0,0.0,0.2725962785419487,0.5999999999999943,0.20635838150289018,0.19373132250600011,3,2.391666666666666,2,0,0,0,0,0,0,0,0,0,0,0,0,0,0,0
Mozart,"Mozart_-_6_Variations_on_an_aria_from_I_Filosofi_Immaginarii_K._398_(416e),_first_movement,_cadenza_written_out.mid",198.9637305699479,667,449,67.39580209895053,56.0,0.25058447338830586,91.18440779610195,7.871077184054285,0.14842578710644677,0.017991004497751123,0.08545727136431784,0.013493253373313344,0.08395802098950525,0.1889055472263868,0.035982008995502246,0.12143928035982009,0.029985007496251874,0.15742128935532235,0.08395802098950525,0.03298350824587706,2.2389479340521197,0.0032582877726554014,0.8309122738367075,1.4822222222222223,0.6721556886227545,0.4560047341395513,0.29784989606279627,0.1814091139432099,"new_midi_files\commons.wikimedia.org\Mozart\Mozart_-_6_Variations_on_an_aria_from_I_Filosofi_Immaginarii_K._398_(416e),_first_movement,_cadenza_written_out.mid",84.74062499999998,2,1,1,0,0,13.202352491626597,69.0,15.356352691235974,74.0,0.35161715160797985,0.15234375,0.12633727477477474,0.16628151774135633,8,1.972369731164953,1,0,0,0,0,0,0,0,0,0,0,0,0,0,0,0
Mozart,Mozart_-_Die_Zauberflöte_-_Wenn_Tugend_und_Gerechtigkeit.mid,169.27008732133626,2913,623,65.44833504977686,54.0,0.7520399444855679,75.43117061448679,14.646368240508735,0.25609337452797803,0.0,0.1053896326810848,0.013731548232063165,0.14383796773086166,0.04943357363542739,0.015104703055269482,0.2481977342945417,0.0,0.06591143151390319,0.017164435290078956,0.08513559903879163,1.9403841498664263,0.007533027052556328,0.8250782717979293,4.668269230769231,0.21379547014413178,0.44300893833531635,0.05808856805811128,0.04600064057677103,new_midi_files\commons.wikimedia.org\Mozart\Mozart_-_Die_Zauberflöte_-_Wenn_Tugend_und_Gerechtigkeit.mid,198.88889533333338,13,11,4,0,0,12.738793253743362,67.0,7.186506831233121,87.0,0.6020880953718674,0.5902771874999999,0.0672237506868132,0.1652951699090222,18,11.014653958507415,1,0,0,0,0,0,10,0,0,0,0,0,0,0,0,0
Mozart,Mozart_-_Die_Zauberflöte_-_Zum_Ziele_führt_dich_diese_Bahn.mid,139.39581519912534,819,303,66.73137973137973,36.0,0.6274855677083334,71.05982905982906,7.407415484615649,0.199023199023199,0.004884004884004884,0.1575091575091575,0.0,0.14407814407814407,0.05128205128205128,0.004884004884004884,0.2967032967032967,0.0,0.03907203907203907,0.0,0.10256410256410256,1.816611020402361,0.008716747346173477,0.5394763244134612,2.6940789473684212,0.3695121951219512,0.5061392247272036,0.1699948965842992,0.009768000000009769,new_midi_files\commons.wikimedia.org\Mozart\Mozart_-_Die_Zauberflöte_-_Zum_Ziele_führt_dich_diese_Bahn.mid,110.56487943750001,7,5,5,0,0,7.448881842886483,67.0,2.9185249707630554,27.0,0.5586521665195211,0.5487802500000001,0.1340133448578851,0.2904282989231978,8,4.648046310615546,1,0,0,0,0,0,1,0,0,3,0,0,0,0,0,0
Mozart,Mozart_-_Offertorium_de_Sanctissimo_Sacramento.mid,191.36700085747472,4650,805,62.32774193548387,50.0,0.37668161319892485,86.0963440860215,26.498506121073707,0.0036559139784946237,0.12731182795698925,0.08946236559139785,0.03053763440860215,0.19591397849462366,0.0,0.11010752688172043,0.011827956989247311,0.0989247311827957,0.18064516129032257,0.00989247311827957,0.14172043010752688,2.080731472525702,0.0045892974139592245,0.8022109841480309,5.769230769230769,0.1730810578370243,0.44756295883518266,0.041145345271441564,0.37677381677457034,new_midi_files\commons.wikimedia.org\Mozart\Mozart_-_Offertorium_de_Sanctissimo_Sacramento.mid,175.4815905,17,12,4,0,0,7.94687361655442,64.0,12.650987787941189,61.0,0.34505444037906374,0.32608649999999995,0.03697173381372339,0.11370877755637067,19,9.98150003304763,4,0,0,0,0,2,0,3,0,3,0,0,0,0,0,0
Mozart,Mozart_-_Sonata_Facile_1st_Movement.mid,261.0402458114312,2714,2194,68.21518054532056,53.0,0.182931917727524,52.72549742078113,10.394816703792708,0.14959469417833457,0.012527634487840826,0.15254237288135594,0.0058953574060427415,0.13190862196020633,0.0950626381724392,0.025792188651436992,0.1746499631540162,0.008106116433308769,0.1156963890935888,0.023581429624170966,0.10464259395725865,2.1592973264242072,0.0037556889830900673,0.7769531473692267,1.2364464692482915,0.8081031307550645,0.201211448483846,0.09614742018837244,0.0759026507001496,new_midi_files\commons.wikimedia.org\Mozart\Mozart_-_Sonata_Facile_1st_Movement.mid,261.0916649458336,17,2,1,0,0,9.851781717394934,67.0,12.185566192266863,61.0,0.16721079244645032,0.11821839166666592,0.0960496398620839,0.0842612167844889,5,1.9015437540508962,2,0,0,0,0,0,0,0,0,0,0,0,0,0,0,0
Mozart,Mozart_Wolfgang_Amadeus-Fuga_en_Mi-bemol_Mayor-KV153.mid,233.73537353735333,1034,594,60.83752417794971,51.0,0.3267649903288201,127.0,7.825922421948912,0.11895551257253385,0.02321083172147002,0.10638297872340426,0.16731141199226304,0.0038684719535783366,0.12282398452611218,0.010638297872340425,0.13733075435203096,0.11798839458413926,0.029980657640232108,0.1470019342359768,0.014506769825918761,2.1787139954226644,0.0034483326619834287,0.8382983997265675,1.7378151260504202,0.5739130434782609,0.5410347749730636,0.22583127878005152,0.4661504042557853,new_midi_files\commons.wikimedia.org\Mozart\Mozart_Wolfgang_Amadeus-Fuga_en_Mi-bemol_Mayor-KV153.mid,132.125,3,2,1,0,0,9.928891475886806,62.0,0.0,0.0,0.21195793051036757,0.25,0.12693610842207165,0.13527204593549222,3,2.557237464522233,2,0,0,0,0,0,0,0,0,0,0,0,0,0,0,0
Mozart,Nannerl_Notenbuch_-_Minuet_in_F.mid,180.0000000000001,357,209,64.48179271708683,55.0,0.4605042016806723,125.94117647058823,4.83739837398374,0.19887955182072828,0.0,0.06722689075630252,0.0,0.0784313725490196,0.2184873949579832,0.011204481792717087,0.16806722689075632,0.0,0.1400560224089636,0.08403361344537816,0.03361344537815126,1.9821884960152816,0.005900562839514891,0.8529539398564485,1.7,0.5837988826815642,0.6958076048098792,0.5027932960893858,0.09523800000009526,new_midi_files\commons.wikimedia.org\Mozart\Nannerl_Notenbuch_-_Minuet_in_F.mid,73.8,3,2,1,0,0,9.333703221861326,67.0,11.501767578917875,126.0,0.3775125324637844,0.30000000000000426,0.20561797752808988,0.2164172263397344,4,2.2276422764227632,2,0,0,0,0,0,0,0,0,0,0,0,0,0,0,0
Mozart,"Piano_Sonata_No._11,_Menuetto.mid",216.82309101244135,2660,1724,66.68533834586466,53.0,0.3185747572055139,127.0,7.159534164864704,0.010902255639097745,0.11541353383458647,0.11541353383458647,0.02293233082706767,0.17593984962406015,0.018796992481203006,0.09511278195488722,0.061654135338345864,0.06541353383458647,0.1800751879699248,0.007518796992481203,0.13082706766917293,2.2001751350307015,0.003498839517339715,0.7947773906512582,1.5420289855072464,0.6478767380683953,0.5830419511985815,0.08148180797160517,0.30639067105293805,"new_midi_files\commons.wikimedia.org\Mozart\Piano_Sonata_No._11,_Menuetto.mid",371.5325520833333,3,2,1,0,0,10.42357846631457,67.0,0.0,0.0,0.22237064277266724,0.25,0.13953837987338596,0.1394403563793596,5,2.2808468582763544,2,0,0,0,0,0,0,0,0,0,0,0,0,0,0,0
Mozart,"Piano_Sonata_No._11,_Tema.mid",214.36712541190158,478,180,65.18410041841004,41.0,0.3459619072524407,127.0,8.893023255813954,0.0,0.1506276150627615,0.100418410041841,0.0041841004184100415,0.2928870292887029,0.0,0.06276150627615062,0.0,0.08786610878661087,0.17154811715481172,0.0,0.1297071129707113,1.8532818651095009,0.007762639348439668,0.6289877302568799,2.6408839779005526,0.3757828810020877,0.5896907420624454,0.4475305332190012,0.30543902510490806,"new_midi_files\commons.wikimedia.org\Mozart\Piano_Sonata_No._11,_Tema.mid",53.75,3,2,1,0,0,8.166135702271164,64.0,0.0,0.0,0.14506200757621454,0.25,0.11163522012578617,0.16985309966682235,5,3.076647286821706,2,0,0,0,0,0,0,0,0,0,0,0,0,0,0,0
Mozart,"Piano_Sonata_No._11,_Variation_1.mid",237.65853658536554,672,404,64.81547619047619,48.0,0.20163690476190477,127.0,12.502325581395349,0.026785714285714284,0.13690476190476192,0.08333333333333333,0.020833333333333332,0.2916666666666667,0.008928571428571428,0.05357142857142857,0.002976190476190476,0.06547619047619048,0.20535714285714285,0.01488095238095238,0.08928571428571429,2.014419617043317,0.0071821263227513235,0.7405638603715008,1.6592592592592592,0.600297176820208,0.5321410321921315,0.35313304098865606,0.2916663750002917,"new_midi_files\commons.wikimedia.org\Mozart\Piano_Sonata_No._11,_Variation_1.mid",53.75,3,2,1,0,0,10.466579398115325,69.0,0.0,0.0,0.12250151483977065,0.125,0.07973174366616989,0.0736589162097711,5,2.5209302325581397,2,0,0,0,0,0,0,0,0,0,0,0,0,0,0,0
Mozart,"Piano_Sonata_No._11,_Variation_2.mid",190.588235294117,918,478,64.19607843137256,48.0,0.12438441811909949,127.0,17.07906976744186,0.004357298474945534,0.1655773420479303,0.0915032679738562,0.0784313725490196,0.25054466230936817,0.002178649237472767,0.05228758169934641,0.002178649237472767,0.06753812636165578,0.18082788671023964,0.002178649237472767,0.10239651416122005,2.005682819365953,0.005990988746018863,0.7477092125433201,1.9164926931106472,0.5201305767138193,0.6628799508750406,0.20738654547782046,0.36601270588271895,"new_midi_files\commons.wikimedia.org\Mozart\Piano_Sonata_No._11,_Variation_2.mid",53.75,3,2,1,0,0,8.141230621805374,64.0,0.0,0.0,0.09806735005648862,0.08333333333333393,0.05834242093784078,0.050618932587643,5,2.124370155038761,2,0,0,0,0,0,0,0,0,0,0,0,0,0,0,0
Mozart,"Piano_Sonata_No._11,_Variation_3.mid",241.88519637462477,940,426,67.6404255319149,56.0,0.14706061613475177,127.0,17.40740740740741,0.15531914893617021,0.010638297872340425,0.08936170212765958,0.029787234042553193,0.2936170212765957,0.04893617021276596,0.010638297872340425,0.00425531914893617,0.06170212765957447,0.17446808510638298,0.0,0.12127659574468085,1.969441216056694,0.0072889945173784014,0.8279072571131323,2.201405152224824,0.4527098831030818,0.5228807761676669,0.257051218251461,0.11276584468096383,"new_midi_files\commons.wikimedia.org\Mozart\Piano_Sonata_No._11,_Variation_3.mid",54.0,3,2,1,0,0,10.524766325287288,69.0,0.0,0.0,0.09432948018490574,0.125,0.05724174653887114,0.0653515586583823,6,2.559944058641975,2,0,0,0,0,0,0,0,0,0,0,0,0,0,0,0
Mozart,"Piano_Sonata_No._11,_Variation_4.mid",239.44055944055953,970,412,69.28865979381443,50.0,0.177319587628866,127.0,17.962962962962962,0.004123711340206186,0.177319587628866,0.09072164948453608,0.008247422680412371,0.24948453608247423,0.002061855670103093,0.032989690721649485,0.0,0.07628865979381444,0.22268041237113403,0.0,0.1360824742268041,1.8605342362022694,0.00780703463586873,0.7216187963105158,2.348668280871671,0.4243048403707518,0.5281970741354738,0.24659171930026727,0.2948450659796763,"new_midi_files\commons.wikimedia.org\Mozart\Piano_Sonata_No._11,_Variation_4.mid",54.0,3,2,1,0,0,10.662545258976568,69.0,0.0,0.0,0.08137292241847242,0.125,0.05546955624355005,0.0672156423135992,6,3.185185185185185,2,0,0,0,0,0,0,0,0,0,0,0,0,0,0,0
Mozart,"Piano_Sonata_No._11,_Variation_5.mid",238.87722847389063,1217,515,67.14215283483976,48.0,0.11572172007669132,127.0,22.537037037037038,0.012325390304026294,0.13557929334428923,0.10599835661462613,0.02875924404272802,0.2514379622021364,0.0016433853738701725,0.08216926869350863,0.009038619556285949,0.0657354149548069,0.1848808545603944,0.015612161051766639,0.10682004930156122,2.0654748385040307,0.005623053750014723,0.7149011054675612,2.358527131782946,0.42282430213464695,0.5294374993740737,0.1961225192724882,0.32785505423204525,"new_midi_files\commons.wikimedia.org\Mozart\Piano_Sonata_No._11,_Variation_5.mid",54.0,3,2,1,0,0,9.209352163068381,69.0,0.0,0.0,0.1268925563379825,0.0625,0.04420230263157895,0.04253094456943731,6,2.6080246913580254,2,0,0,0,0,0,0,0,0,0,0,0,0,0,0,0
Mozart,"Piano_Sonata_No._11,_Variation_6.mid",234.2550636458248,921,544,66.82193268186754,52.0,0.2262429876945349,127.0,10.525714285714285,0.008686210640608035,0.16395222584147665,0.11726384364820847,0.010857763300760043,0.21932681867535286,0.008686210640608035,0.07600434310532031,0.0,0.09229098805646037,0.16178067318132464,0.009771986970684038,0.13137893593919653,2.0344501339611263,0.005291170198092288,0.7781875970181698,1.689908256880734,0.5900216919739696,0.5398396023101029,0.254072737142977,0.352876954397747,"new_midi_files\commons.wikimedia.org\Mozart\Piano_Sonata_No._11,_Variation_6.mid",87.5,3,2,1,0,0,9.822131326755336,69.0,0.0,0.0,0.13444770668904882,0.125,0.09456521739130434,0.1009943464906485,8,2.3813690476190477,2,0,0,0,0,0,0,0,0,0,0,0,0,0,0,0
Mozart,Rondo_Alla_Turka.mid,235.12880562060877,2528,1253,68.59018987341773,43.0,0.23655063291139242,127.0,11.336322869955158,0.08306962025316456,0.10680379746835443,0.05933544303797468,0.021360759493670885,0.18670886075949367,0.027689873417721517,0.05102848101265823,0.01977848101265823,0.07634493670886076,0.24050632911392406,0.0015822784810126582,0.12579113924050633,2.1475114068611396,0.0047559197049306555,0.6269117996676219,2.0159489633173844,0.49545274812178725,0.5378420462772872,0.0929730350417591,0.25711999604456093,new_midi_files\commons.wikimedia.org\Mozart\Rondo_Alla_Turka.mid,223.0,2,1,1,0,0,10.926057517482713,69.0,0.0,0.0,0.12432407681357939,0.25,0.08804907004352988,0.10378965272314966,8,2.681614349775785,1,0,0,0,0,0,0,0,0,0,0,0,0,0,0,0
Mozart,"String_Quartet_No._14,_movement_2.mid",160.49535603715177,1261,580,65.5107057890563,52.0,0.5094129989426381,127.0,5.744874715261959,0.07692307692307693,0.05789056304520222,0.17763679619349723,0.045995241871530534,0.07057890563045202,0.02141157811260904,0.09357652656621729,0.168913560666138,0.014274385408406027,0.12212529738302934,0.063441712926249,0.08723235527359238,2.307487831032171,0.0024238677783360862,0.7937633792814873,2.17039586919105,0.4595879556259905,0.7864003220673654,0.12717540098031044,0.2751781546394505,"new_midi_files\commons.wikimedia.org\Mozart\String_Quartet_No._14,_movement_2.mid",219.5,5,4,2,0,0,9.852726206332187,67.0,0.0,0.0,0.46087556841094296,0.5,0.1738095238095238,0.23233432275138485,6,2.9265138572513285,0,0,0,0,0,4,0,0,0,0,0,0,0,0,0,0
Mozart,Mozart__Fantasy_No._3_in_D_minor.mid,187.2262773722628,1009,600,64.92765113974232,56.0,0.4624644862900562,59.45094152626363,4.706303056687085,0.0733399405351833,0.0505450941526263,0.1446977205153617,0.0386521308225966,0.1258671952428146,0.0961347869177403,0.041625371655104,0.0941526263627353,0.0426164519326065,0.1754212091179385,0.0683845391476709,0.0485629335976214,2.3589041173679988,0.0018614200529121,0.8624984602781025,1.6788685524126457,0.594059405940594,0.3158482564508518,0.1853725518537255,0.2418233458872587,new_midi_files\midisheetmusic.com\Mozart\Mozart__Fantasy_No._3_in_D_minor.mid,214.39333333333332,2,2,1,0,0,10.498181376942982,65.0,14.856626382804606,82.0,0.4305478368277212,0.3999999999999986,0.1936507936507936,0.2774343682246482,5,2.1764980254361124,2,0,0,0,0,0,0,0,0,0,0,0,0,0,0,0
Mozart,Mozart__Rondo_Alla_Turca.mid,196.6292134831456,1608,711,66.76741293532338,50.0,0.3059701492537313,58.944651741293534,10.468920392584517,0.0665422885572139,0.1281094527363184,0.0665422885572139,0.0186567164179104,0.1958955223880597,0.0205223880597014,0.0497512437810945,0.0192786069651741,0.0677860696517412,0.2531094527363184,0.0012437810945273,0.1125621890547263,2.1070730713603365,0.0054380615578822,0.7488683034576459,2.258426966292135,0.4418893722809198,0.2982587983953116,0.1222058505178033,0.2655469981345939,new_midi_files\midisheetmusic.com\Mozart\Mozart__Rondo_Alla_Turca.mid,153.5975,2,2,1,0,0,12.637921013202767,68.0,18.57146466368061,100.0,0.1949497424825367,0.2999999999999971,0.0944617299315494,0.1221328537867985,8,3.203177135044512,2,0,0,0,0,0,0,0,0,0,0,0,0,0,0,0
Mozart,Mozart__Sonata_K.545_in_C_major.mid,160.0,1344,992,68.13764880952381,53.0,0.3416666666666667,57.13541666666666,5.60007777885804,0.1488095238095238,0.0111607142857142,0.1532738095238095,0.0052083333333333,0.1339285714285714,0.0952380952380952,0.0260416666666666,0.175595238095238,0.0059523809523809,0.1145833333333333,0.0238095238095238,0.1063988095238095,2.148302657162461,0.0038355728576152,0.777837218456455,1.353474320241692,0.737546468401487,0.3548783643892339,0.1189591078066914,0.0721725468750721,new_midi_files\midisheetmusic.com\Mozart\Mozart__Sonata_K.545_in_C_major.mid,239.99666666666667,2,2,1,0,0,9.882551925851008,67.0,14.929480916014024,87.0,0.3041055059188485,0.2000000000000028,0.1727475800446761,0.1445696829261635,5,1.913359907776492,2,0,0,0,0,0,0,0,0,0,0,0,0,0,0,0
